usuario,hotel_recomendado,propiedad,hotel_consumido,degree_centrality,normalized_degree_centrality,betweenness_centrality,closeness_centrality,eigenvector_centrality,pagerank,harmonic_centrality,attribute_influence_score
3,104,has_name:French Market,,1,0.013157894736842105,0.0,0.3261802575107296,0.07386714559436681,0.006474083555920763,28.08333333333333,0.0
3,104,has_attribute:GoodForKids=True,,2,0.02631578947368421,0.05434945429527473,0.41530054644808745,0.14329682805005417,0.010471176837975063,34.75,0.5
3,104,"has_attribute:BusinessParking={garage: False, street: True, validated: False, lot: True, valet: False}",,1,0.013157894736842105,0.0,0.3261802575107296,0.07386714559436681,0.006474083555920763,28.08333333333333,0.0
3,104,has_attribute:BusinessAcceptsCreditCards=True,,3,0.039473684210526314,0.10027392456185023,0.4550898203592814,0.16606411522648207,0.014623100712217249,37.166666666666664,1.5
3,104,has_attribute:DogsAllowed=True,,1,0.013157894736842105,0.0,0.3261802575107296,0.07386714559436681,0.006474083555920763,28.08333333333333,0.0
3,104,has_attribute:RestaurantsPriceRange2=2,,2,0.02631578947368421,0.029713108528898004,0.3568075117370892,0.09663443277079467,0.010626007430162948,31.0,0.5
3,104,has_attribute:ByAppointmentOnly=False,,2,0.02631578947368421,0.05434945429527473,0.41530054644808745,0.14329682805005417,0.010471176837975063,34.75,0.5
3,104,has_attribute:Caters=False,,1,0.013157894736842105,0.0,0.3261802575107296,0.07386714559436681,0.006474083555920763,28.08333333333333,0.0
3,104,has_attribute:BikeParking=True,,1,0.013157894736842105,0.0,0.3261802575107296,0.07386714559436681,0.006474083555920763,28.08333333333333,0.0
3,104,has_attribute:RestaurantsTakeOut=True,,1,0.013157894736842105,0.0,0.3261802575107296,0.07386714559436681,0.006474083555920763,28.08333333333333,0.0
3,104,has_category:Gift Shops,,1,0.013157894736842105,0.0,0.3261802575107296,0.07386714559436681,0.006474083555920763,28.08333333333333,0.0
3,104,has_category:Farmers Market,,1,0.013157894736842105,0.0,0.3261802575107296,0.07386714559436681,0.006474083555920763,28.08333333333333,0.0
3,104,has_category:Fashion,,1,0.013157894736842105,0.0,0.3261802575107296,0.07386714559436681,0.006474083555920763,28.08333333333333,0.0
3,104,has_category:Flowers & Gifts,,1,0.013157894736842105,0.0,0.3261802575107296,0.07386714559436681,0.006474083555920763,28.08333333333333,0.0
3,104,has_category:Tours,,3,0.039473684210526314,0.06599422604685765,0.3781094527363184,0.13564331703589844,0.013767490080389591,32.916666666666664,1.5
3,104,has_category:Specialty Food,,1,0.013157894736842105,0.0,0.3261802575107296,0.07386714559436681,0.006474083555920763,28.08333333333333,0.0
3,104,has_category:Shopping Centers,,1,0.013157894736842105,0.0,0.3261802575107296,0.07386714559436681,0.006474083555920763,28.08333333333333,0.0
3,104,has_category:Arts & Crafts,,1,0.013157894736842105,0.0,0.3261802575107296,0.07386714559436681,0.006474083555920763,28.08333333333333,0.0
3,104,has_category:Art Supplies,,1,0.013157894736842105,0.0,0.3261802575107296,0.07386714559436681,0.006474083555920763,28.08333333333333,0.0
3,104,has_category:Used,,1,0.013157894736842105,0.0,0.3261802575107296,0.07386714559436681,0.006474083555920763,28.08333333333333,0.0
3,104,has_category:Public Markets,,1,0.013157894736842105,0.0,0.3261802575107296,0.07386714559436681,0.006474083555920763,28.08333333333333,0.0
3,104,has_category:Food,,1,0.013157894736842105,0.0,0.3261802575107296,0.07386714559436681,0.006474083555920763,28.08333333333333,0.0
3,104,has_category:Vintage & Consignment,,1,0.013157894736842105,0.0,0.3261802575107296,0.07386714559436681,0.006474083555920763,28.08333333333333,0.0
3,104,has_category:Flea Markets,,1,0.013157894736842105,0.0,0.3261802575107296,0.07386714559436681,0.006474083555920763,28.08333333333333,0.0
3,104,has_category:Fruits & Veggies,,1,0.013157894736842105,0.0,0.3261802575107296,0.07386714559436681,0.006474083555920763,28.08333333333333,0.0
3,104,has_category:Shopping,,1,0.013157894736842105,0.0,0.3261802575107296,0.07386714559436681,0.006474083555920763,28.08333333333333,0.0
3,104,"has_coordinates:(29.9590, -90.0602)",,1,0.013157894736842105,0.0,0.3261802575107296,0.07386714559436681,0.006474083555920763,28.08333333333333,0.0
3,104,has_rating:3.5 stars,,1,0.013157894736842105,0.0,0.3261802575107296,0.07386714559436681,0.006474083555920763,28.08333333333333,0.0
3,104,status:open,,5,0.06578947368421052,0.1987028867245584,0.5170068027210885,0.22784028666801365,0.02191650723668608,40.5,5.0
3,104,has_postal_code:70116,,1,0.013157894736842105,0.0,0.3261802575107296,0.07386714559436681,0.006474083555920763,28.08333333333333,0.0
3,104,located_in_city:New Orleans,,1,0.013157894736842105,0.0,0.3261802575107296,0.07386714559436681,0.006474083555920763,28.08333333333333,0.0
3,104,in_state:LA,,1,0.013157894736842105,0.0,0.3261802575107296,0.07386714559436681,0.006474083555920763,28.08333333333333,0.0
3,104,has_review_count:692 reviews,,1,0.013157894736842105,0.0,0.3261802575107296,0.07386714559436681,0.006474083555920763,28.08333333333333,0.0
3,1054,in_state:PA,,5,0.08771929824561403,0.14744435110976478,0.5229357798165137,0.2359373896382332,0.027677754308546066,31.0,5.0
3,1054,has_category:Event Planning & Services,,2,0.03508771929824561,0.01012421162797103,0.3220338983050847,0.06651229639167755,0.013002973262235306,21.25,0.5
3,1054,has_category:Wedding Planning,,1,0.017543859649122806,0.0,0.29533678756476683,0.03861136328968096,0.007704060545461371,18.833333333333332,0.0
3,1054,has_category:Venues & Event Spaces,,1,0.017543859649122806,0.0,0.29533678756476683,0.03861136328968096,0.007704060545461371,18.833333333333332,0.0
3,1054,has_attribute:WiFi=free,,3,0.05263157894736842,0.0671898885714675,0.4418604651162791,0.15493153057966622,0.018296877059891574,27.666666666666668,1.5
3,1054,has_attribute:RestaurantsPriceRange2=3,,1,0.017543859649122806,0.0,0.29533678756476683,0.03861136328968096,0.007704060545461371,18.833333333333332,0.0
3,1054,has_attribute:BusinessAcceptsCreditCards=True,,3,0.05263157894736842,0.0671898885714675,0.4418604651162791,0.15493153057966622,0.018296877059891574,27.666666666666668,1.5
3,1054,has_attribute:DogsAllowed=True,,1,0.017543859649122806,0.0,0.29533678756476683,0.03861136328968096,0.007704060545461371,18.833333333333332,0.0
3,1054,has_name:Kimpton Hotel Palomar Philadelphia,,1,0.017543859649122806,0.0,0.29533678756476683,0.03861136328968096,0.007704060545461371,18.833333333333332,0.0
3,1054,status:open,,5,0.08771929824561403,0.14744435110976478,0.5229357798165137,0.2359373896382332,0.027677754308546066,31.0,5.0
3,1054,has_review_count:444 reviews,,1,0.017543859649122806,0.0,0.29533678756476683,0.03861136328968096,0.007704060545461371,18.833333333333332,0.0
3,1054,located_in_city:Philadelphia,,4,0.07017543859649122,0.07406664624709736,0.456,0.20803645653623662,0.022378841591772135,28.583333333333332,3.0
3,1054,has_rating:4.0 stars,,2,0.03508771929824561,0.010511668782345471,0.32571428571428573,0.07897289317051955,0.01242373150236507,21.499999999999996,0.5
3,1054,"has_coordinates:(39.9508, -75.1686)",,1,0.017543859649122806,0.0,0.29533678756476683,0.03861136328968096,0.007704060545461371,18.833333333333332,0.0
3,1054,has_postal_code:19103,,1,0.017543859649122806,0.0,0.29533678756476683,0.03861136328968096,0.007704060545461371,18.833333333333332,0.0
3,1093,has_review_count:415 reviews,,1,0.016129032258064516,0.0,0.2995169082125604,0.027739842694102738,0.0077328684042149674,20.833333333333332,0.0
3,1093,has_name:Tucson International Airport - TUS,,1,0.016129032258064516,0.0,0.2995169082125604,0.027739842694102738,0.0077328684042149674,20.833333333333332,0.0
3,1093,has_category:Shopping,,1,0.016129032258064516,0.0,0.2995169082125604,0.027739842694102738,0.0077328684042149674,20.833333333333332,0.0
3,1093,has_category:Employment Agencies,,1,0.016129032258064516,0.0,0.2995169082125604,0.027739842694102738,0.0077328684042149674,20.833333333333332,0.0
3,1093,has_category:Airports,,1,0.016129032258064516,0.0,0.2995169082125604,0.027739842694102738,0.0077328684042149674,20.833333333333332,0.0
3,1093,has_category:Professional Services,,1,0.016129032258064516,0.0,0.2995169082125604,0.027739842694102738,0.0077328684042149674,20.833333333333332,0.0
3,1093,has_category:Shopping Centers,,1,0.016129032258064516,0.0,0.2995169082125604,0.027739842694102738,0.0077328684042149674,20.833333333333332,0.0
3,1093,has_attribute:BikeParking=True,,1,0.016129032258064516,0.0,0.2995169082125604,0.027739842694102738,0.0077328684042149674,20.833333333333332,0.0
3,1093,has_attribute:ByAppointmentOnly=False,,2,0.03225806451612903,0.058556452723871076,0.4,0.12302213692117075,0.012645948445887484,27.75,0.5
3,1093,"has_attribute:BusinessParking={garage: False, street: False, validated: False, lot: False, valet: False}",,1,0.016129032258064516,0.0,0.2995169082125604,0.027739842694102738,0.0077328684042149674,20.833333333333332,0.0
3,1093,has_attribute:RestaurantsPriceRange2=2,,2,0.03225806451612903,0.02328741826362133,0.3315508021390374,0.05438541391536277,0.01278274193040943,23.75,0.5
3,1093,has_attribute:WiFi=free,,3,0.04838709677419355,0.107003146754912,0.4460431654676259,0.14966770814243077,0.01769582197208195,30.166666666666668,1.5
3,1093,has_rating:4.0 stars,,2,0.03225806451612903,0.028276904803874642,0.33513513513513515,0.06890907699918464,0.01218215357028509,23.999999999999996,0.5
3,1093,located_in_city:Tucson,,1,0.016129032258064516,0.0,0.2995169082125604,0.027739842694102738,0.0077328684042149674,20.833333333333332,0.0
3,1093,"has_coordinates:(32.1203, -110.9373)",,1,0.016129032258064516,0.0,0.2995169082125604,0.027739842694102738,0.0077328684042149674,20.833333333333332,0.0
3,1093,has_postal_code:85706,,1,0.016129032258064516,0.0,0.2995169082125604,0.027739842694102738,0.0077328684042149674,20.833333333333332,0.0
3,1093,in_state:AZ,,1,0.016129032258064516,0.0,0.2995169082125604,0.027739842694102738,0.0077328684042149674,20.833333333333332,0.0
3,1093,status:open,,5,0.08064516129032258,0.22766414380095307,0.5210084033613446,0.23283880811746557,0.02651836531923267,33.5,5.0
3,1164,has_category:Tours,,3,0.05084745762711865,0.036713214583189054,0.3619631901840491,0.11960725029185082,0.016456482413098647,24.916666666666664,1.5
3,1164,has_category:Event Planning & Services,,2,0.03389830508474576,0.022649234730233114,0.34104046242774566,0.06774197198719051,0.012666806744233153,23.25,0.5
3,1164,has_category:Automotive,,1,0.01694915254237288,0.0,0.30569948186528495,0.0428813737450225,0.007510893616729534,20.333333333333332,0.0
3,1164,has_category:Venues & Event Spaces,,1,0.01694915254237288,0.0,0.30569948186528495,0.0428813737450225,0.007510893616729534,20.333333333333332,0.0
3,1164,has_category:Festivals,,1,0.01694915254237288,0.0,0.30569948186528495,0.0428813737450225,0.007510893616729534,20.333333333333332,0.0
3,1164,has_category:Arts & Entertainment,,2,0.03389830508474576,0.023915001426342182,0.4013605442176871,0.13168102365197068,0.012378110032553374,26.5,0.5
3,1164,has_category:Local Flavor,,2,0.03389830508474576,0.023915001426342182,0.4013605442176871,0.13168102365197068,0.012378110032553374,26.5,0.5
3,1164,has_category:Museums,,2,0.03389830508474576,0.023915001426342182,0.4013605442176871,0.13168102365197068,0.012378110032553374,26.5,0.5
3,1164,has_attribute:DogsAllowed=False,,1,0.01694915254237288,0.0,0.30569948186528495,0.0428813737450225,0.007510893616729534,20.333333333333332,0.0
3,1164,has_attribute:BusinessAcceptsCreditCards=True,,3,0.05084745762711865,0.0721555376130218,0.45038167938931295,0.1565416218941387,0.01753402316005699,28.916666666666668,1.5
3,1164,has_attribute:GoodForKids=True,,2,0.03389830508474576,0.023915001426342182,0.4013605442176871,0.13168102365197068,0.012378110032553374,26.5,0.5
3,1164,has_review_count:403 reviews,,1,0.01694915254237288,0.0,0.30569948186528495,0.0428813737450225,0.007510893616729534,20.333333333333332,0.0
3,1164,in_state:LA,,1,0.01694915254237288,0.0,0.30569948186528495,0.0428813737450225,0.007510893616729534,20.333333333333332,0.0
3,1164,has_postal_code:70130,,1,0.01694915254237288,0.0,0.30569948186528495,0.0428813737450225,0.007510893616729534,20.333333333333332,0.0
3,1164,located_in_city:New Orleans,,1,0.01694915254237288,0.0,0.30569948186528495,0.0428813737450225,0.007510893616729534,20.333333333333332,0.0
3,1164,has_name:Mardi Gras World-Riverfront,,1,0.01694915254237288,0.0,0.30569948186528495,0.0428813737450225,0.007510893616729534,20.333333333333332,0.0
3,1164,"has_coordinates:(29.9350, -90.0617)",,1,0.01694915254237288,0.0,0.30569948186528495,0.0428813737450225,0.007510893616729534,20.333333333333332,0.0
3,1164,status:open,,5,0.0847457627118644,0.15894721118396737,0.5221238938053098,0.233267498440967,0.026479611956426105,32.0,5.0
3,1164,has_rating:4.0 stars,,2,0.03389830508474576,0.015783951847811086,0.34104046242774566,0.08113030736434065,0.012019513021215641,23.249999999999996,0.5
3,1442,has_category:Airports,,1,0.01694915254237288,0.0,0.29949238578680204,0.03386239906720051,0.007767917207448878,19.833333333333332,0.0
3,1442,has_category:Transportation,,1,0.01694915254237288,0.0,0.29949238578680204,0.03386239906720051,0.007767917207448878,19.833333333333332,0.0
3,1442,located_in_city:Kenner,,1,0.01694915254237288,0.0,0.29949238578680204,0.03386239906720051,0.007767917207448878,19.833333333333332,0.0
3,1442,status:open,,5,0.0847457627118644,0.21496471332254358,0.5221238938053098,0.23305333430597971,0.02705784024757566,32.0,5.0
3,1442,has_postal_code:70062,,1,0.01694915254237288,0.0,0.29949238578680204,0.03386239906720051,0.007767917207448878,19.833333333333332,0.0
3,1442,has_attribute:RestaurantsDelivery=False,,2,0.03389830508474576,0.03051960702457485,0.3959731543624161,0.12767541794627754,0.012753715488701774,26.249999999999996,0.5
3,1442,"has_attribute:GoodForMeal={dessert: False, latenight: False, lunch: False, dinner: False, brunch: False, breakfast: False}",,1,0.01694915254237288,0.0,0.29949238578680204,0.03386239906720051,0.007767917207448878,19.833333333333332,0.0
3,1442,has_attribute:WiFi=free,,3,0.05084745762711865,0.06886949987475996,0.43703703703703706,0.15501735481981907,0.01783156433491996,28.416666666666668,1.5
3,1442,has_attribute:RestaurantsPriceRange2=2,,2,0.03389830508474576,0.014083706734203519,0.329608938547486,0.061204335940742025,0.012845766053667065,22.5,0.5
3,1442,has_attribute:ByAppointmentOnly=False,,2,0.03389830508474576,0.03051960702457485,0.3959731543624161,0.12767541794627754,0.012753715488701774,26.249999999999996,0.5
3,1442,has_attribute:RestaurantsTakeOut=True,,1,0.01694915254237288,0.0,0.29949238578680204,0.03386239906720051,0.007767917207448878,19.833333333333332,0.0
3,1442,has_attribute:OutdoorSeating=False,,2,0.03389830508474576,0.03051960702457485,0.3959731543624161,0.12767541794627754,0.012753715488701774,26.249999999999996,0.5
3,1442,has_name:Louis Armstrong New Orleans International Airport  MSY,,1,0.01694915254237288,0.0,0.29949238578680204,0.03386239906720051,0.007767917207448878,19.833333333333332,0.0
3,1442,has_rating:3.0 stars,,2,0.03389830508474576,0.014083706734203519,0.329608938547486,0.061204335940742025,0.012845766053667065,22.5,0.5
3,1442,"has_coordinates:(29.9959, -90.2552)",,1,0.01694915254237288,0.0,0.29949238578680204,0.03386239906720051,0.007767917207448878,19.833333333333332,0.0
3,1442,in_state:LA,,1,0.01694915254237288,0.0,0.29949238578680204,0.03386239906720051,0.007767917207448878,19.833333333333332,0.0
3,1442,has_review_count:1789 reviews,,1,0.01694915254237288,0.0,0.29949238578680204,0.03386239906720051,0.007767917207448878,19.833333333333332,0.0
3,1487,has_name:Ride The Ducks,,1,0.018518518518518517,0.0,0.28272251308900526,0.028273168153858965,0.008099112095290198,16.833333333333336,0.0
3,1487,status:closed,,1,0.018518518518518517,0.0,0.28272251308900526,0.028273168153858965,0.008099112095290198,16.833333333333336,0.0
3,1487,has_postal_code:19106,,4,0.07407407407407407,0.06564307243799163,0.4462809917355372,0.2079121691277634,0.02368289610608684,26.833333333333332,3.0
3,1487,has_category:Tours,,3,0.05555555555555555,0.016440826818185317,0.3312883435582822,0.1146217017998685,0.01808934993681907,21.166666666666668,1.5
3,1487,has_category:Local Flavor,,2,0.037037037037037035,0.023983294627023834,0.3829787234042553,0.12156363548175385,0.013692658264557967,23.499999999999996,0.5
3,1487,located_in_city:Philadelphia,,4,0.07407407407407407,0.06564307243799163,0.4462809917355372,0.2079121691277634,0.02368289610608684,26.833333333333332,3.0
3,1487,"has_coordinates:(39.9510, -75.1503)",,1,0.018518518518518517,0.0,0.28272251308900526,0.028273168153858965,0.008099112095290198,16.833333333333336,0.0
3,1487,has_review_count:83 reviews,,1,0.018518518518518517,0.0,0.28272251308900526,0.028273168153858965,0.008099112095290198,16.833333333333336,0.0
3,1487,in_state:PA,,5,0.09259259259259259,0.18725254457157284,0.5242718446601942,0.23158568443356464,0.029642198015699152,29.5,5.0
3,1487,has_rating:3.5 stars,,1,0.018518518518518517,0.0,0.28272251308900526,0.028273168153858965,0.008099112095290198,16.833333333333336,0.0
3,1608,has_postal_code:70094,,1,0.017857142857142856,0.0,0.28717948717948716,0.026784293256105467,0.008089577117195377,17.833333333333336,0.0
3,1608,has_category:Arts & Entertainment,,2,0.03571428571428571,0.029076160347957618,0.38620689655172413,0.12175508014168666,0.013477780137242532,24.5,0.5
3,1608,has_category:Tours,,3,0.05357142857142857,0.03217157661962856,0.3393939393939394,0.11087356153816308,0.01781037683419209,22.416666666666664,1.5
3,1608,has_category:Professional Sports Teams,,1,0.017857142857142856,0.0,0.28717948717948716,0.026784293256105467,0.008089577117195377,17.833333333333336,0.0
3,1608,"has_coordinates:(29.9001, -90.1523)",,1,0.017857142857142856,0.0,0.28717948717948716,0.026784293256105467,0.008089577117195377,17.833333333333336,0.0
3,1608,has_attribute:WiFi=free,,3,0.05357142857142857,0.08888400730995477,0.4409448818897638,0.14687061713343458,0.01917373681285404,27.166666666666668,1.5
3,1608,has_review_count:472 reviews,,1,0.017857142857142856,0.0,0.28717948717948716,0.026784293256105467,0.008089577117195377,17.833333333333336,0.0
3,1608,has_rating:4.5 stars,,3,0.05357142857142857,0.0478286760865563,0.40875912408759124,0.16506678868118024,0.018246944239742397,25.916666666666668,1.5
3,1608,located_in_city:Westwego,,1,0.017857142857142856,0.0,0.28717948717948716,0.026784293256105467,0.008089577117195377,17.833333333333332,0.0
3,1608,status:open,,5,0.08928571428571427,0.18352110702946892,0.5233644859813084,0.23095988541549217,0.028894536529850752,30.5,5.0
3,1608,has_name:Ultimate Swamp Adventures,,1,0.017857142857142856,0.0,0.28717948717948716,0.026784293256105467,0.008089577117195377,17.833333333333336,0.0
3,1608,in_state:LA,,1,0.017857142857142856,0.0,0.28717948717948716,0.026784293256105467,0.008089577117195377,17.833333333333336,0.0
3,163,has_category:Nightlife,,1,0.011904761904761904,0.0,0.34854771784232363,0.08277962174113036,0.0056677102282015925,33.08333333333333,0.0
3,163,has_category:Event Planning & Services,,2,0.023809523809523808,0.017714114788125117,0.37333333333333335,0.09916492196759795,0.009362417336385043,35.5,0.5
3,163,has_category:Gluten-Free,,1,0.011904761904761904,0.0,0.34854771784232363,0.08277962174113036,0.0056677102282015925,33.08333333333333,0.0
3,163,has_category:Bars,,1,0.011904761904761904,0.0,0.34854771784232363,0.08277962174113036,0.0056677102282015925,33.08333333333333,0.0
3,163,has_category:Beer,,1,0.011904761904761904,0.0,0.34854771784232363,0.08277962174113036,0.0056677102282015925,33.08333333333333,0.0
3,163,has_category:Restaurants,,2,0.023809523809523808,0.026160804348513155,0.4221105527638191,0.1236866848909314,0.009240749830741933,38.75,0.5
3,163,has_category:Food,,1,0.011904761904761904,0.0,0.34854771784232363,0.08277962174113036,0.0056677102282015925,33.08333333333333,0.0
3,163,has_category:Italian,,1,0.011904761904761904,0.0,0.34854771784232363,0.08277962174113036,0.0056677102282015925,33.08333333333333,0.0
3,163,has_category:Wine Bars,,1,0.011904761904761904,0.0,0.34854771784232363,0.08277962174113036,0.0056677102282015925,33.08333333333333,0.0
3,163,has_category:Wine & Spirits,,1,0.011904761904761904,0.0,0.34854771784232363,0.08277962174113036,0.0056677102282015925,33.08333333333333,0.0
3,163,has_attribute:HasTV=True,,1,0.011904761904761904,0.0,0.34854771784232363,0.08277962174113036,0.0056677102282015925,33.08333333333333,0.0
3,163,has_attribute:WiFi=free,,3,0.03571428571428571,0.05649036259545523,0.45901639344262296,0.14007198511739902,0.012935456938925382,41.166666666666664,1.5
3,163,has_attribute:RestaurantsReservations=True,,2,0.023809523809523808,0.026160804348513155,0.4221105527638191,0.1236866848909314,0.009240749830741933,38.75,0.5
3,163,has_attribute:RestaurantsPriceRange2=3,,1,0.011904761904761904,0.0,0.34854771784232363,0.08277962174113036,0.0056677102282015925,33.08333333333333,0.0
3,163,has_attribute:GoodForKids=False,,1,0.011904761904761904,0.0,0.34854771784232363,0.08277962174113036,0.0056677102282015925,33.08333333333333,0.0
3,163,has_attribute:OutdoorSeating=True,,1,0.011904761904761904,0.0,0.34854771784232363,0.08277962174113036,0.0056677102282015925,33.08333333333333,0.0
3,163,has_attribute:RestaurantsAttire=dressy,,1,0.011904761904761904,0.0,0.34854771784232363,0.08277962174113036,0.0056677102282015925,33.08333333333333,0.0
3,163,has_attribute:RestaurantsGoodForGroups=True,,1,0.011904761904761904,0.0,0.34854771784232363,0.08277962174113036,0.0056677102282015925,33.08333333333333,0.0
3,163,has_attribute:GoodForDancing=False,,1,0.011904761904761904,0.0,0.34854771784232363,0.08277962174113036,0.0056677102282015925,33.08333333333333,0.0
3,163,has_attribute:RestaurantsTakeOut=True,,1,0.011904761904761904,0.0,0.34854771784232363,0.08277962174113036,0.0056677102282015925,33.08333333333333,0.0
3,163,has_attribute:RestaurantsTableService=True,,1,0.011904761904761904,0.0,0.34854771784232363,0.08277962174113036,0.0056677102282015925,33.08333333333333,0.0
3,163,has_attribute:WheelchairAccessible=True,,1,0.011904761904761904,0.0,0.34854771784232363,0.08277962174113036,0.0056677102282015925,33.08333333333333,0.0
3,163,has_attribute:DriveThru=False,,1,0.011904761904761904,0.0,0.34854771784232363,0.08277962174113036,0.0056677102282015925,33.08333333333333,0.0
3,163,"has_attribute:Music={dj: False, background_music: False, no_music: False, jukebox: False, live: False, video: False, karaoke: False}",,1,0.011904761904761904,0.0,0.34854771784232363,0.08277962174113036,0.0056677102282015925,33.08333333333333,0.0
3,163,has_attribute:Alcohol=full_bar,,1,0.011904761904761904,0.0,0.34854771784232363,0.08277962174113036,0.0056677102282015925,33.08333333333333,0.0
3,163,has_attribute:Caters=False,,1,0.011904761904761904,0.0,0.34854771784232363,0.08277962174113036,0.0056677102282015925,33.08333333333333,0.0
3,163,has_attribute:BikeParking=False,,1,0.011904761904761904,0.0,0.34854771784232363,0.08277962174113036,0.0056677102282015925,33.08333333333333,0.0
3,163,has_attribute:CoatCheck=True,,1,0.011904761904761904,0.0,0.34854771784232363,0.08277962174113036,0.0056677102282015925,33.08333333333333,0.0
3,163,has_attribute:Smoking=no,,1,0.011904761904761904,0.0,0.34854771784232363,0.08277962174113036,0.0056677102282015925,33.08333333333333,0.0
3,163,has_attribute:BusinessAcceptsCreditCards=True,,3,0.03571428571428571,0.05649036259545523,0.45901639344262296,0.14007198511739902,0.012935456938925382,41.166666666666664,1.5
3,163,has_attribute:HappyHour=True,,1,0.011904761904761904,0.0,0.34854771784232363,0.08277962174113036,0.0056677102282015925,33.08333333333333,0.0
3,163,has_attribute:RestaurantsDelivery=True,,1,0.011904761904761904,0.0,0.34854771784232363,0.08277962174113036,0.0056677102282015925,33.08333333333333,0.0
3,163,"has_attribute:BusinessParking={garage: False, street: True, validated: False, lot: True, valet: False}",,1,0.011904761904761904,0.0,0.34854771784232363,0.08277962174113036,0.0056677102282015925,33.08333333333333,0.0
3,163,"has_attribute:Ambience={touristy: False, hipster: False, romantic: False, divey: False, intimate: True, trendy: False, upscale: False, classy: True, casual: False}",,1,0.011904761904761904,0.0,0.34854771784232363,0.08277962174113036,0.0056677102282015925,33.08333333333333,0.0
3,163,"has_attribute:BestNights={monday: True, tuesday: False, friday: True, wednesday: False, thursday: False, sunday: False, saturday: True}",,1,0.011904761904761904,0.0,0.34854771784232363,0.08277962174113036,0.0056677102282015925,33.08333333333333,0.0
3,163,"has_attribute:GoodForMeal={dessert: None, latenight: False, lunch: False, dinner: True, brunch: False, breakfast: False}",,1,0.011904761904761904,0.0,0.34854771784232363,0.08277962174113036,0.0056677102282015925,33.08333333333333,0.0
3,163,has_attribute:NoiseLevel=quiet,,1,0.011904761904761904,0.0,0.34854771784232363,0.08277962174113036,0.0056677102282015925,33.08333333333333,0.0
3,163,has_review_count:324 reviews,,1,0.011904761904761904,0.0,0.34854771784232363,0.08277962174113036,0.0056677102282015925,33.08333333333333,0.0
3,163,has_name:Panorama,,1,0.011904761904761904,0.0,0.34854771784232363,0.08277962174113036,0.0056677102282015925,33.08333333333333,0.0
3,163,has_rating:4.0 stars,,2,0.023809523809523808,0.013468920469021714,0.37333333333333335,0.1034008923709244,0.008938437912428949,35.5,0.5
3,163,status:open,,5,0.05952380952380952,0.10983949607215776,0.5153374233128835,0.18001588527242166,0.019419468995098162,44.5,5.0
3,163,"has_coordinates:(39.9502, -75.1423)",,1,0.011904761904761904,0.0,0.34854771784232363,0.08277962174113036,0.0056677102282015925,33.08333333333333,0.0
3,163,has_postal_code:19106,,4,0.047619047619047616,0.0645281407608025,0.4692737430167598,0.16363058504595404,0.015724761886914716,42.083333333333336,3.0
3,163,located_in_city:Philadelphia,,4,0.047619047619047616,0.0645281407608025,0.4692737430167598,0.16363058504595404,0.015724761886914716,42.083333333333336,3.0
3,163,in_state:PA,,5,0.05952380952380952,0.10983949607215776,0.5153374233128835,0.18001588527242166,0.019419468995098162,44.5,5.0
3,1693,has_attribute:RestaurantsAttire=dressy,,1,0.013513513513513514,0.0,0.3378995433789954,0.07668814580552588,0.006282866885244456,28.333333333333332,0.0
3,1693,"has_attribute:Ambience={romantic: False, intimate: False, touristy: False, hipster: False, divey: False, classy: True, trendy: False, upscale: False, casual: False}",,1,0.013513513513513514,0.0,0.3378995433789954,0.07668814580552588,0.006282866885244456,28.333333333333332,0.0
3,1693,has_attribute:RestaurantsTakeOut=True,,1,0.013513513513513514,0.0,0.3378995433789954,0.07668814580552588,0.006282866885244456,28.333333333333332,0.0
3,1693,"has_attribute:GoodForMeal={breakfast: False, brunch: True, lunch: None, dinner: True, latenight: False, dessert: None}",,1,0.013513513513513514,0.0,0.3378995433789954,0.07668814580552588,0.006282866885244456,28.333333333333332,0.0
3,1693,has_attribute:RestaurantsPriceRange2=3,,1,0.013513513513513514,0.0,0.3378995433789954,0.07668814580552588,0.006282866885244456,28.333333333333332,0.0
3,1693,has_attribute:BYOBCorkage=no,,1,0.013513513513513514,0.0,0.3378995433789954,0.07668814580552588,0.006282866885244456,28.333333333333332,0.0
3,1693,has_attribute:RestaurantsGoodForGroups=True,,1,0.013513513513513514,0.0,0.3378995433789954,0.07668814580552588,0.006282866885244456,28.333333333333332,0.0
3,1693,has_attribute:Alcohol=full_bar,,1,0.013513513513513514,0.0,0.3378995433789954,0.07668814580552588,0.006282866885244456,28.333333333333332,0.0
3,1693,has_attribute:BusinessAcceptsCreditCards=True,,3,0.04054054054054054,0.05798174253049348,0.4539877300613497,0.1562661280508475,0.014296919153683375,36.16666666666667,1.5
3,1693,has_attribute:WiFi=no,,1,0.013513513513513514,0.0,0.3378995433789954,0.07668814580552588,0.006282866885244456,28.333333333333332,0.0
3,1693,has_attribute:NoiseLevel=average,,1,0.013513513513513514,0.0,0.3378995433789954,0.07668814580552588,0.006282866885244456,28.333333333333332,0.0
3,1693,"has_attribute:BusinessParking={garage: False, street: False, validated: False, lot: True, valet: False}",,1,0.013513513513513514,0.0,0.3378995433789954,0.07668814580552588,0.006282866885244456,28.333333333333332,0.0
3,1693,has_attribute:OutdoorSeating=False,,2,0.02702702702702703,0.020206159227110075,0.4134078212290503,0.1371958249875384,0.010138834830782973,33.75,0.5
3,1693,has_attribute:RestaurantsDelivery=False,,2,0.02702702702702703,0.020206159227110075,0.4134078212290503,0.1371958249875384,0.010138834830782973,33.75,0.5
3,1693,has_attribute:RestaurantsTableService=True,,1,0.013513513513513514,0.0,0.3378995433789954,0.07668814580552588,0.006282866885244456,28.333333333333332,0.0
3,1693,has_attribute:Caters=True,,1,0.013513513513513514,0.0,0.3378995433789954,0.07668814580552588,0.006282866885244456,28.333333333333332,0.0
3,1693,has_attribute:GoodForKids=True,,2,0.02702702702702703,0.020206159227110075,0.4134078212290503,0.1371958249875384,0.010138834830782973,33.75,0.5
3,1693,has_attribute:BikeParking=True,,1,0.013513513513513514,0.0,0.3378995433789954,0.07668814580552588,0.006282866885244456,28.333333333333332,0.0
3,1693,has_attribute:RestaurantsReservations=True,,2,0.02702702702702703,0.020206159227110075,0.4134078212290503,0.1371958249875384,0.010138834830782973,33.75,0.5
3,1693,has_attribute:HasTV=False,,1,0.013513513513513514,0.0,0.3378995433789954,0.07668814580552588,0.006282866885244456,28.333333333333332,0.0
3,1693,status:open,,5,0.06756756756756757,0.14122286777403595,0.5174825174825175,0.2022708961009463,0.021520388345279234,39.5,5.0
3,1693,in_state:PA,,5,0.06756756756756757,0.14122286777403595,0.5174825174825175,0.2022708961009463,0.021520388345279234,39.5,5.0
3,1693,has_category:Event Planning & Services,,2,0.02702702702702703,0.02272526930061178,0.3681592039800995,0.09575844886883499,0.010440951208144858,31.0,0.5
3,1693,has_category:Restaurants,,2,0.02702702702702703,0.020206159227110075,0.4134078212290503,0.1371958249875384,0.010138834830782973,33.75,0.5
3,1693,has_category:American (New),,1,0.013513513513513514,0.0,0.3378995433789954,0.07668814580552588,0.006282866885244456,28.333333333333332,0.0
3,1693,has_category:Caterers,,1,0.013513513513513514,0.0,0.3378995433789954,0.07668814580552588,0.006282866885244456,28.333333333333332,0.0
3,1693,has_category:American (Traditional),,1,0.013513513513513514,0.0,0.3378995433789954,0.07668814580552588,0.006282866885244456,28.333333333333332,0.0
3,1693,has_category:Breakfast & Brunch,,2,0.02702702702702703,0.020206159227110075,0.4134078212290503,0.1371958249875384,0.010138834830782973,33.75,0.5
3,1693,has_category:Bed & Breakfast,,1,0.013513513513513514,0.0,0.3378995433789954,0.07668814580552588,0.006282866885244456,28.333333333333332,0.0
3,1693,has_category:Venues & Event Spaces,,1,0.013513513513513514,0.0,0.3378995433789954,0.07668814580552588,0.006282866885244456,28.333333333333332,0.0
3,1693,"has_coordinates:(40.2020, -75.2560)",,1,0.013513513513513514,0.0,0.3378995433789954,0.07668814580552588,0.006282866885244456,28.333333333333332,0.0
3,1693,has_review_count:268 reviews,,1,0.013513513513513514,0.0,0.3378995433789954,0.07668814580552588,0.006282866885244456,28.333333333333332,0.0
3,1693,has_name:William Penn Inn,,1,0.013513513513513514,0.0,0.3378995433789954,0.07668814580552588,0.006282866885244456,28.333333333333332,0.0
3,1693,has_postal_code:19436,,1,0.013513513513513514,0.0,0.3378995433789954,0.07668814580552588,0.006282866885244456,28.333333333333332,0.0
3,1693,has_rating:4.0 stars,,2,0.02702702702702703,0.022740281644391232,0.37185929648241206,0.10016718243551244,0.00992927092637154,31.249999999999996,0.5
3,1693,located_in_city:Gwynedd,,1,0.013513513513513514,0.0,0.3378995433789954,0.07668814580552588,0.006282866885244456,28.333333333333332,0.0
3,1729,has_attribute:BusinessAcceptsCreditCards=True,,3,0.05084745762711865,0.08338043425195767,0.45038167938931295,0.15531544047192436,0.017629749736185668,28.916666666666668,1.5
3,1729,has_attribute:DogsAllowed=False,,1,0.01694915254237288,0.0,0.30569948186528495,0.04563550669903807,0.007453353019619131,20.333333333333332,0.0
3,1729,has_attribute:GoodForKids=True,,2,0.03389830508474576,0.019059662408924958,0.3959731543624161,0.13286036776349217,0.01230311171280896,26.25,0.5
3,1729,has_attribute:ByAppointmentOnly=False,,2,0.03389830508474576,0.019059662408924958,0.3959731543624161,0.13286036776349217,0.01230311171280896,26.25,0.5
3,1729,has_review_count:121 reviews,,1,0.01694915254237288,0.0,0.30569948186528495,0.04563550669903807,0.007453353019619131,20.333333333333332,0.0
3,1729,has_category:Historical Tours,,2,0.03389830508474576,0.014868819244915094,0.34104046242774566,0.08265230789216184,0.011953554481544153,23.249999999999996,0.5
3,1729,has_category:Tours,,3,0.05084745762711865,0.029297569434916022,0.3575757575757576,0.12113177124865053,0.016357287886073157,24.666666666666664,1.5
3,1729,has_category:Arts & Entertainment,,2,0.03389830508474576,0.019059662408924958,0.3959731543624161,0.13286036776349217,0.01230311171280896,26.25,0.5
3,1729,has_category:Museums,,2,0.03389830508474576,0.019059662408924958,0.3959731543624161,0.13286036776349217,0.01230311171280896,26.25,0.5
3,1729,has_category:Shopping,,1,0.01694915254237288,0.0,0.30569948186528495,0.04563550669903807,0.007453353019619131,20.333333333333332,0.0
3,1729,has_category:Souvenir Shops,,1,0.01694915254237288,0.0,0.30569948186528495,0.04563550669903807,0.007453353019619131,20.333333333333332,0.0
3,1729,has_category:Walking Tours,,1,0.01694915254237288,0.0,0.30569948186528495,0.04563550669903807,0.007453353019619131,20.333333333333332,0.0
3,1729,"has_coordinates:(39.9845, -86.0288)",,1,0.01694915254237288,0.0,0.30569948186528495,0.04563550669903807,0.007453353019619131,20.333333333333332,0.0
3,1729,status:open,,5,0.0847457627118644,0.16487135354455812,0.5221238938053098,0.23081170502153683,0.026533684602639704,32.0,5.0
3,1729,in_state:IN,,1,0.01694915254237288,0.0,0.30569948186528495,0.04563550669903807,0.007453353019619131,20.333333333333332,0.0
3,1729,has_rating:4.5 stars,,3,0.05084745762711865,0.038625439835602425,0.41843971631205673,0.17133983111998086,0.016706845117337964,27.666666666666668,1.5
3,1729,has_postal_code:46038,,1,0.01694915254237288,0.0,0.30569948186528495,0.04563550669903807,0.007453353019619131,20.333333333333332,0.0
3,1729,located_in_city:Fishers,,1,0.01694915254237288,0.0,0.30569948186528495,0.04563550669903807,0.007453353019619131,20.333333333333332,0.0
3,1729,has_name:Conner Prairie,,1,0.01694915254237288,0.0,0.30569948186528495,0.04563550669903807,0.007453353019619131,20.333333333333332,0.0
3,2085,has_category:Home & Garden,,1,0.012658227848101266,0.0,0.34497816593886466,0.0808376338772836,0.0059441133792224165,30.833333333333332,0.0
3,2085,has_category:Festivals,,1,0.012658227848101266,0.0,0.34497816593886466,0.0808376338772836,0.0059441133792224165,30.833333333333332,0.0
3,2085,has_category:Parks,,1,0.012658227848101266,0.0,0.34497816593886466,0.0808376338772836,0.0059441133792224165,30.833333333333332,0.0
3,2085,has_category:Museums,,2,0.02531645569620253,0.01752599303507395,0.41361256544502617,0.1331824219798933,0.009564045360178788,36.0,0.5
3,2085,has_category:Farmers Market,,1,0.012658227848101266,0.0,0.34497816593886466,0.0808376338772836,0.0059441133792224165,30.833333333333332,0.0
3,2085,has_category:Shopping,,1,0.012658227848101266,0.0,0.34497816593886466,0.0808376338772836,0.0059441133792224165,30.833333333333332,0.0
3,2085,has_category:Nurseries & Gardening,,1,0.012658227848101266,0.0,0.34497816593886466,0.0808376338772836,0.0059441133792224165,30.833333333333332,0.0
3,2085,has_category:Tours,,3,0.0379746835443038,0.05430261253046065,0.3969849246231156,0.11801308788357405,0.012782765749312414,35.41666666666667,1.5
3,2085,has_category:Antiques,,1,0.012658227848101266,0.0,0.34497816593886466,0.0808376338772836,0.0059441133792224165,30.833333333333332,0.0
3,2085,has_category:Active Life,,1,0.012658227848101266,0.0,0.34497816593886466,0.0808376338772836,0.0059441133792224165,30.833333333333332,0.0
3,2085,has_category:Arts & Entertainment,,2,0.02531645569620253,0.01752599303507395,0.41361256544502617,0.1331824219798933,0.009564045360178788,36.0,0.5
3,2085,has_category:Food,,1,0.012658227848101266,0.0,0.34497816593886466,0.0808376338772836,0.0059441133792224165,30.833333333333332,0.0
3,2085,has_category:Botanical Gardens,,1,0.012658227848101266,0.0,0.34497816593886466,0.0808376338772836,0.0059441133792224165,30.833333333333332,0.0
3,2085,has_attribute:GoodForKids=True,,2,0.02531645569620253,0.01752599303507395,0.41361256544502617,0.1331824219798933,0.009564045360178788,36.0,0.5
3,2085,"has_attribute:GoodForMeal={dessert: False, latenight: False, lunch: False, dinner: False, brunch: False, breakfast: False}",,1,0.012658227848101266,0.0,0.34497816593886466,0.0808376338772836,0.0059441133792224165,30.833333333333332,0.0
3,2085,has_attribute:ByAppointmentOnly=False,,2,0.02531645569620253,0.01752599303507395,0.41361256544502617,0.1331824219798933,0.009564045360178788,36.0,0.5
3,2085,has_attribute:OutdoorSeating=True,,1,0.012658227848101266,0.0,0.34497816593886466,0.0808376338772836,0.0059441133792224165,30.833333333333332,0.0
3,2085,"has_attribute:Ambience={romantic: False, intimate: False, touristy: False, hipster: False, divey: False, classy: False, trendy: False, upscale: False, casual: False}",,1,0.012658227848101266,0.0,0.34497816593886466,0.0808376338772836,0.0059441133792224165,30.833333333333332,0.0
3,2085,has_attribute:Caters=False,,1,0.012658227848101266,0.0,0.34497816593886466,0.0808376338772836,0.0059441133792224165,30.833333333333332,0.0
3,2085,has_attribute:RestaurantsPriceRange2=1,,1,0.012658227848101266,0.0,0.34497816593886466,0.0808376338772836,0.0059441133792224165,30.833333333333332,0.0
3,2085,"has_attribute:BusinessParking={garage: False, street: True, validated: False, lot: True, valet: False}",,1,0.012658227848101266,0.0,0.34497816593886466,0.0808376338772836,0.0059441133792224165,30.833333333333332,0.0
3,2085,has_attribute:DogsAllowed=False,,1,0.012658227848101266,0.0,0.34497816593886466,0.0808376338772836,0.0059441133792224165,30.833333333333332,0.0
3,2085,has_attribute:RestaurantsTableService=False,,1,0.012658227848101266,0.0,0.34497816593886466,0.0808376338772836,0.0059441133792224165,30.833333333333332,0.0
3,2085,has_attribute:HasTV=False,,1,0.012658227848101266,0.0,0.34497816593886466,0.0808376338772836,0.0059441133792224165,30.833333333333332,0.0
3,2085,has_attribute:RestaurantsAttire=casual,,1,0.012658227848101266,0.0,0.34497816593886466,0.0808376338772836,0.0059441133792224165,30.833333333333332,0.0
3,2085,has_attribute:BikeParking=True,,1,0.012658227848101266,0.0,0.34497816593886466,0.0808376338772836,0.0059441133792224165,30.833333333333332,0.0
3,2085,has_attribute:WiFi=free,,3,0.0379746835443038,0.06602859217058452,0.45664739884393063,0.1473416242822794,0.013561012682621373,38.666666666666664,1.5
3,2085,has_attribute:RestaurantsGoodForGroups=True,,1,0.012658227848101266,0.0,0.34497816593886466,0.0808376338772836,0.0059441133792224165,30.833333333333332,0.0
3,2085,has_attribute:RestaurantsTakeOut=False,,2,0.02531645569620253,0.01752599303507395,0.41361256544502617,0.1331824219798933,0.009564045360178788,36.0,0.5
3,2085,has_attribute:BusinessAcceptsCreditCards=True,,3,0.0379746835443038,0.06602859217058452,0.45664739884393063,0.1473416242822794,0.013561012682621373,38.666666666666664,1.5
3,2085,has_attribute:RestaurantsDelivery=False,,2,0.02531645569620253,0.01752599303507395,0.41361256544502617,0.1331824219798933,0.009564045360178788,36.0,0.5
3,2085,has_attribute:NoiseLevel=average,,1,0.012658227848101266,0.0,0.34497816593886466,0.0808376338772836,0.0059441133792224165,30.833333333333332,0.0
3,2085,has_attribute:RestaurantsReservations=False,,1,0.012658227848101266,0.0,0.34497816593886466,0.0808376338772836,0.0059441133792224165,30.833333333333332,0.0
3,2085,in_state:MO,,1,0.012658227848101266,0.0,0.34497816593886466,0.0808376338772836,0.0059441133792224165,30.833333333333332,0.0
3,2085,has_review_count:468 reviews,,1,0.012658227848101266,0.0,0.34497816593886466,0.0808376338772836,0.0059441133792224165,30.833333333333332,0.0
3,2085,status:open,,5,0.06329113924050633,0.15013391590166508,0.5163398692810458,0.18451707828856986,0.02039966505271137,42.0,5.0
3,2085,"has_coordinates:(38.6161, -90.2581)",,1,0.012658227848101266,0.0,0.34497816593886466,0.0808376338772836,0.0059441133792224165,30.833333333333332,0.0
3,2085,has_rating:4.5 stars,,3,0.0379746835443038,0.03896846340434674,0.43169398907103823,0.15305293559312513,0.012918339401107794,37.416666666666664,1.5
3,2085,has_postal_code:63110,,1,0.012658227848101266,0.0,0.34497816593886466,0.0808376338772836,0.0059441133792224165,30.833333333333332,0.0
3,2085,has_name:Missouri Botanical Garden,,1,0.012658227848101266,0.0,0.34497816593886466,0.0808376338772836,0.0059441133792224165,30.833333333333332,0.0
3,2085,located_in_city:Saint Louis,,1,0.012658227848101266,0.0,0.34497816593886466,0.0808376338772836,0.0059441133792224165,30.833333333333332,0.0
3,2101,has_attribute:ByAppointmentOnly=False,,2,0.03508771929824561,0.01427771644720267,0.3931034482758621,0.13316103255671127,0.012422481934138842,25.249999999999996,0.5
3,2101,has_attribute:GoodForKids=True,,2,0.03508771929824561,0.01427771644720267,0.3931034482758621,0.13316103255671127,0.012422481934138842,25.249999999999996,0.5
3,2101,has_attribute:WiFi=free,,3,0.05263157894736842,0.07775208523955393,0.44881889763779526,0.15510199398020658,0.01789279627754153,27.916666666666668,1.5
3,2101,has_attribute:DogsAllowed=False,,1,0.017543859649122806,0.0,0.3048128342245989,0.046220472324012135,0.0075168136562376,19.583333333333332,0.0
3,2101,has_name:Indianapolis Motor Speedway Museum,,1,0.017543859649122806,0.0,0.3048128342245989,0.046220472324012135,0.0075168136562376,19.583333333333332,0.0
3,2101,status:open,,5,0.08771929824561403,0.1602246846372787,0.5229357798165137,0.2287970266122248,0.026996221261761353,31.0,5.0
3,2101,has_rating:4.5 stars,,3,0.05263157894736842,0.03305452785402661,0.41605839416058393,0.17073918025794904,0.016923602959779026,26.666666666666668,1.5
3,2101,has_category:Tours,,3,0.05263157894736842,0.027014822409559245,0.3584905660377358,0.11991550495603039,0.016620238640457422,23.916666666666668,1.5
3,2101,has_category:Museums,,2,0.03508771929824561,0.01427771644720267,0.3931034482758621,0.13316103255671127,0.012422481934138842,25.249999999999996,0.5
3,2101,has_category:Race Tracks,,1,0.017543859649122806,0.0,0.3048128342245989,0.046220472324012135,0.0075168136562376,19.583333333333332,0.0
3,2101,has_category:Local Flavor,,2,0.03508771929824561,0.01427771644720267,0.3931034482758621,0.13316103255671127,0.012422481934138842,25.249999999999996,0.5
3,2101,has_category:Historical Tours,,2,0.03508771929824561,0.013583177821899625,0.3413173652694611,0.0823373572547926,0.01211911761481724,22.5,0.5
3,2101,has_category:Arts & Entertainment,,2,0.03508771929824561,0.01427771644720267,0.3931034482758621,0.13316103255671127,0.012422481934138842,25.249999999999996,0.5
3,2101,"has_coordinates:(39.7903, -86.2337)",,1,0.017543859649122806,0.0,0.3048128342245989,0.046220472324012135,0.0075168136562376,19.583333333333332,0.0
3,2101,in_state:IN,,1,0.017543859649122806,0.0,0.3048128342245989,0.046220472324012135,0.0075168136562376,19.583333333333332,0.0
3,2101,has_postal_code:46222,,1,0.017543859649122806,0.0,0.3048128342245989,0.046220472324012135,0.0075168136562376,19.583333333333332,0.0
3,2101,has_review_count:91 reviews,,1,0.017543859649122806,0.0,0.3048128342245989,0.046220472324012135,0.0075168136562376,19.583333333333332,0.0
3,2101,located_in_city:Indianapolis,,1,0.017543859649122806,0.0,0.3048128342245989,0.046220472324012135,0.0075168136562376,19.583333333333332,0.0
3,2109,has_review_count:430 reviews,,1,0.01639344262295082,0.0,0.2946859903381642,0.024699798382573333,0.007931870873661373,20.083333333333332,0.0
3,2109,has_name:Hyatt Regency St. Louis at the Arch,,1,0.01639344262295082,0.0,0.2946859903381642,0.024699798382573333,0.007931870873661373,20.083333333333332,0.0
3,2109,"has_coordinates:(38.6262, -90.1878)",,1,0.01639344262295082,0.0,0.2946859903381642,0.024699798382573333,0.007931870873661373,20.083333333333332,0.0
3,2109,has_postal_code:63102,,1,0.01639344262295082,0.0,0.2946859903381642,0.024699798382573333,0.007931870873661373,20.083333333333332,0.0
3,2109,in_state:MO,,1,0.01639344262295082,0.0,0.2946859903381642,0.024699798382573333,0.007931870873661373,20.083333333333332,0.0
3,2109,has_attribute:BusinessAcceptsBitcoin=False,,1,0.01639344262295082,0.0,0.2946859903381642,0.024699798382573333,0.007931870873661373,20.083333333333332,0.0
3,2109,has_attribute:WiFi=free,,3,0.04918032786885246,0.09894456787899407,0.43884892086330934,0.14858911915354198,0.01811273196014948,29.416666666666668,1.5
3,2109,has_attribute:WheelchairAccessible=True,,1,0.01639344262295082,0.0,0.2946859903381642,0.024699798382573333,0.007931870873661373,20.083333333333332,0.0
3,2109,has_attribute:RestaurantsPriceRange2=3,,1,0.01639344262295082,0.0,0.2946859903381642,0.024699798382573333,0.007931870873661373,20.083333333333332,0.0
3,2109,has_attribute:BusinessAcceptsCreditCards=True,,3,0.04918032786885246,0.09894456787899407,0.43884892086330934,0.14858911915354198,0.01811273196014948,29.416666666666668,1.5
3,2109,has_attribute:DogsAllowed=True,,1,0.01639344262295082,0.0,0.2946859903381642,0.024699798382573333,0.007931870873661373,20.083333333333332,0.0
3,2109,has_category:Event Planning & Services,,2,0.03278688524590164,0.014996964177292056,0.32275132275132273,0.05231834823664711,0.01305804930529466,22.75,0.5
3,2109,has_category:Venues & Event Spaces,,1,0.01639344262295082,0.0,0.2946859903381642,0.024699798382573333,0.007931870873661373,20.083333333333332,0.0
3,2109,has_rating:3.5 stars,,1,0.01639344262295082,0.0,0.2946859903381642,0.024699798382573333,0.007931870873661373,20.083333333333332,0.0
3,2109,status:open,,5,0.0819672131147541,0.25081617803792067,0.5213675213675214,0.23145588275775753,0.027223113300475416,33.0,5.0
3,2109,located_in_city:Saint Louis,,1,0.01639344262295082,0.0,0.2946859903381642,0.024699798382573333,0.007931870873661373,20.083333333333332,0.0
3,2290,has_name:Southwest Airlines,,1,0.017543859649122806,0.0,0.28078817733990147,0.009571082610819914,0.00891299373063803,17.583333333333336,0.0
3,2290,"has_coordinates:(39.7149, -86.2975)",,1,0.017543859649122806,0.0,0.28078817733990147,0.009571082610819914,0.00891299373063803,17.583333333333336,0.0
3,2290,has_category:Airlines,,1,0.017543859649122806,0.0,0.28078817733990147,0.009571082610819914,0.00891299373063803,17.583333333333336,0.0
3,2290,has_category:Transportation,,1,0.017543859649122806,0.0,0.28078817733990147,0.009571082610819914,0.00891299373063803,17.583333333333336,0.0
3,2290,located_in_city:Indianapolis,,1,0.017543859649122806,0.0,0.28078817733990147,0.009571082610819914,0.00891299373063803,17.583333333333336,0.0
3,2290,status:open,,5,0.08771929824561403,0.3383379242180658,0.5229357798165137,0.22123478976213518,0.02979979172496472,31.0,5.0
3,2290,in_state:IN,,1,0.017543859649122806,0.0,0.28078817733990147,0.009571082610819914,0.00891299373063803,17.583333333333336,0.0
3,2290,has_postal_code:46241,,1,0.017543859649122806,0.0,0.28078817733990147,0.009571082610819914,0.00891299373063803,17.583333333333336,0.0
3,2290,has_rating:3.0 stars,,2,0.03508771929824561,0.02744360902255639,0.3149171270718232,0.03540392223194706,0.014521738078375646,20.75,0.5
3,2290,has_review_count:45 reviews,,1,0.017543859649122806,0.0,0.28078817733990147,0.009571082610819914,0.00891299373063803,17.583333333333336,0.0
3,2344,in_state:TN,,1,0.01098901098901099,0.0,0.3540856031128405,0.0895829291297019,0.0054252672730591405,36.33333333333333,0.0
3,2344,has_category:Beauty & Spas,,1,0.01098901098901099,0.0,0.3540856031128405,0.0895829291297019,0.0054252672730591405,36.33333333333333,0.0
3,2344,has_category:American (New),,1,0.01098901098901099,0.0,0.3540856031128405,0.0895829291297019,0.0054252672730591405,36.33333333333333,0.0
3,2344,has_category:Museums,,2,0.02197802197802198,0.031058966929468978,0.4272300469483568,0.11983110151757559,0.008664868491464445,42.25,0.5
3,2344,has_category:Day Spas,,1,0.01098901098901099,0.0,0.3540856031128405,0.0895829291297019,0.0054252672730591405,36.33333333333333,0.0
3,2344,has_category:Resorts,,1,0.01098901098901099,0.0,0.3540856031128405,0.0895829291297019,0.0054252672730591405,36.33333333333333,0.0
3,2344,has_category:Performing Arts,,1,0.01098901098901099,0.0,0.3540856031128405,0.0895829291297019,0.0054252672730591405,36.33333333333333,0.0
3,2344,has_category:Venues & Event Spaces,,1,0.01098901098901099,0.0,0.3540856031128405,0.0895829291297019,0.0054252672730591405,36.33333333333333,0.0
3,2344,has_category:Restaurants,,2,0.02197802197802198,0.031058966929468978,0.4272300469483568,0.11983110151757559,0.008664868491464445,42.25,0.5
3,2344,has_category:Event Planning & Services,,2,0.02197802197802198,0.021206784668323132,0.3807531380753138,0.10179622398443487,0.008802346905375884,39.0,0.5
3,2344,has_category:Convenience Stores,,1,0.01098901098901099,0.0,0.3540856031128405,0.0895829291297019,0.0054252672730591405,36.33333333333333,0.0
3,2344,has_category:Cinema,,1,0.01098901098901099,0.0,0.3540856031128405,0.0895829291297019,0.0054252672730591405,36.33333333333333,0.0
3,2344,has_category:Arts & Entertainment,,2,0.02197802197802198,0.031058966929468978,0.4272300469483568,0.11983110151757559,0.008664868491464445,42.25,0.5
3,2344,has_category:Food,,1,0.01098901098901099,0.0,0.3540856031128405,0.0895829291297019,0.0054252672730591405,36.33333333333333,0.0
3,2344,has_attribute:GoodForKids=True,,2,0.02197802197802198,0.031058966929468978,0.4272300469483568,0.11983110151757559,0.008664868491464445,42.25,0.5
3,2344,has_attribute:BusinessAcceptsCreditCards=True,,3,0.03296703296703297,0.06169978939317441,0.457286432160804,0.1320443963723086,0.01204194812378119,44.416666666666664,1.5
3,2344,has_attribute:BYOBCorkage=no,,1,0.01098901098901099,0.0,0.3540856031128405,0.0895829291297019,0.0054252672730591405,36.33333333333333,0.0
3,2344,has_attribute:GoodForDancing=False,,1,0.01098901098901099,0.0,0.3540856031128405,0.0895829291297019,0.0054252672730591405,36.33333333333333,0.0
3,2344,has_attribute:CoatCheck=True,,1,0.01098901098901099,0.0,0.3540856031128405,0.0895829291297019,0.0054252672730591405,36.33333333333333,0.0
3,2344,has_attribute:RestaurantsTableService=True,,1,0.01098901098901099,0.0,0.3540856031128405,0.0895829291297019,0.0054252672730591405,36.33333333333333,0.0
3,2344,has_attribute:HasTV=True,,1,0.01098901098901099,0.0,0.3540856031128405,0.0895829291297019,0.0054252672730591405,36.33333333333333,0.0
3,2344,has_attribute:BYOB=True,,1,0.01098901098901099,0.0,0.3540856031128405,0.0895829291297019,0.0054252672730591405,36.33333333333333,0.0
3,2344,has_attribute:ByAppointmentOnly=True,,1,0.01098901098901099,0.0,0.3540856031128405,0.0895829291297019,0.0054252672730591405,36.33333333333333,0.0
3,2344,has_attribute:Alcohol=full_bar,,1,0.01098901098901099,0.0,0.3540856031128405,0.0895829291297019,0.0054252672730591405,36.33333333333333,0.0
3,2344,has_attribute:BusinessAcceptsBitcoin=False,,1,0.01098901098901099,0.0,0.3540856031128405,0.0895829291297019,0.0054252672730591405,36.33333333333333,0.0
3,2344,has_attribute:WiFi=paid,,1,0.01098901098901099,0.0,0.3540856031128405,0.0895829291297019,0.0054252672730591405,36.33333333333333,0.0
3,2344,has_attribute:HappyHour=True,,1,0.01098901098901099,0.0,0.3540856031128405,0.0895829291297019,0.0054252672730591405,36.33333333333333,0.0
3,2344,"has_attribute:Music={dj: True, background_music: True, no_music: False, jukebox: False, live: True, video: False, karaoke: True}",,1,0.01098901098901099,0.0,0.3540856031128405,0.0895829291297019,0.0054252672730591405,36.33333333333333,0.0
3,2344,has_attribute:RestaurantsPriceRange2=3,,1,0.01098901098901099,0.0,0.3540856031128405,0.0895829291297019,0.0054252672730591405,36.33333333333333,0.0
3,2344,"has_attribute:Ambience={romantic: False, intimate: False, touristy: True, hipster: False, divey: False, classy: False, trendy: False, upscale: False, casual: False}",,1,0.01098901098901099,0.0,0.3540856031128405,0.0895829291297019,0.0054252672730591405,36.33333333333333,0.0
3,2344,has_attribute:RestaurantsGoodForGroups=True,,1,0.01098901098901099,0.0,0.3540856031128405,0.0895829291297019,0.0054252672730591405,36.33333333333333,0.0
3,2344,"has_attribute:BestNights={monday: False, tuesday: False, friday: True, wednesday: False, thursday: False, sunday: True, saturday: True}",,1,0.01098901098901099,0.0,0.3540856031128405,0.0895829291297019,0.0054252672730591405,36.33333333333333,0.0
3,2344,has_attribute:RestaurantsReservations=True,,2,0.02197802197802198,0.031058966929468978,0.4272300469483568,0.11983110151757559,0.008664868491464445,42.25,0.5
3,2344,has_attribute:DogsAllowed=False,,1,0.01098901098901099,0.0,0.3540856031128405,0.0895829291297019,0.0054252672730591405,36.33333333333333,0.0
3,2344,has_attribute:RestaurantsAttire=casual,,1,0.01098901098901099,0.0,0.3540856031128405,0.0895829291297019,0.0054252672730591405,36.33333333333333,0.0
3,2344,has_attribute:RestaurantsDelivery=True,,1,0.01098901098901099,0.0,0.3540856031128405,0.0895829291297019,0.0054252672730591405,36.33333333333333,0.0
3,2344,has_attribute:OutdoorSeating=True,,1,0.01098901098901099,0.0,0.3540856031128405,0.0895829291297019,0.0054252672730591405,36.33333333333333,0.0
3,2344,"has_attribute:BusinessParking={garage: False, street: False, validated: False, lot: True, valet: False}",,1,0.01098901098901099,0.0,0.3540856031128405,0.0895829291297019,0.0054252672730591405,36.33333333333333,0.0
3,2344,has_attribute:NoiseLevel=very_loud,,1,0.01098901098901099,0.0,0.3540856031128405,0.0895829291297019,0.0054252672730591405,36.33333333333333,0.0
3,2344,has_attribute:RestaurantsTakeOut=True,,1,0.01098901098901099,0.0,0.3540856031128405,0.0895829291297019,0.0054252672730591405,36.33333333333333,0.0
3,2344,"has_attribute:GoodForMeal={dessert: False, latenight: True, lunch: True, dinner: True, brunch: False, breakfast: False}",,1,0.01098901098901099,0.0,0.3540856031128405,0.0895829291297019,0.0054252672730591405,36.33333333333333,0.0
3,2344,has_attribute:WheelchairAccessible=True,,1,0.01098901098901099,0.0,0.3540856031128405,0.0895829291297019,0.0054252672730591405,36.33333333333333,0.0
3,2344,has_attribute:Caters=True,,1,0.01098901098901099,0.0,0.3540856031128405,0.0895829291297019,0.0054252672730591405,36.33333333333333,0.0
3,2344,has_attribute:Smoking=outdoor,,1,0.01098901098901099,0.0,0.3540856031128405,0.0895829291297019,0.0054252672730591405,36.33333333333333,0.0
3,2344,has_name:Gaylord Opryland Resort & Convention Center,,1,0.01098901098901099,0.0,0.3540856031128405,0.0895829291297019,0.0054252672730591405,36.33333333333333,0.0
3,2344,has_rating:3.0 stars,,2,0.02197802197802198,0.021206784668323132,0.3807531380753138,0.10179622398443487,0.008802346905375884,39.0,0.5
3,2344,"has_coordinates:(36.2116, -86.6943)",,1,0.01098901098901099,0.0,0.3540856031128405,0.0895829291297019,0.0054252672730591405,36.33333333333333,0.0
3,2344,has_postal_code:37214,,1,0.01098901098901099,0.0,0.3540856031128405,0.0895829291297019,0.0054252672730591405,36.33333333333333,0.0
3,2344,located_in_city:Nashville,,1,0.01098901098901099,0.0,0.3540856031128405,0.0895829291297019,0.0054252672730591405,36.33333333333333,0.0
3,2344,status:open,,5,0.05494505494505495,0.21749698377988572,0.5141242937853108,0.14948851182976314,0.018080663706868717,48.0,5.0
3,2344,has_review_count:1639 reviews,,1,0.01098901098901099,0.0,0.3540856031128405,0.0895829291297019,0.0054252672730591405,36.33333333333333,0.0
3,25,status:open,,5,0.08771929824561403,0.1931025524880687,0.5229357798165137,0.23315523153245946,0.028109229757036107,31.0,5.0
3,25,located_in_city:New Orleans,,1,0.017543859649122806,0.0,0.2923076923076923,0.03670405119720172,0.007746790686832551,18.583333333333332,0.0
3,25,has_postal_code:70116,,1,0.017543859649122806,0.0,0.2923076923076923,0.03670405119720172,0.007746790686832551,18.583333333333332,0.0
3,25,has_category:Religious Organizations,,1,0.017543859649122806,0.0,0.2923076923076923,0.03670405119720172,0.007746790686832551,18.583333333333332,0.0
3,25,has_category:Public Services & Government,,4,0.07017543859649122,0.0661558724684891,0.44881889763779526,0.21078488887753008,0.022463188136708473,28.333333333333332,3.0
3,25,has_category:Tours,,3,0.05263157894736842,0.018508280505184535,0.33727810650887574,0.12127951866254469,0.017180634715313895,22.666666666666664,1.5
3,25,has_category:Churches,,1,0.017543859649122806,0.0,0.2923076923076923,0.03670405119720172,0.007746790686832551,18.583333333333332,0.0
3,25,has_category:Landmarks & Historical Buildings,,4,0.07017543859649122,0.0661558724684891,0.44881889763779526,0.21078488887753008,0.022463188136708473,28.333333333333332,3.0
3,25,"has_coordinates:(29.9580, -90.0637)",,1,0.017543859649122806,0.0,0.2923076923076923,0.03670405119720172,0.007746790686832551,18.583333333333332,0.0
3,25,has_review_count:201 reviews,,1,0.017543859649122806,0.0,0.2923076923076923,0.03670405119720172,0.007746790686832551,18.583333333333332,0.0
3,25,has_rating:4.5 stars,,3,0.05263157894736842,0.03939169870846889,0.41007194244604317,0.1697801088508043,0.01765425639550398,26.416666666666668,1.5
3,25,in_state:LA,,1,0.017543859649122806,0.0,0.2923076923076923,0.03670405119720172,0.007746790686832551,18.583333333333332,0.0
3,25,has_name:Cathedral-Basilica of St. Louis King of France,,1,0.017543859649122806,0.0,0.2923076923076923,0.03670405119720172,0.007746790686832551,18.583333333333332,0.0
3,25,has_attribute:ByAppointmentOnly=False,,2,0.03508771929824561,0.025205655615920402,0.3877551020408163,0.12620942141218713,0.013029344108227127,25.0,0.5
3,2557,has_review_count:947 reviews,,1,0.016666666666666666,0.0,0.2926829268292683,0.022881656749030407,0.008047031846650649,19.583333333333332,0.0
3,2557,in_state:IN,,1,0.016666666666666666,0.0,0.2926829268292683,0.022881656749030407,0.008047031846650649,19.583333333333332,0.0
3,2557,located_in_city:Indianapolis,,1,0.016666666666666666,0.0,0.2926829268292683,0.022881656749030407,0.008047031846650649,19.583333333333332,0.0
3,2557,has_category:Transportation,,1,0.016666666666666666,0.0,0.2926829268292683,0.022881656749030407,0.008047031846650649,19.583333333333332,0.0
3,2557,has_category:Airports,,1,0.016666666666666666,0.0,0.2926829268292683,0.022881656749030407,0.008047031846650649,19.583333333333332,0.0
3,2557,has_category:Airlines,,1,0.016666666666666666,0.0,0.2926829268292683,0.022881656749030407,0.008047031846650649,19.583333333333332,0.0
3,2557,has_category:Car Rental,,1,0.016666666666666666,0.0,0.2926829268292683,0.022881656749030407,0.008047031846650649,19.583333333333332,0.0
3,2557,has_attribute:ByAppointmentOnly=False,,2,0.03333333333333333,0.0526253433431898,0.39215686274509803,0.11966697631898782,0.013141029593406866,26.499999999999996,0.5
3,2557,has_attribute:WiFi=free,,3,0.05,0.11588914169173385,0.4444444444444444,0.14533268109091288,0.018513212768174487,29.166666666666668,1.5
3,2557,"has_attribute:BusinessParking={garage: False, street: False, validated: False, lot: False, valet: False}",,1,0.016666666666666666,0.0,0.2926829268292683,0.022881656749030407,0.008047031846650649,19.583333333333332,0.0
3,2557,status:open,,5,0.08333333333333333,0.23470582960114367,0.5217391304347826,0.22968735851452013,0.027662579362790877,32.5,5.0
3,2557,has_postal_code:46241,,1,0.016666666666666666,0.0,0.2926829268292683,0.022881656749030407,0.008047031846650649,19.583333333333332,0.0
3,2557,has_name:Indianapolis International Airport - IND,,1,0.016666666666666666,0.0,0.2926829268292683,0.022881656749030407,0.008047031846650649,19.583333333333332,0.0
3,2557,"has_coordinates:(39.7149, -86.2975)",,1,0.016666666666666666,0.0,0.2926829268292683,0.022881656749030407,0.008047031846650649,19.583333333333332,0.0
3,2557,has_rating:4.0 stars,,2,0.03333333333333333,0.02527542372881356,0.32786885245901637,0.06454630451761463,0.012661528137392807,22.749999999999996,0.5
3,2617,has_postal_code:37203,,1,0.017857142857142856,0.0,0.29015544041450775,0.024462478720343375,0.008043011090686319,18.083333333333336,0.0
3,2617,has_category:Event Planning & Services,,2,0.03571428571428571,0.008394332939787488,0.3163841807909605,0.05288372507687767,0.013336147626380225,20.5,0.5
3,2617,has_attribute:BusinessAcceptsCreditCards=True,,3,0.05357142857142857,0.083922307214897,0.4409448818897638,0.1485057354002703,0.01875527017118472,27.166666666666668,1.5
3,2617,has_attribute:WiFi=free,,3,0.05357142857142857,0.083922307214897,0.4409448818897638,0.1485057354002703,0.01875527017118472,27.166666666666668,1.5
3,2617,has_attribute:RestaurantsPriceRange2=2,,2,0.03571428571428571,0.008394332939787488,0.3163841807909605,0.05288372507687767,0.013336147626380225,20.5,0.5
3,2617,has_attribute:DogsAllowed=True,,1,0.017857142857142856,0.0,0.29015544041450775,0.024462478720343375,0.008043011090686319,18.083333333333336,0.0
3,2617,located_in_city:Nashville,,1,0.017857142857142856,0.0,0.29015544041450775,0.024462478720343375,0.008043011090686319,18.083333333333336,0.0
3,2617,"has_name:Union Station Hotel Nashville, Autograph Collection",,1,0.017857142857142856,0.0,0.29015544041450775,0.024462478720343375,0.008043011090686319,18.083333333333336,0.0
3,2617,has_rating:4.0 stars,,2,0.03571428571428571,0.02154832180806207,0.32748538011695905,0.06571171683671072,0.012900013559595986,21.249999999999996,0.5
3,2617,in_state:TN,,1,0.017857142857142856,0.0,0.29015544041450775,0.024462478720343375,0.008043011090686319,18.083333333333336,0.0
3,2617,has_review_count:243 reviews,,1,0.017857142857142856,0.0,0.29015544041450775,0.024462478720343375,0.008043011090686319,18.083333333333332,0.0
3,2617,"has_coordinates:(36.1573, -86.7849)",,1,0.017857142857142856,0.0,0.29015544041450775,0.024462478720343375,0.008043011090686319,18.083333333333336,0.0
3,2617,status:open,,5,0.08928571428571427,0.19689655688509788,0.5233644859813084,0.23194971568537764,0.028404259734198124,30.5,5.0
3,2963,has_category:Public Services & Government,,4,0.07017543859649122,0.0468509770528545,0.456,0.20112970484201415,0.02092470851476462,28.583333333333332,3.0
3,2963,has_category:Observatories,,1,0.017543859649122806,0.0,0.3149171270718232,0.05634881177092916,0.00721987429279297,20.333333333333332,0.0
3,2963,has_category:Venues & Event Spaces,,1,0.017543859649122806,0.0,0.3149171270718232,0.05634881177092916,0.00721987429279297,20.333333333333332,0.0
3,2963,has_category:Local Flavor,,2,0.03508771929824561,0.011744922830385744,0.3986013986013986,0.13148820320361754,0.012062594476058548,25.5,0.5
3,2963,has_category:Landmarks & Historical Buildings,,4,0.07017543859649122,0.0468509770528545,0.456,0.20112970484201415,0.02092470851476462,28.583333333333332,3.0
3,2963,has_category:Event Planning & Services,,2,0.03508771929824561,0.016725146198830403,0.3496932515337423,0.07803517649546955,0.012356805352627296,23.0,0.5
3,2963,has_category:Tours,,3,0.05263157894736842,0.016576268019423322,0.3630573248407643,0.12599031340932576,0.01608198833149904,24.166666666666664,1.5
3,2963,has_category:Arts & Entertainment,,2,0.03508771929824561,0.011744922830385744,0.3986013986013986,0.13148820320361754,0.012062594476058548,25.5,0.5
3,2963,has_review_count:160 reviews,,1,0.017543859649122806,0.0,0.3149171270718232,0.05634881177092916,0.00721987429279297,20.333333333333332,0.0
3,2963,in_state:PA,,5,0.08771929824561403,0.12048319491277532,0.5229357798165137,0.22281606956655453,0.026061639574598946,31.0,5.0
3,2963,has_attribute:WheelchairAccessible=True,,1,0.017543859649122806,0.0,0.3149171270718232,0.05634881177092916,0.00721987429279297,20.333333333333332,0.0
3,2963,has_attribute:ByAppointmentOnly=False,,2,0.03508771929824561,0.011744922830385744,0.3986013986013986,0.13148820320361754,0.012062594476058548,25.499999999999996,0.5
3,2963,has_attribute:GoodForKids=True,,2,0.03508771929824561,0.011744922830385744,0.3986013986013986,0.13148820320361754,0.012062594476058548,25.5,0.5
3,2963,has_attribute:BusinessAcceptsCreditCards=True,,3,0.05263157894736842,0.05450909928136538,0.44881889763779526,0.15317456792815792,0.017199525535892875,27.916666666666668,1.5
3,2963,has_attribute:WiFi=free,,3,0.05263157894736842,0.05450909928136538,0.44881889763779526,0.15317456792815792,0.017199525535892875,27.916666666666668,1.5
3,2963,located_in_city:Philadelphia,,4,0.07017543859649122,0.0468509770528545,0.456,0.20112970484201415,0.02092470851476462,28.583333333333332,3.0
3,2963,has_rating:4.0 stars,,2,0.03508771929824561,0.007098375042697057,0.3413173652694611,0.09137951734893428,0.011683651057922472,22.499999999999996,0.5
3,2963,has_postal_code:19103,,1,0.017543859649122806,0.0,0.3149171270718232,0.05634881177092916,0.00721987429279297,20.333333333333332,0.0
3,2963,status:closed,,1,0.017543859649122806,0.0,0.3149171270718232,0.05634881177092916,0.00721987429279297,20.333333333333332,0.0
3,2963,has_name:One Liberty Observation Deck,,1,0.017543859649122806,0.0,0.3149171270718232,0.05634881177092916,0.00721987429279297,20.333333333333332,0.0
3,2963,"has_coordinates:(39.9527, -75.1681)",,1,0.017543859649122806,0.0,0.3149171270718232,0.05634881177092916,0.00721987429279297,20.333333333333332,0.0
3,2972,status:open,,5,0.0847457627118644,0.1932487659908295,0.5221238938053098,0.23243027703347766,0.026795731397233437,32.0,5.0
3,2972,has_category:Seafood,,1,0.01694915254237288,0.0,0.30256410256410254,0.04452786949791533,0.0074681008735977186,20.083333333333332,0.0
3,2972,has_category:Public Services & Government,,4,0.06779661016949153,0.062222516605433285,0.45038167938931295,0.21146176767564775,0.021378964527622037,29.333333333333332,3.0
3,2972,has_category:Boat Tours,,1,0.01694915254237288,0.0,0.30256410256410254,0.04452786949791533,0.0074681008735977186,20.083333333333332,0.0
3,2972,has_category:Restaurants,,2,0.03389830508474576,0.023457182298362737,0.3959731543624161,0.1303568774118702,0.01242780995444351,26.249999999999996,0.5
3,2972,has_category:Landmarks & Historical Buildings,,4,0.06779661016949153,0.062222516605433285,0.45038167938931295,0.21146176767564775,0.021378964527622037,29.333333333333332,3.0
3,2972,has_category:Tours,,3,0.05084745762711865,0.019824001331764398,0.34911242603550297,0.12563275976169286,0.016419255446776238,24.166666666666664,1.5
3,2972,has_category:Shopping,,1,0.01694915254237288,0.0,0.30256410256410254,0.04452786949791533,0.0074681008735977186,20.083333333333332,0.0
3,2972,has_category:Shopping Centers,,1,0.01694915254237288,0.0,0.30256410256410254,0.04452786949791533,0.0074681008735977186,20.083333333333332,0.0
3,2972,has_category:Local Flavor,,2,0.03389830508474576,0.023457182298362737,0.3959731543624161,0.1303568774118702,0.01242780995444351,26.249999999999996,0.5
3,2972,has_rating:4.0 stars,,2,0.03389830508474576,0.008484981315197562,0.329608938547486,0.085069218695217,0.011976620200374535,22.499999999999996,0.5
3,2972,has_attribute:GoodForKids=True,,2,0.03389830508474576,0.023457182298362737,0.3959731543624161,0.1303568774118702,0.01242780995444351,26.249999999999996,0.5
3,2972,located_in_city:Santa Barbara,,1,0.01694915254237288,0.0,0.30256410256410254,0.04452786949791533,0.0074681008735977186,20.083333333333332,0.0
3,2972,in_state:CA,,1,0.01694915254237288,0.0,0.30256410256410254,0.04452786949791533,0.0074681008735977186,20.083333333333332,0.0
3,2972,has_name:Stearns Wharf,,1,0.01694915254237288,0.0,0.30256410256410254,0.04452786949791533,0.0074681008735977186,20.083333333333332,0.0
3,2972,"has_coordinates:(34.4100, -119.6855)",,1,0.01694915254237288,0.0,0.30256410256410254,0.04452786949791533,0.0074681008735977186,20.083333333333332,0.0
3,2972,has_review_count:297 reviews,,1,0.01694915254237288,0.0,0.30256410256410254,0.04452786949791533,0.0074681008735977186,20.083333333333332,0.0
3,2972,has_postal_code:93190,,1,0.01694915254237288,0.0,0.30256410256410254,0.04452786949791533,0.0074681008735977186,20.083333333333332,0.0
3,3069,has_attribute:WiFi=no,,1,0.017241379310344827,0.0,0.28019323671497587,0.008538873043863318,0.00912148576114533,17.833333333333336,0.0
3,3069,has_rating:2.0 stars,,1,0.017241379310344827,0.0,0.28019323671497587,0.008538873043863318,0.00912148576114533,17.833333333333336,0.0
3,3069,"has_coordinates:(27.9807, -82.5351)",,1,0.017241379310344827,0.0,0.28019323671497587,0.008538873043863318,0.00912148576114533,17.833333333333336,0.0
3,3069,status:open,,5,0.08620689655172414,0.3842138589656472,0.5225225225225225,0.2201465529319463,0.029876831656481778,31.5,5.0
3,3069,has_name:Avis Rent-A-Car - Tampa Intl Airport,,1,0.017241379310344827,0.0,0.28019323671497587,0.008538873043863318,0.00912148576114533,17.833333333333336,0.0
3,3069,has_review_count:130 reviews,,1,0.017241379310344827,0.0,0.28019323671497587,0.008538873043863318,0.00912148576114533,17.833333333333336,0.0
3,3069,in_state:FL,,1,0.017241379310344827,0.0,0.28019323671497587,0.008538873043863318,0.00912148576114533,17.833333333333336,0.0
3,3069,has_postal_code:33607,,1,0.017241379310344827,0.0,0.28019323671497587,0.008538873043863318,0.00912148576114533,17.833333333333336,0.0
3,3069,located_in_city:Tampa,,1,0.017241379310344827,0.0,0.28019323671497587,0.008538873043863318,0.00912148576114533,17.833333333333336,0.0
3,3069,has_category:Car Rental,,1,0.017241379310344827,0.0,0.28019323671497587,0.008538873043863318,0.00912148576114533,17.833333333333336,0.0
3,3119,has_attribute:GoodForDancing=True,,1,0.0136986301369863,0.0,0.31877729257641924,0.05723560972995356,0.006778289974810364,26.333333333333332,0.0
3,3119,has_attribute:NoiseLevel=quiet,,1,0.0136986301369863,0.0,0.31877729257641924,0.05723560972995356,0.006778289974810364,26.333333333333332,0.0
3,3119,has_attribute:DogsAllowed=True,,1,0.0136986301369863,0.0,0.31877729257641924,0.05723560972995356,0.006778289974810364,26.333333333333332,0.0
3,3119,has_attribute:RestaurantsGoodForGroups=True,,1,0.0136986301369863,0.0,0.31877729257641924,0.05723560972995356,0.006778289974810364,26.333333333333332,0.0
3,3119,"has_attribute:Music={dj: True, background_music: False, jukebox: False, live: False, video: False, karaoke: False}",,1,0.0136986301369863,0.0,0.31877729257641924,0.05723560972995356,0.006778289974810364,26.333333333333332,0.0
3,3119,"has_attribute:BusinessParking={garage: False, street: False, validated: False, lot: False, valet: False}",,1,0.0136986301369863,0.0,0.31877729257641924,0.05723560972995356,0.006778289974810364,26.333333333333332,0.0
3,3119,has_attribute:Alcohol=full_bar,,1,0.0136986301369863,0.0,0.31877729257641924,0.05723560972995356,0.006778289974810364,26.333333333333332,0.0
3,3119,has_attribute:WiFi=free,,3,0.0410958904109589,0.11416162862912786,0.453416149068323,0.16744277508869446,0.01532845196396854,35.66666666666667,1.5
3,3119,has_attribute:OutdoorSeating=True,,1,0.0136986301369863,0.0,0.31877729257641924,0.05723560972995356,0.006778289974810364,26.333333333333332,0.0
3,3119,has_attribute:RestaurantsPriceRange2=3,,1,0.0136986301369863,0.0,0.31877729257641924,0.05723560972995356,0.006778289974810364,26.333333333333332,0.0
3,3119,has_attribute:ByAppointmentOnly=True,,1,0.0136986301369863,0.0,0.31877729257641924,0.05723560972995356,0.006778289974810364,26.333333333333332,0.0
3,3119,has_attribute:BusinessAcceptsCreditCards=True,,3,0.0410958904109589,0.11416162862912786,0.453416149068323,0.16744277508869446,0.01532845196396854,35.66666666666667,1.5
3,3119,has_attribute:CoatCheck=True,,1,0.0136986301369863,0.0,0.31877729257641924,0.05723560972995356,0.006778289974810364,26.333333333333332,0.0
3,3119,has_attribute:HasTV=True,,1,0.0136986301369863,0.0,0.31877729257641924,0.05723560972995356,0.006778289974810364,26.333333333333332,0.0
3,3119,has_attribute:HappyHour=True,,1,0.0136986301369863,0.0,0.31877729257641924,0.05723560972995356,0.006778289974810364,26.333333333333332,0.0
3,3119,"has_attribute:Ambience={romantic: False, intimate: False, classy: False, hipster: False, divey: False, touristy: False, trendy: False, upscale: False, casual: False}",,1,0.0136986301369863,0.0,0.31877729257641924,0.05723560972995356,0.006778289974810364,26.333333333333332,0.0
3,3119,"has_name:The Roosevelt New Orleans, A Waldorf Astoria Hotel",,1,0.0136986301369863,0.0,0.31877729257641924,0.05723560972995356,0.006778289974810364,26.333333333333332,0.0
3,3119,has_postal_code:70112,,1,0.0136986301369863,0.0,0.31877729257641924,0.05723560972995356,0.006778289974810364,26.333333333333332,0.0
3,3119,"has_coordinates:(29.9543, -90.0723)",,1,0.0136986301369863,0.0,0.31877729257641924,0.05723560972995356,0.006778289974810364,26.333333333333332,0.0
3,3119,has_category:Wedding Planning,,1,0.0136986301369863,0.0,0.31877729257641924,0.05723560972995356,0.006778289974810364,26.333333333333332,0.0
3,3119,has_category:Bars,,1,0.0136986301369863,0.0,0.31877729257641924,0.05723560972995356,0.006778289974810364,26.333333333333332,0.0
3,3119,has_category:Caterers,,1,0.0136986301369863,0.0,0.31877729257641924,0.05723560972995356,0.006778289974810364,26.333333333333332,0.0
3,3119,has_category:Nightlife,,1,0.0136986301369863,0.0,0.31877729257641924,0.05723560972995356,0.006778289974810364,26.333333333333332,0.0
3,3119,has_category:Event Planning & Services,,2,0.0273972602739726,0.020484525621511932,0.3459715639810427,0.08516771280681983,0.011092462934836336,29.0,0.5
3,3119,status:open,,5,0.0684931506849315,0.23809421868111127,0.5177304964539007,0.23992500319860893,0.02289494362728778,39.0,5.0
3,3119,located_in_city:New Orleans,,1,0.0136986301369863,0.0,0.31877729257641924,0.05723560972995356,0.006778289974810364,26.333333333333332,0.0
3,3119,has_review_count:517 reviews,,1,0.0136986301369863,0.0,0.31877729257641924,0.05723560972995356,0.006778289974810364,26.333333333333332,0.0
3,3119,in_state:LA,,1,0.0136986301369863,0.0,0.31877729257641924,0.05723560972995356,0.006778289974810364,26.333333333333332,0.0
3,3119,has_rating:4.0 stars,,2,0.0273972602739726,0.03530387040661011,0.3526570048309179,0.09364824707242855,0.010596429512151626,29.5,0.5
3,3136,located_in_city:New Orleans,,1,0.017241379310344827,0.0,0.29441624365482233,0.02956005707368812,0.007969286705703365,19.083333333333332,0.0
3,3136,has_category:Arts & Entertainment,,2,0.034482758620689655,0.02707873278128318,0.38926174496644295,0.1250963584736003,0.013026516806470202,25.5,0.5
3,3136,has_category:Transportation,,1,0.017241379310344827,0.0,0.29441624365482233,0.02956005707368812,0.007969286705703365,19.083333333333332,0.0
3,3136,has_category:Public Transportation,,1,0.017241379310344827,0.0,0.29441624365482233,0.02956005707368812,0.007969286705703365,19.083333333333332,0.0
3,3136,has_category:Local Flavor,,2,0.034482758620689655,0.02707873278128318,0.38926174496644295,0.1250963584736003,0.013026516806470202,25.5,0.5
3,3136,in_state:LA,,1,0.017241379310344827,0.0,0.29441624365482233,0.02956005707368812,0.007969286705703365,19.083333333333332,0.0
3,3136,"has_coordinates:(29.9336, -90.0700)",,1,0.017241379310344827,0.0,0.29441624365482233,0.02956005707368812,0.007969286705703365,19.083333333333332,0.0
3,3136,has_attribute:ByAppointmentOnly=False,,2,0.034482758620689655,0.02707873278128318,0.38926174496644295,0.1250963584736003,0.013026516806470202,25.5,0.5
3,3136,has_attribute:GoodForKids=True,,2,0.034482758620689655,0.02707873278128318,0.38926174496644295,0.1250963584736003,0.013026516806470202,25.5,0.5
3,3136,has_attribute:WiFi=no,,1,0.017241379310344827,0.0,0.29441624365482233,0.02956005707368812,0.007969286705703365,19.083333333333332,0.0
3,3136,has_review_count:298 reviews,,1,0.017241379310344827,0.0,0.29441624365482233,0.02956005707368812,0.007969286705703365,19.083333333333332,0.0
3,3136,has_postal_code:70130,,1,0.017241379310344827,0.0,0.29441624365482233,0.02956005707368812,0.007969286705703365,19.083333333333332,0.0
3,3136,status:open,,5,0.08620689655172414,0.23533855141233795,0.5225225225225225,0.2300821158608149,0.027859554041227863,31.5,5.0
3,3136,has_rating:4.0 stars,,2,0.034482758620689655,0.02250117631242858,0.3314285714285714,0.06972741290355557,0.012658165536713912,22.249999999999996,0.5
3,3136,has_name:St. Charles Streetcar Line,,1,0.017241379310344827,0.0,0.29441624365482233,0.02956005707368812,0.007969286705703365,19.083333333333332,0.0
3,3165,in_state:LA,,1,0.016129032258064516,0.0,0.3054187192118227,0.04008824831447783,0.007485927347722909,21.333333333333332,0.0
3,3165,located_in_city:New Orleans,,1,0.016129032258064516,0.0,0.3054187192118227,0.04008824831447783,0.007485927347722909,21.333333333333332,0.0
3,3165,has_name:Harrah's New Orleans,,1,0.016129032258064516,0.0,0.3054187192118227,0.04008824831447783,0.007485927347722909,21.333333333333332,0.0
3,3165,status:open,,5,0.08064516129032258,0.22115874575725955,0.5210084033613446,0.23525147462552173,0.02593596217596121,33.5,5.0
3,3165,has_attribute:RestaurantsPriceRange2=2,,2,0.03225806451612903,0.011804453845701867,0.3315508021390374,0.06889360094329819,0.012312300357992537,23.75,0.5
3,3165,has_attribute:DogsAllowed=False,,1,0.016129032258064516,0.0,0.3054187192118227,0.04008824831447783,0.007485927347722909,21.333333333333332,0.0
3,3165,has_attribute:BusinessAcceptsCreditCards=True,,3,0.04838709677419355,0.06945766496268872,0.4397163120567376,0.16003122156747213,0.017114501764074773,29.916666666666668,1.5
3,3165,has_attribute:GoodForKids=False,,1,0.016129032258064516,0.0,0.3054187192118227,0.04008824831447783,0.007485927347722909,21.333333333333332,0.0
3,3165,has_attribute:WiFi=free,,3,0.04838709677419355,0.06945766496268872,0.4397163120567376,0.16003122156747213,0.017114501764074773,29.916666666666668,1.5
3,3165,has_attribute:RestaurantsGoodForGroups=True,,1,0.016129032258064516,0.0,0.3054187192118227,0.04008824831447783,0.007485927347722909,21.333333333333332,0.0
3,3165,"has_attribute:BusinessParking={garage: False, street: False, validated: False, lot: False, valet: False}",,1,0.016129032258064516,0.0,0.3054187192118227,0.04008824831447783,0.007485927347722909,21.333333333333332,0.0
3,3165,has_attribute:ByAppointmentOnly=False,,2,0.03225806451612903,0.03521946060285567,0.4,0.13122586893865176,0.012288128753805146,27.749999999999996,0.5
3,3165,has_attribute:BusinessAcceptsBitcoin=False,,1,0.016129032258064516,0.0,0.3054187192118227,0.04008824831447783,0.007485927347722909,21.333333333333332,0.0
3,3165,has_rating:3.5 stars,,1,0.016129032258064516,0.0,0.3054187192118227,0.04008824831447783,0.007485927347722909,21.333333333333332,0.0
3,3165,has_category:Arts & Entertainment,,2,0.03225806451612903,0.03521946060285567,0.4,0.13122586893865176,0.012288128753805146,27.749999999999996,0.5
3,3165,has_category:Event Planning & Services,,2,0.03225806451612903,0.011804453845701867,0.3315508021390374,0.06889360094329819,0.012312300357992537,23.75,0.5
3,3165,has_category:Casinos,,1,0.016129032258064516,0.0,0.3054187192118227,0.04008824831447783,0.007485927347722909,21.333333333333332,0.0
3,3165,"has_coordinates:(29.9481, -90.0656)",,1,0.016129032258064516,0.0,0.3054187192118227,0.04008824831447783,0.007485927347722909,21.333333333333332,0.0
3,3165,has_postal_code:70130,,1,0.016129032258064516,0.0,0.3054187192118227,0.04008824831447783,0.007485927347722909,21.333333333333332,0.0
3,3165,has_review_count:691 reviews,,1,0.016129032258064516,0.0,0.3054187192118227,0.04008824831447783,0.007485927347722909,21.333333333333332,0.0
3,3178,has_rating:2.0 stars,,1,0.01818181818181818,0.0,0.27918781725888325,0.02240637064011273,0.008455087071083368,16.833333333333336,0.0
3,3178,status:open,,5,0.09090909090909091,0.1845772225837587,0.5238095238095238,0.2298103146477973,0.030077569917994904,30.0,5.0
3,3178,"has_coordinates:(39.9584, -75.1954)",,1,0.01818181818181818,0.0,0.27918781725888325,0.02240637064011273,0.008455087071083368,16.833333333333336,0.0
3,3178,has_name:Megabus,,1,0.01818181818181818,0.0,0.27918781725888325,0.02240637064011273,0.008455087071083368,16.833333333333336,0.0
3,3178,has_review_count:415 reviews,,1,0.01818181818181818,0.0,0.27918781725888325,0.02240637064011273,0.008455087071083368,16.833333333333336,0.0
3,3178,has_postal_code:19104,,1,0.01818181818181818,0.0,0.27918781725888325,0.02240637064011273,0.008455087071083368,16.833333333333336,0.0
3,3178,has_category:Transportation,,1,0.01818181818181818,0.0,0.27918781725888325,0.02240637064011273,0.008455087071083368,16.833333333333336,0.0
3,3178,in_state:PA,,5,0.09090909090909091,0.1845772225837587,0.5238095238095238,0.2298103146477973,0.030077569917994904,30.0,5.0
3,3178,located_in_city:Philadelphia,,4,0.07272727272727272,0.08481346298339763,0.44715447154471544,0.204416277581089,0.024172938362767023,27.333333333333332,3.0
3,3209,has_category:Transportation,,1,0.017857142857142856,0.0,0.2931937172774869,0.040218509977670736,0.0077222781350596206,18.333333333333332,0.0
3,3209,has_category:Public Transportation,,1,0.017857142857142856,0.0,0.2931937172774869,0.040218509977670736,0.0077222781350596206,18.333333333333332,0.0
3,3209,has_category:Public Services & Government,,4,0.07142857142857142,0.05894101369875276,0.448,0.20923680967605704,0.022506243222722818,27.833333333333332,3.0
3,3209,has_category:Train Stations,,1,0.017857142857142856,0.0,0.2931937172774869,0.040218509977670736,0.0077222781350596206,18.333333333333332,0.0
3,3209,has_name:30th Street Station,,1,0.017857142857142856,0.0,0.2931937172774869,0.040218509977670736,0.0077222781350596206,18.333333333333332,0.0
3,3209,located_in_city:Philadelphia,,4,0.07142857142857142,0.05894101369875276,0.448,0.20923680967605704,0.022506243222722818,27.833333333333332,3.0
3,3209,"has_coordinates:(39.9558, -75.1820)",,1,0.017857142857142856,0.0,0.2931937172774869,0.040218509977670736,0.0077222781350596206,18.333333333333332,0.0
3,3209,has_postal_code:19104,,1,0.017857142857142856,0.0,0.2931937172774869,0.040218509977670736,0.0077222781350596206,18.333333333333332,0.0
3,3209,status:open,,5,0.08928571428571427,0.148018767813749,0.5233644859813084,0.23360724896712334,0.028129620469171376,30.5,5.0
3,3209,has_attribute:WiFi=free,,3,0.05357142857142857,0.07069246251620775,0.4409448818897638,0.15181570000670322,0.0186670086644702,27.166666666666668,1.5
3,3209,has_attribute:ByAppointmentOnly=False,,2,0.03571428571428571,0.01933410650162567,0.38620689655172413,0.12744526071563694,0.013043631418021642,24.5,0.5
3,3209,has_rating:4.0 stars,,2,0.03571428571428571,0.007064047064047064,0.32,0.08102299992056176,0.012482915983393215,20.749999999999996,0.5
3,3209,in_state:PA,,5,0.08928571428571427,0.148018767813749,0.5233644859813084,0.23360724896712334,0.028129620469171376,30.5,5.0
3,3209,has_review_count:381 reviews,,1,0.017857142857142856,0.0,0.2931937172774869,0.040218509977670736,0.0077222781350596206,18.333333333333332,0.0
3,3237,has_name:The Big Bus Company,,1,0.017543859649122806,0.0,0.29533678756476683,0.041261659825673334,0.007617968238227897,18.833333333333332,0.0
3,3237,has_rating:3.5 stars,,1,0.017543859649122806,0.0,0.29533678756476683,0.041261659825673334,0.007617968238227897,18.833333333333332,0.0
3,3237,in_state:PA,,5,0.08771929824561403,0.1431380300169121,0.5229357798165137,0.2361296518615816,0.027673078861376602,31.0,5.0
3,3237,has_category:Transportation,,1,0.017543859649122806,0.0,0.29533678756476683,0.041261659825673334,0.007617968238227897,18.833333333333332,0.0
3,3237,has_category:Wedding Planning,,1,0.017543859649122806,0.0,0.29533678756476683,0.041261659825673334,0.007617968238227897,18.833333333333332,0.0
3,3237,has_category:Bus Tours,,1,0.017543859649122806,0.0,0.29533678756476683,0.041261659825673334,0.007617968238227897,18.833333333333332,0.0
3,3237,has_category:Event Planning & Services,,2,0.03508771929824561,0.013390848917164704,0.32571428571428573,0.06719305040890192,0.01296898627347419,21.5,0.5
3,3237,has_category:Tours,,3,0.05263157894736842,0.017294703702639296,0.3413173652694611,0.1247415933232765,0.017011036448833363,22.916666666666664,1.5
3,3237,has_review_count:150 reviews,,1,0.017543859649122806,0.0,0.29533678756476683,0.041261659825673334,0.007617968238227897,18.833333333333332,0.0
3,3237,located_in_city:Philadelphia,,4,0.07017543859649122,0.06663818977687881,0.456,0.21019826127835303,0.022322060826130308,28.583333333333332,3.0
3,3237,has_postal_code:19106,,4,0.07017543859649122,0.06663818977687881,0.456,0.21019826127835303,0.022322060826130308,28.583333333333332,3.0
3,3237,status:open,,5,0.08771929824561403,0.1431380300169121,0.5229357798165137,0.2361296518615816,0.027673078861376602,31.0,5.0
3,3237,has_attribute:BusinessAcceptsCreditCards=True,,3,0.05263157894736842,0.06956854115034897,0.4418604651162791,0.15264971836397842,0.018280010650771138,27.666666666666668,1.5
3,3237,has_attribute:WiFi=no,,1,0.017543859649122806,0.0,0.29533678756476683,0.041261659825673334,0.007617968238227897,18.833333333333332,0.0
3,3237,"has_coordinates:(39.9505, -75.1508)",,1,0.017543859649122806,0.0,0.29533678756476683,0.041261659825673334,0.007617968238227897,18.833333333333332,0.0
3,3484,status:open,,5,0.09090909090909091,0.16917318217971827,0.5238095238095238,0.23246081784353276,0.029590094293353467,30.0,5.0
3,3484,located_in_city:Philadelphia,,4,0.07272727272727272,0.06957216107542907,0.44715447154471544,0.20777948322411252,0.023715950830676517,27.333333333333332,3.0
3,3484,has_postal_code:19106,,4,0.07272727272727272,0.06957216107542907,0.44715447154471544,0.20777948322411252,0.023715950830676517,27.333333333333332,3.0
3,3484,has_name:PHLASH,,1,0.01818181818181818,0.0,0.28205128205128205,0.02900839623727806,0.008152137786858714,17.083333333333336,0.0
3,3484,in_state:PA,,5,0.09090909090909091,0.16917318217971827,0.5238095238095238,0.23246081784353276,0.029590094293353467,30.0,5.0
3,3484,"has_coordinates:(39.9566, -75.1650)",,1,0.01818181818181818,0.0,0.28205128205128205,0.02900839623727806,0.008152137786858714,17.083333333333336,0.0
3,3484,has_category:Transportation,,1,0.01818181818181818,0.0,0.28205128205128205,0.02900839623727806,0.008152137786858714,17.083333333333336,0.0
3,3484,has_category:Buses,,1,0.01818181818181818,0.0,0.28205128205128205,0.02900839623727806,0.008152137786858714,17.083333333333336,0.0
3,3484,has_review_count:41 reviews,,1,0.01818181818181818,0.0,0.28205128205128205,0.02900839623727806,0.008152137786858714,17.083333333333336,0.0
3,3484,has_rating:3.5 stars,,1,0.01818181818181818,0.0,0.28205128205128205,0.02900839623727806,0.008152137786858714,17.083333333333336,0.0
3,3732,has_attribute:WiFi=free,,3,0.04838709677419355,0.07566842687218985,0.4460431654676259,0.15824257391720872,0.017228138638912982,30.166666666666668,1.5
3,3732,has_attribute:ByAppointmentOnly=False,,2,0.03225806451612903,0.03433227316163107,0.4,0.13102662609585575,0.012277823699057758,27.749999999999996,0.5
3,3732,has_attribute:RestaurantsDelivery=False,,2,0.03225806451612903,0.03433227316163107,0.4,0.13102662609585575,0.012277823699057758,27.749999999999996,0.5
3,3732,"has_attribute:BusinessParking={garage: False, street: False, validated: False, lot: False, valet: False}",,1,0.016129032258064516,0.0,0.3054187192118227,0.04014328239653904,0.007479555552779645,21.333333333333332,0.0
3,3732,"has_attribute:GoodForMeal={dessert: False, latenight: False, lunch: False, dinner: False, brunch: False, breakfast: False}",,1,0.016129032258064516,0.0,0.3054187192118227,0.04014328239653904,0.007479555552779645,21.333333333333332,0.0
3,3732,has_attribute:BusinessAcceptsCreditCards=True,,3,0.04838709677419355,0.07566842687218985,0.4460431654676259,0.15824257391720872,0.017228138638912982,30.166666666666668,1.5
3,3732,has_attribute:RestaurantsPriceRange2=2,,2,0.03225806451612903,0.01718667371760972,0.33513513513513515,0.067359230217892,0.012429870492634871,24.0,0.5
3,3732,has_category:Airports,,1,0.016129032258064516,0.0,0.3054187192118227,0.04014328239653904,0.007479555552779645,21.333333333333332,0.0
3,3732,has_category:Parking,,1,0.016129032258064516,0.0,0.3054187192118227,0.04014328239653904,0.007479555552779645,21.333333333333332,0.0
3,3732,has_category:Shopping,,1,0.016129032258064516,0.0,0.3054187192118227,0.04014328239653904,0.007479555552779645,21.333333333333332,0.0
3,3732,has_category:Shopping Centers,,1,0.016129032258064516,0.0,0.3054187192118227,0.04014328239653904,0.007479555552779645,21.333333333333332,0.0
3,3732,has_category:Automotive,,1,0.016129032258064516,0.0,0.3054187192118227,0.04014328239653904,0.007479555552779645,21.333333333333332,0.0
3,3732,located_in_city:Tampa,,1,0.016129032258064516,0.0,0.3054187192118227,0.04014328239653904,0.007479555552779645,21.333333333333332,0.0
3,3732,has_name:Tampa International Airport,,1,0.016129032258064516,0.0,0.3054187192118227,0.04014328239653904,0.007479555552779645,21.333333333333332,0.0
3,3732,has_review_count:1849 reviews,,1,0.016129032258064516,0.0,0.3054187192118227,0.04014328239653904,0.007479555552779645,21.333333333333332,0.0
3,3732,has_rating:4.0 stars,,2,0.03225806451612903,0.02747286646017477,0.3425414364640884,0.07829690158112454,0.01187348593547327,24.499999999999996,0.5
3,3732,status:open,,5,0.08064516129032258,0.19309148643112856,0.5210084033613446,0.2349323968565481,0.025944065247215688,33.5,5.0
3,3732,"has_coordinates:(27.9808, -82.5347)",,1,0.016129032258064516,0.0,0.3054187192118227,0.04014328239653904,0.007479555552779645,21.333333333333332,0.0
3,3732,in_state:FL,,1,0.016129032258064516,0.0,0.3054187192118227,0.04014328239653904,0.007479555552779645,21.333333333333332,0.0
3,3732,has_postal_code:33607,,1,0.016129032258064516,0.0,0.3054187192118227,0.04014328239653904,0.007479555552779645,21.333333333333332,0.0
3,3737,has_postal_code:19107,,1,0.017857142857142856,0.0,0.2814070351758794,0.02320945516967517,0.008382483587350595,17.333333333333336,0.0
3,3737,has_review_count:250 reviews,,1,0.017857142857142856,0.0,0.2814070351758794,0.02320945516967517,0.008382483587350595,17.333333333333336,0.0
3,3737,has_name:Septa 5th Street Station,,1,0.017857142857142856,0.0,0.2814070351758794,0.02320945516967517,0.008382483587350595,17.333333333333336,0.0
3,3737,has_rating:2.0 stars,,1,0.017857142857142856,0.0,0.2814070351758794,0.02320945516967517,0.008382483587350595,17.333333333333336,0.0
3,3737,has_category:Transportation,,1,0.017857142857142856,0.0,0.2814070351758794,0.02320945516967517,0.008382483587350595,17.333333333333336,0.0
3,3737,has_category:Public Transportation,,1,0.017857142857142856,0.0,0.2814070351758794,0.02320945516967517,0.008382483587350595,17.333333333333336,0.0
3,3737,located_in_city:Philadelphia,,4,0.07142857142857142,0.08961990856948841,0.448,0.20491148903925016,0.02384682759685051,27.833333333333332,3.0
3,3737,"has_coordinates:(39.9507, -75.1491)",,1,0.017857142857142856,0.0,0.2814070351758794,0.02320945516967517,0.008382483587350595,17.333333333333336,0.0
3,3737,status:open,,5,0.08928571428571427,0.18900249493736884,0.5233644859813084,0.23028843164380652,0.029654057375924248,30.5,5.0
3,3737,in_state:PA,,5,0.08928571428571427,0.18900249493736884,0.5233644859813084,0.23028843164380652,0.029654057375924248,30.5,5.0
3,393,has_attribute:RestaurantsPriceRange2=2,,2,0.028985507246376812,0.020192580934268914,0.34673366834170855,0.08446161302753899,0.01138435142367339,27.5,0.5
3,393,has_attribute:BikeParking=True,,1,0.014492753623188406,0.0,0.31797235023041476,0.05887472713733508,0.006861618613667773,24.833333333333332,0.0
3,393,has_attribute:GoodForKids=True,,2,0.028985507246376812,0.03900899974227476,0.40828402366863903,0.13709641744582618,0.011224787060729985,31.25,0.5
3,393,has_attribute:RestaurantsTakeOut=True,,1,0.014492753623188406,0.0,0.31797235023041476,0.05887472713733508,0.006861618613667773,24.833333333333332,0.0
3,393,has_attribute:Caters=False,,1,0.014492753623188406,0.0,0.31797235023041476,0.05887472713733508,0.006861618613667773,24.833333333333332,0.0
3,393,has_attribute:RestaurantsDelivery=True,,1,0.014492753623188406,0.0,0.31797235023041476,0.05887472713733508,0.006861618613667773,24.833333333333332,0.0
3,393,"has_attribute:BusinessParking={garage: False, street: False, validated: False, lot: True, valet: False}",,1,0.014492753623188406,0.0,0.31797235023041476,0.05887472713733508,0.006861618613667773,24.833333333333332,0.0
3,393,has_attribute:BusinessAcceptsCreditCards=True,,3,0.043478260869565216,0.07864543754804885,0.45098039215686275,0.16268330333603007,0.015747519870735607,33.66666666666667,1.5
3,393,has_rating:3.5 stars,,1,0.014492753623188406,0.0,0.31797235023041476,0.05887472713733508,0.006861618613667773,24.833333333333332,0.0
3,393,status:open,,5,0.07246376811594203,0.1589093552783149,0.518796992481203,0.234357983641096,0.023707271315306526,37.0,5.0
3,393,has_review_count:405 reviews,,1,0.014492753623188406,0.0,0.31797235023041476,0.05887472713733508,0.006861618613667773,24.833333333333332,0.0
3,393,has_category:Shopping,,1,0.014492753623188406,0.0,0.31797235023041476,0.05887472713733508,0.006861618613667773,24.833333333333332,0.0
3,393,has_category:Fruits & Veggies,,1,0.014492753623188406,0.0,0.31797235023041476,0.05887472713733508,0.006861618613667773,24.833333333333332,0.0
3,393,has_category:Home & Garden,,1,0.014492753623188406,0.0,0.31797235023041476,0.05887472713733508,0.006861618613667773,24.833333333333332,0.0
3,393,has_category:Farms,,1,0.014492753623188406,0.0,0.31797235023041476,0.05887472713733508,0.006861618613667773,24.833333333333332,0.0
3,393,has_category:Specialty Food,,1,0.014492753623188406,0.0,0.31797235023041476,0.05887472713733508,0.006861618613667773,24.833333333333332,0.0
3,393,has_category:Pick Your Own Farms,,1,0.014492753623188406,0.0,0.31797235023041476,0.05887472713733508,0.006861618613667773,24.833333333333332,0.0
3,393,has_category:Farmers Market,,1,0.014492753623188406,0.0,0.31797235023041476,0.05887472713733508,0.006861618613667773,24.833333333333332,0.0
3,393,has_category:Arts & Entertainment,,2,0.028985507246376812,0.03900899974227476,0.40828402366863903,0.13709641744582618,0.011224787060729985,31.25,0.5
3,393,has_category:Food,,1,0.014492753623188406,0.0,0.31797235023041476,0.05887472713733508,0.006861618613667773,24.833333333333332,0.0
3,393,has_category:Nurseries & Gardening,,1,0.014492753623188406,0.0,0.31797235023041476,0.05887472713733508,0.006861618613667773,24.833333333333332,0.0
3,393,has_category:Tours,,3,0.043478260869565216,0.041471628123600134,0.3689839572192513,0.130549407442401,0.014821370058238694,29.416666666666664,1.5
3,393,in_state:PA,,5,0.07246376811594203,0.1589093552783149,0.518796992481203,0.234357983641096,0.023707271315306526,37.0,5.0
3,393,has_postal_code:19063,,1,0.014492753623188406,0.0,0.31797235023041476,0.05887472713733508,0.006861618613667773,24.833333333333332,0.0
3,393,"has_coordinates:(39.8842, -75.4126)",,1,0.014492753623188406,0.0,0.31797235023041476,0.05887472713733508,0.006861618613667773,24.833333333333332,0.0
3,393,has_name:Linvilla Orchards,,1,0.014492753623188406,0.0,0.31797235023041476,0.05887472713733508,0.006861618613667773,24.833333333333332,0.0
3,393,located_in_city:Media,,1,0.014492753623188406,0.0,0.31797235023041476,0.05887472713733508,0.006861618613667773,24.833333333333332,0.0
3,4088,has_postal_code:63102,,1,0.017543859649122806,0.0,0.30158730158730157,0.04508209558791472,0.007527962224247828,19.333333333333332,0.0
3,4088,has_category:Public Services & Government,,4,0.07017543859649122,0.05542193790369378,0.44881889763779526,0.21005391195823775,0.02168706763005069,28.333333333333332,3.0
3,4088,has_category:Tours,,3,0.05263157894736842,0.018453694813712514,0.3496932515337423,0.12444273097596464,0.01666861126982785,23.416666666666664,1.5
3,4088,has_category:Active Life,,1,0.017543859649122806,0.0,0.30158730158730157,0.04508209558791472,0.007527962224247828,19.333333333333332,0.0
3,4088,has_category:Arts & Entertainment,,2,0.03508771929824561,0.017275349656486312,0.3931034482758621,0.1306932765701878,0.012546418584470665,25.249999999999996,0.5
3,4088,has_category:Museums,,2,0.03508771929824561,0.017275349656486312,0.3931034482758621,0.1306932765701878,0.012546418584470665,25.249999999999996,0.5
3,4088,has_category:Landmarks & Historical Buildings,,4,0.07017543859649122,0.05542193790369378,0.44881889763779526,0.21005391195823775,0.02168706763005069,28.333333333333332,3.0
3,4088,has_category:Parks,,1,0.017543859649122806,0.0,0.30158730158730157,0.04508209558791472,0.007527962224247828,19.333333333333332,0.0
3,4088,status:open,,5,0.08771929824561403,0.1847817754059463,0.5229357798165137,0.23053663497999113,0.02725507176121666,31.0,5.0
3,4088,has_name:The Gateway Arch,,1,0.017543859649122806,0.0,0.30158730158730157,0.04508209558791472,0.007527962224247828,19.333333333333332,0.0
3,4088,has_attribute:GoodForKids=True,,2,0.03508771929824561,0.017275349656486312,0.3931034482758621,0.1306932765701878,0.012546418584470665,25.249999999999996,0.5
3,4088,has_attribute:ByAppointmentOnly=False,,2,0.03508771929824561,0.017275349656486312,0.3931034482758621,0.1306932765701878,0.012546418584470665,25.249999999999996,0.5
3,4088,has_review_count:568 reviews,,1,0.017543859649122806,0.0,0.30158730158730157,0.04508209558791472,0.007527962224247828,19.333333333333332,0.0
3,4088,"has_coordinates:(38.6257, -90.1893)",,1,0.017543859649122806,0.0,0.30158730158730157,0.04508209558791472,0.007527962224247828,19.333333333333332,0.0
3,4088,has_rating:4.0 stars,,2,0.03508771929824561,0.0078149082599547,0.32947976878612717,0.08474999324274694,0.012131538853213105,21.749999999999996,0.5
3,4088,located_in_city:Saint Louis,,1,0.017543859649122806,0.0,0.30158730158730157,0.04508209558791472,0.007527962224247828,19.333333333333332,0.0
3,4088,in_state:MO,,1,0.017543859649122806,0.0,0.30158730158730157,0.04508209558791472,0.007527962224247828,19.333333333333332,0.0
3,4122,has_review_count:204 reviews,,1,0.017857142857142856,0.0,0.28717948717948716,0.02231352538519967,0.00818888677040715,17.833333333333336,0.0
3,4122,has_attribute:WiFi=free,,3,0.05357142857142857,0.08681824244849451,0.4409448818897638,0.14612272250468336,0.019116967380538075,27.166666666666668,1.5
3,4122,has_attribute:BusinessAcceptsCreditCards=True,,3,0.05357142857142857,0.08681824244849451,0.4409448818897638,0.14612272250468336,0.019116967380538075,27.166666666666668,1.5
3,4122,has_attribute:RestaurantsPriceRange2=3,,1,0.017857142857142856,0.0,0.28717948717948716,0.02231352538519967,0.00818888677040715,17.833333333333336,0.0
3,4122,has_postal_code:46204,,1,0.017857142857142856,0.0,0.28717948717948716,0.02231352538519967,0.00818888677040715,17.833333333333336,0.0
3,4122,located_in_city:Indianapolis,,1,0.017857142857142856,0.0,0.28717948717948716,0.02231352538519967,0.00818888677040715,17.833333333333332,0.0
3,4122,has_name:The Alexander,,1,0.017857142857142856,0.0,0.28717948717948716,0.02231352538519967,0.00818888677040715,17.833333333333336,0.0
3,4122,has_category:Event Planning & Services,,2,0.03571428571428571,0.011774891774891778,0.3163841807909605,0.049681325207004426,0.013671076734465909,20.5,0.5
3,4122,"has_coordinates:(39.7618, -86.1536)",,1,0.017857142857142856,0.0,0.28717948717948716,0.02231352538519967,0.00818888677040715,17.833333333333336,0.0
3,4122,has_rating:4.0 stars,,2,0.03571428571428571,0.020505565862708724,0.3236994219653179,0.06383943835938383,0.013075796707176245,20.999999999999996,0.5
3,4122,in_state:IN,,1,0.017857142857142856,0.0,0.28717948717948716,0.02231352538519967,0.00818888677040715,17.833333333333336,0.0
3,4122,status:open,,5,0.08928571428571427,0.19950970131642415,0.5233644859813084,0.23020945983386054,0.028821672265636537,30.5,5.0
3,4183,has_attribute:RestaurantsGoodForGroups=True,,1,0.015151515151515152,0.0,0.32195121951219513,0.06221952143902167,0.006922921031984327,24.083333333333332,0.0
3,4183,has_attribute:NoiseLevel=quiet,,1,0.015151515151515152,0.0,0.32195121951219513,0.06221952143902167,0.006922921031984327,24.083333333333332,0.0
3,4183,has_attribute:GoodForKids=True,,2,0.030303030303030304,0.018133055449028965,0.4,0.14135354528407054,0.011208592017933755,29.5,0.5
3,4183,has_attribute:RestaurantsAttire=casual,,1,0.015151515151515152,0.0,0.32195121951219513,0.06221952143902167,0.006922921031984327,24.083333333333332,0.0
3,4183,has_attribute:BusinessAcceptsCreditCards=True,,3,0.045454545454545456,0.057239480962337115,0.4429530201342282,0.1648164580425032,0.015811217310849442,31.916666666666668,1.5
3,4183,has_attribute:Alcohol=full_bar,,1,0.015151515151515152,0.0,0.32195121951219513,0.06221952143902167,0.006922921031984327,24.083333333333332,0.0
3,4183,has_attribute:RestaurantsDelivery=False,,2,0.030303030303030304,0.018133055449028965,0.4,0.14135354528407054,0.011208592017933755,29.5,0.5
3,4183,"has_attribute:BusinessParking={garage: False, street: False, validated: False, lot: False, valet: True}",,1,0.015151515151515152,0.0,0.32195121951219513,0.06221952143902167,0.006922921031984327,24.083333333333332,0.0
3,4183,has_attribute:WiFi=free,,3,0.045454545454545456,0.057239480962337115,0.4429530201342282,0.1648164580425032,0.015811217310849442,31.916666666666668,1.5
3,4183,"has_attribute:Ambience={romantic: True, intimate: False, touristy: False, hipster: False, divey: False, classy: True, trendy: False, upscale: False, casual: False}",,1,0.015151515151515152,0.0,0.32195121951219513,0.06221952143902167,0.006922921031984327,24.083333333333332,0.0
3,4183,has_attribute:ByAppointmentOnly=True,,1,0.015151515151515152,0.0,0.32195121951219513,0.06221952143902167,0.006922921031984327,24.083333333333332,0.0
3,4183,has_attribute:OutdoorSeating=False,,2,0.030303030303030304,0.018133055449028965,0.4,0.14135354528407054,0.011208592017933755,29.5,0.5
3,4183,has_attribute:HasTV=True,,1,0.015151515151515152,0.0,0.32195121951219513,0.06221952143902167,0.006922921031984327,24.083333333333332,0.0
3,4183,has_attribute:RestaurantsPriceRange2=3,,1,0.015151515151515152,0.0,0.32195121951219513,0.06221952143902167,0.006922921031984327,24.083333333333332,0.0
3,4183,has_attribute:RestaurantsTakeOut=False,,2,0.030303030303030304,0.018133055449028965,0.4,0.14135354528407054,0.011208592017933755,29.5,0.5
3,4183,has_attribute:RestaurantsReservations=True,,2,0.030303030303030304,0.018133055449028965,0.4,0.14135354528407054,0.011208592017933755,29.5,0.5
3,4183,has_name:Le Pavillon Hotel,,1,0.015151515151515152,0.0,0.32195121951219513,0.06221952143902167,0.006922921031984327,24.083333333333332,0.0
3,4183,has_rating:3.5 stars,,1,0.015151515151515152,0.0,0.32195121951219513,0.06221952143902167,0.006922921031984327,24.083333333333332,0.0
3,4183,"has_coordinates:(29.9505, -90.0728)",,1,0.015151515151515152,0.0,0.32195121951219513,0.06221952143902167,0.006922921031984327,24.083333333333332,0.0
3,4183,status:open,,5,0.07575757575757576,0.2112476249060721,0.5196850393700787,0.220577176797251,0.02397608720094767,35.5,5.0
3,4183,has_category:Venues & Event Spaces,,1,0.015151515151515152,0.0,0.32195121951219513,0.06221952143902167,0.006922921031984327,24.083333333333332,0.0
3,4183,has_category:Event Planning & Services,,2,0.030303030303030304,0.020139860139860126,0.35294117647058826,0.08568243419745432,0.011525546324900013,26.75,0.5
3,4183,has_category:Restaurants,,2,0.030303030303030304,0.018133055449028965,0.4,0.14135354528407054,0.011208592017933755,29.5,0.5
3,4183,in_state:LA,,1,0.015151515151515152,0.0,0.32195121951219513,0.06221952143902167,0.006922921031984327,24.083333333333332,0.0
3,4183,located_in_city:New Orleans,,1,0.015151515151515152,0.0,0.32195121951219513,0.06221952143902167,0.006922921031984327,24.083333333333332,0.0
3,4183,has_postal_code:70112,,1,0.015151515151515152,0.0,0.32195121951219513,0.06221952143902167,0.006922921031984327,24.083333333333332,0.0
3,4183,has_review_count:571 reviews,,1,0.015151515151515152,0.0,0.32195121951219513,0.06221952143902167,0.006922921031984327,24.083333333333332,0.0
3,4359,has_category:Museums,,2,0.03225806451612903,0.019016995078115613,0.4,0.1381370426045218,0.011780612252222444,27.75,0.5
3,4359,has_category:Nightlife,,1,0.016129032258064516,0.0,0.3147208121827411,0.05288490944186617,0.0072418996578316975,22.083333333333332,0.0
3,4359,has_category:Music Venues,,1,0.016129032258064516,0.0,0.3147208121827411,0.05288490944186617,0.0072418996578316975,22.083333333333332,0.0
3,4359,has_category:Travel Services,,2,0.03225806451612903,0.019016995078115613,0.4,0.1381370426045218,0.011780612252222444,27.75,0.5
3,4359,has_category:Event Planning & Services,,2,0.03225806451612903,0.025444651000608578,0.3502824858757062,0.07620359929006998,0.012149186813878927,25.0,0.5
3,4359,has_category:Arts & Entertainment,,2,0.03225806451612903,0.019016995078115613,0.4,0.1381370426045218,0.011780612252222444,27.75,0.5
3,4359,has_category:Restaurants,,2,0.03225806451612903,0.019016995078115613,0.4,0.1381370426045218,0.011780612252222444,27.75,0.5
3,4359,has_category:Cafes,,1,0.016129032258064516,0.0,0.3147208121827411,0.05288490944186617,0.0072418996578316975,22.083333333333332,0.0
3,4359,has_category:Party & Event Planning,,1,0.016129032258064516,0.0,0.3147208121827411,0.05288490944186617,0.0072418996578316975,22.083333333333332,0.0
3,4359,status:open,,5,0.08064516129032258,0.18270310896920894,0.5210084033613446,0.22750850744511755,0.025225762596264967,33.5,5.0
3,4359,has_rating:4.0 stars,,2,0.03225806451612903,0.027517693927140336,0.35428571428571426,0.08592082884232255,0.011548692590770186,25.249999999999996,0.5
3,4359,"has_coordinates:(36.1609, -86.7758)",,1,0.016129032258064516,0.0,0.3147208121827411,0.05288490944186617,0.0072418996578316975,22.083333333333332,0.0
3,4359,has_attribute:GoodForKids=True,,2,0.03225806451612903,0.019016995078115613,0.4,0.1381370426045218,0.011780612252222444,27.75,0.5
3,4359,has_attribute:ByAppointmentOnly=False,,2,0.03225806451612903,0.019016995078115613,0.4,0.1381370426045218,0.011780612252222444,27.75,0.5
3,4359,has_attribute:WiFi=no,,1,0.016129032258064516,0.0,0.3147208121827411,0.05288490944186617,0.0072418996578316975,22.083333333333332,0.0
3,4359,has_attribute:RestaurantsAttire=casual,,1,0.016129032258064516,0.0,0.3147208121827411,0.05288490944186617,0.0072418996578316975,22.083333333333332,0.0
3,4359,has_attribute:BusinessAcceptsCreditCards=True,,3,0.04838709677419355,0.06647874594101878,0.4460431654676259,0.16145573245272557,0.016687899408269674,30.166666666666668,1.5
3,4359,has_attribute:DogsAllowed=False,,1,0.016129032258064516,0.0,0.3147208121827411,0.05288490944186617,0.0072418996578316975,22.083333333333332,0.0
3,4359,has_postal_code:37201,,1,0.016129032258064516,0.0,0.3147208121827411,0.05288490944186617,0.0072418996578316975,22.083333333333332,0.0
3,4359,in_state:TN,,1,0.016129032258064516,0.0,0.3147208121827411,0.05288490944186617,0.0072418996578316975,22.083333333333332,0.0
3,4359,has_name:Johnny Cash Museum,,1,0.016129032258064516,0.0,0.3147208121827411,0.05288490944186617,0.0072418996578316975,22.083333333333332,0.0
3,4359,located_in_city:Nashville,,1,0.016129032258064516,0.0,0.3147208121827411,0.05288490944186617,0.0072418996578316975,22.083333333333332,0.0
3,4359,has_review_count:418 reviews,,1,0.016129032258064516,0.0,0.3147208121827411,0.05288490944186617,0.0072418996578316975,22.083333333333332,0.0
3,4464,has_rating:4.5 stars,,3,0.046153846153846156,0.048367452526106317,0.42483660130718953,0.17074969963730768,0.01539598399414623,30.666666666666668,1.5
3,4464,has_attribute:GoodForKids=True,,2,0.03076923076923077,0.017507858727810653,0.3987730061349693,0.139978972013165,0.011344381253260625,29.0,0.5
3,4464,has_attribute:RestaurantsAttire=casual,,1,0.015384615384615385,0.0,0.32019704433497537,0.06052316766406808,0.006969674942658339,23.583333333333332,0.0
3,4464,has_attribute:RestaurantsTakeOut=False,,2,0.03076923076923077,0.017507858727810653,0.3987730061349693,0.139978972013165,0.011344381253260625,29.0,0.5
3,4464,has_attribute:RestaurantsDelivery=False,,2,0.03076923076923077,0.017507858727810653,0.3987730061349693,0.139978972013165,0.011344381253260625,29.0,0.5
3,4464,has_attribute:DogsAllowed=False,,1,0.015384615384615385,0.0,0.32019704433497537,0.06052316766406808,0.006969674942658339,23.583333333333332,0.0
3,4464,has_attribute:WiFi=free,,3,0.046153846153846156,0.056938794378698226,0.4421768707482993,0.16344886784788318,0.01600899027438354,31.416666666666668,1.5
3,4464,has_attribute:HasTV=True,,1,0.015384615384615385,0.0,0.32019704433497537,0.06052316766406808,0.006969674942658339,23.583333333333332,0.0
3,4464,has_attribute:NoiseLevel=very_loud,,1,0.015384615384615385,0.0,0.32019704433497537,0.06052316766406808,0.006969674942658339,23.583333333333332,0.0
3,4464,has_attribute:ByAppointmentOnly=True,,1,0.015384615384615385,0.0,0.32019704433497537,0.06052316766406808,0.006969674942658339,23.583333333333332,0.0
3,4464,"has_attribute:Ambience={romantic: False, intimate: False, touristy: False, hipster: False, divey: False, classy: False, trendy: False, upscale: False, casual: False}",,1,0.015384615384615385,0.0,0.32019704433497537,0.06052316766406808,0.006969674942658339,23.583333333333332,0.0
3,4464,has_attribute:OutdoorSeating=True,,1,0.015384615384615385,0.0,0.32019704433497537,0.06052316766406808,0.006969674942658339,23.583333333333332,0.0
3,4464,has_attribute:BusinessAcceptsCreditCards=True,,3,0.046153846153846156,0.056938794378698226,0.4421768707482993,0.16344886784788318,0.01600899027438354,31.416666666666668,1.5
3,4464,has_category:Event Planning & Services,,2,0.03076923076923077,0.019645432692307688,0.35135135135135137,0.08399306349878624,0.011634283963781258,26.25,0.5
3,4464,has_category:Stadiums & Arenas,,1,0.015384615384615385,0.0,0.32019704433497537,0.06052316766406808,0.006969674942658339,23.583333333333332,0.0
3,4464,has_category:Restaurants,,2,0.03076923076923077,0.017507858727810653,0.3987730061349693,0.139978972013165,0.011344381253260625,29.0,0.5
3,4464,has_category:Race Tracks,,1,0.015384615384615385,0.0,0.32019704433497537,0.06052316766406808,0.006969674942658339,23.583333333333332,0.0
3,4464,has_category:Automotive,,1,0.015384615384615385,0.0,0.32019704433497537,0.06052316766406808,0.006969674942658339,23.583333333333332,0.0
3,4464,has_category:Arts & Entertainment,,2,0.03076923076923077,0.017507858727810653,0.3987730061349693,0.139978972013165,0.011344381253260625,29.0,0.5
3,4464,has_review_count:214 reviews,,1,0.015384615384615385,0.0,0.32019704433497537,0.06052316766406808,0.006969674942658339,23.583333333333332,0.0
3,4464,has_postal_code:46222,,1,0.015384615384615385,0.0,0.32019704433497537,0.06052316766406808,0.006969674942658339,23.583333333333332,0.0
3,4464,has_name:Indianapolis Motor Speedway,,1,0.015384615384615385,0.0,0.32019704433497537,0.06052316766406808,0.006969674942658339,23.583333333333332,0.0
3,4464,in_state:IN,,1,0.015384615384615385,0.0,0.32019704433497537,0.06052316766406808,0.006969674942658339,23.583333333333332,0.0
3,4464,located_in_city:Indianapolis,,1,0.015384615384615385,0.0,0.32019704433497537,0.06052316766406808,0.006969674942658339,23.583333333333332,0.0
3,4464,status:open,,5,0.07692307692307693,0.18799850256581,0.52,0.22194333412982267,0.024276624313152757,35.0,5.0
3,4464,"has_coordinates:(39.7905, -86.2337)",,1,0.015384615384615385,0.0,0.32019704433497537,0.06052316766406808,0.006969674942658339,23.583333333333332,0.0
3,45,status:open,,5,0.08771929824561403,0.15438295374946945,0.5229357798165137,0.23335478111764568,0.028136863641414107,31.0,5.0
3,45,has_category:Professional Services,,1,0.017543859649122806,0.0,0.2923076923076923,0.03771078133882797,0.007822527472002773,18.583333333333336,0.0
3,45,has_category:Airports,,1,0.017543859649122806,0.0,0.2923076923076923,0.03771078133882797,0.007822527472002773,18.583333333333336,0.0
3,45,has_category:Local Services,,1,0.017543859649122806,0.0,0.2923076923076923,0.03771078133882797,0.007822527472002773,18.583333333333336,0.0
3,45,"has_coordinates:(39.8731, -75.2432)",,1,0.017543859649122806,0.0,0.2923076923076923,0.03771078133882797,0.007822527472002773,18.583333333333336,0.0
3,45,has_attribute:WiFi=free,,3,0.05263157894736842,0.06477130325814535,0.4351145038167939,0.15403994607658325,0.018582662051285954,27.416666666666668,1.5
3,45,has_attribute:ByAppointmentOnly=False,,2,0.03508771929824561,0.019893483709273185,0.3825503355704698,0.1277060237473269,0.013079566545395235,24.749999999999996,0.5
3,45,has_attribute:BusinessAcceptsCreditCards=True,,3,0.05263157894736842,0.06477130325814535,0.4351145038167939,0.15403994607658325,0.018582662051285954,27.416666666666668,1.5
3,45,in_state:PA,,5,0.08771929824561403,0.15438295374946945,0.5229357798165137,0.23335478111764568,0.028136863641414107,31.0,5.0
3,45,has_rating:2.5 stars,,1,0.017543859649122806,0.0,0.2923076923076923,0.03771078133882797,0.007822527472002773,18.583333333333336,0.0
3,45,located_in_city:Philadelphia,,4,0.07017543859649122,0.0711708680345231,0.44881889763779526,0.20702085878838933,0.02263376813552339,28.333333333333332,3.0
3,45,has_review_count:2149 reviews,,1,0.017543859649122806,0.0,0.2923076923076923,0.03771078133882797,0.007822527472002773,18.583333333333336,0.0
3,45,has_name:Philadelphia International Airport - PHL,,1,0.017543859649122806,0.0,0.2923076923076923,0.03771078133882797,0.007822527472002773,18.583333333333336,0.0
3,45,has_postal_code:19153,,1,0.017543859649122806,0.0,0.2923076923076923,0.03771078133882797,0.007822527472002773,18.583333333333336,0.0
3,473,has_category:Arts & Entertainment,,2,0.02631578947368421,0.020286360336782484,0.4198895027624309,0.1346134865779951,0.009830278888412413,35.0,0.5
3,473,has_category:Tours,,3,0.039473684210526314,0.040349342284124894,0.39378238341968913,0.12317948195148987,0.013067634460528232,33.91666666666667,1.5
3,473,has_category:Local Flavor,,2,0.02631578947368421,0.020286360336782484,0.4198895027624309,0.1346134865779951,0.009830278888412413,35.0,0.5
3,473,has_category:Music Venues,,1,0.013157894736842105,0.0,0.3438914027149321,0.07982065447789018,0.00609324295909664,29.583333333333332,0.0
3,473,has_category:Restaurants,,2,0.02631578947368421,0.020286360336782484,0.4198895027624309,0.1346134865779951,0.009830278888412413,35.0,0.5
3,473,has_category:Museums,,2,0.02631578947368421,0.020286360336782484,0.4198895027624309,0.1346134865779951,0.009830278888412413,35.0,0.5
3,473,has_category:Historical Tours,,2,0.02631578947368421,0.021390589726402107,0.3781094527363184,0.10111400997979325,0.009620429567958225,32.5,0.5
3,473,has_category:American (Traditional),,1,0.013157894736842105,0.0,0.3438914027149321,0.07982065447789018,0.00609324295909664,29.583333333333332,0.0
3,473,has_category:Nightlife,,1,0.013157894736842105,0.0,0.3438914027149321,0.07982065447789018,0.00609324295909664,29.583333333333332,0.0
3,473,has_category:Cinema,,1,0.013157894736842105,0.0,0.3438914027149321,0.07982065447789018,0.00609324295909664,29.583333333333332,0.0
3,473,has_attribute:BusinessAcceptsCreditCards=True,,3,0.039473684210526314,0.06594453404537826,0.46060606060606063,0.15002468015612094,0.013870917689563963,37.416666666666664,1.5
3,473,has_attribute:RestaurantsPriceRange2=2,,2,0.02631578947368421,0.03127330779054912,0.3781094527363184,0.095231848056016,0.01013388176024819,32.5,0.5
3,473,has_attribute:HappyHour=False,,1,0.013157894736842105,0.0,0.3438914027149321,0.07982065447789018,0.00609324295909664,29.583333333333332,0.0
3,473,has_attribute:OutdoorSeating=False,,2,0.02631578947368421,0.020286360336782484,0.4198895027624309,0.1346134865779951,0.009830278888412413,35.0,0.5
3,473,"has_attribute:BusinessParking={garage: False, street: True, validated: False, lot: True, valet: True}",,1,0.013157894736842105,0.0,0.3438914027149321,0.07982065447789018,0.00609324295909664,29.583333333333332,0.0
3,473,has_attribute:BikeParking=True,,1,0.013157894736842105,0.0,0.3438914027149321,0.07982065447789018,0.00609324295909664,29.583333333333332,0.0
3,473,has_attribute:WiFi=no,,1,0.013157894736842105,0.0,0.3438914027149321,0.07982065447789018,0.00609324295909664,29.583333333333332,0.0
3,473,has_attribute:CoatCheck=False,,1,0.013157894736842105,0.0,0.3438914027149321,0.07982065447789018,0.00609324295909664,29.583333333333332,0.0
3,473,"has_attribute:BestNights={monday: False, tuesday: False, friday: True, wednesday: False, thursday: False, sunday: True, saturday: True}",,1,0.013157894736842105,0.0,0.3438914027149321,0.07982065447789018,0.00609324295909664,29.583333333333332,0.0
3,473,has_attribute:Smoking=no,,1,0.013157894736842105,0.0,0.3438914027149321,0.07982065447789018,0.00609324295909664,29.583333333333332,0.0
3,473,"has_attribute:Music={dj: False, background_music: False, no_music: False, jukebox: False, live: True, video: False, karaoke: False}",,1,0.013157894736842105,0.0,0.3438914027149321,0.07982065447789018,0.00609324295909664,29.583333333333332,0.0
3,473,"has_attribute:Ambience={touristy: None, hipster: False, romantic: False, divey: False, intimate: None, trendy: None, upscale: False, classy: True, casual: True}",,1,0.013157894736842105,0.0,0.3438914027149321,0.07982065447789018,0.00609324295909664,29.583333333333332,0.0
3,473,has_attribute:GoodForKids=True,,2,0.02631578947368421,0.020286360336782484,0.4198895027624309,0.1346134865779951,0.009830278888412413,35.0,0.5
3,473,has_attribute:NoiseLevel=loud,,1,0.013157894736842105,0.0,0.3438914027149321,0.07982065447789018,0.00609324295909664,29.583333333333332,0.0
3,473,has_attribute:GoodForDancing=False,,1,0.013157894736842105,0.0,0.3438914027149321,0.07982065447789018,0.00609324295909664,29.583333333333332,0.0
3,473,has_attribute:Alcohol=full_bar,,1,0.013157894736842105,0.0,0.3438914027149321,0.07982065447789018,0.00609324295909664,29.583333333333332,0.0
3,473,has_attribute:WheelchairAccessible=True,,1,0.013157894736842105,0.0,0.3438914027149321,0.07982065447789018,0.00609324295909664,29.583333333333332,0.0
3,473,has_attribute:DogsAllowed=False,,1,0.013157894736842105,0.0,0.3438914027149321,0.07982065447789018,0.00609324295909664,29.583333333333332,0.0
3,473,has_attribute:RestaurantsAttire=casual,,1,0.013157894736842105,0.0,0.3438914027149321,0.07982065447789018,0.00609324295909664,29.583333333333332,0.0
3,473,has_attribute:HasTV=True,,1,0.013157894736842105,0.0,0.3438914027149321,0.07982065447789018,0.00609324295909664,29.583333333333332,0.0
3,473,has_attribute:RestaurantsGoodForGroups=True,,1,0.013157894736842105,0.0,0.3438914027149321,0.07982065447789018,0.00609324295909664,29.583333333333332,0.0
3,473,has_rating:4.5 stars,,3,0.039473684210526314,0.042150018619284024,0.4393063583815029,0.1566789585496917,0.013277483780982417,36.416666666666664,1.5
3,473,has_review_count:574 reviews,,1,0.013157894736842105,0.0,0.3438914027149321,0.07982065447789018,0.00609324295909664,29.583333333333332,0.0
3,473,status:open,,5,0.06578947368421052,0.13534425084415244,0.5170068027210885,0.19338350762972065,0.020845309190995556,40.5,5.0
3,473,has_name:Ryman Auditorium,,1,0.013157894736842105,0.0,0.3438914027149321,0.07982065447789018,0.00609324295909664,29.583333333333332,0.0
3,473,located_in_city:Nashville,,1,0.013157894736842105,0.0,0.3438914027149321,0.07982065447789018,0.00609324295909664,29.583333333333332,0.0
3,473,"has_coordinates:(36.1612, -86.7785)",,1,0.013157894736842105,0.0,0.3438914027149321,0.07982065447789018,0.00609324295909664,29.583333333333332,0.0
3,473,has_postal_code:37219,,1,0.013157894736842105,0.0,0.3438914027149321,0.07982065447789018,0.00609324295909664,29.583333333333332,0.0
3,473,in_state:TN,,1,0.013157894736842105,0.0,0.3438914027149321,0.07982065447789018,0.00609324295909664,29.583333333333332,0.0
3,4825,located_in_city:Philadelphia,,4,0.07547169811320754,0.07366520581299738,0.4690265486725664,0.2055103639793972,0.023540227758820965,27.083333333333332,3.0
3,4825,has_attribute:WiFi=free,,3,0.05660377358490566,0.05445110582896089,0.43089430894308944,0.15581886645144055,0.01869573377574019,25.416666666666668,1.5
3,4825,has_attribute:BusinessAcceptsCreditCards=True,,3,0.05660377358490566,0.05445110582896089,0.43089430894308944,0.15581886645144055,0.01869573377574019,25.416666666666668,1.5
3,4825,has_attribute:RestaurantsPriceRange2=2,,2,0.03773584905660377,0.003400373211693966,0.30994152046783624,0.06631094924432884,0.013073709949938854,19.0,0.5
3,4825,has_postal_code:19103,,1,0.018867924528301886,0.0,0.2896174863387978,0.03579114846676815,0.00784148060906627,17.083333333333336,0.0
3,4825,status:open,,5,0.09433962264150943,0.14237601409571518,0.5247524752475248,0.2360301647569579,0.028772457099693553,29.0,5.0
3,4825,has_category:Event Planning & Services,,2,0.03773584905660377,0.003400373211693966,0.30994152046783624,0.06631094924432884,0.013073709949938854,19.0,0.5
3,4825,has_name:Club Quarters Philadelphia,,1,0.018867924528301886,0.0,0.2896174863387978,0.03579114846676815,0.00784148060906627,17.083333333333336,0.0
3,4825,has_review_count:402 reviews,,1,0.018867924528301886,0.0,0.2896174863387978,0.03579114846676815,0.00784148060906627,17.083333333333336,0.0
3,4825,has_rating:3.0 stars,,2,0.03773584905660377,0.003400373211693966,0.30994152046783624,0.06631094924432884,0.013073709949938854,19.0,0.5
3,4825,"has_coordinates:(39.9513, -75.1684)",,1,0.018867924528301886,0.0,0.2896174863387978,0.03579114846676815,0.00784148060906627,17.083333333333336,0.0
3,4825,in_state:PA,,5,0.09433962264150943,0.14237601409571518,0.5247524752475248,0.2360301647569579,0.028772457099693553,29.0,5.0
3,4830,has_name:Philadelphia International Airport - Terminal F,,1,0.017857142857142856,0.0,0.28717948717948716,0.031949162100949925,0.008039464411284798,17.833333333333336,0.0
3,4830,in_state:PA,,5,0.08928571428571427,0.16265914786496855,0.5233644859813084,0.2326246928828809,0.028887855221388762,30.5,5.0
3,4830,has_attribute:ByAppointmentOnly=False,,2,0.03571428571428571,0.02245572609208973,0.38095238095238093,0.12449830702516065,0.013435020050698,24.249999999999996,0.5
3,4830,has_attribute:WiFi=free,,3,0.05357142857142857,0.07234714960364305,0.43410852713178294,0.15011313490192074,0.019118955004583126,26.916666666666668,1.5
3,4830,located_in_city:Philadelphia,,4,0.07142857142857142,0.0727260363403252,0.448,0.20700986500612084,0.02320392026750363,27.833333333333332,3.0
3,4830,has_postal_code:19153,,1,0.017857142857142856,0.0,0.28717948717948716,0.031949162100949925,0.008039464411284798,17.833333333333336,0.0
3,4830,has_category:Airports,,1,0.017857142857142856,0.0,0.28717948717948716,0.031949162100949925,0.008039464411284798,17.833333333333336,0.0
3,4830,has_category:Airport Terminals,,1,0.017857142857142856,0.0,0.28717948717948716,0.031949162100949925,0.008039464411284798,17.833333333333336,0.0
3,4830,has_rating:2.5 stars,,1,0.017857142857142856,0.0,0.28717948717948716,0.031949162100949925,0.008039464411284798,17.833333333333336,0.0
3,4830,"has_coordinates:(39.8952, -75.2280)",,1,0.017857142857142856,0.0,0.28717948717948716,0.031949162100949925,0.008039464411284798,17.833333333333336,0.0
3,4830,has_review_count:146 reviews,,1,0.017857142857142856,0.0,0.28717948717948716,0.031949162100949925,0.008039464411284798,17.833333333333332,0.0
3,4830,status:open,,5,0.08928571428571427,0.16265914786496855,0.5233644859813084,0.2326246928828809,0.028887855221388762,30.5,5.0
3,4942,has_category:Airport Shuttles,,1,0.017857142857142856,0.0,0.2962962962962963,0.0420606414568771,0.0076015615604126605,18.583333333333336,0.0
3,4942,has_category:Party Bus Rentals,,1,0.017857142857142856,0.0,0.2962962962962963,0.0420606414568771,0.0076015615604126605,18.583333333333336,0.0
3,4942,has_category:Buses,,1,0.017857142857142856,0.0,0.2962962962962963,0.0420606414568771,0.0076015615604126605,18.583333333333336,0.0
3,4942,has_category:Transportation,,1,0.017857142857142856,0.0,0.2962962962962963,0.0420606414568771,0.0076015615604126605,18.583333333333336,0.0
3,4942,has_category:Tours,,3,0.05357142857142857,0.017467964230386587,0.34355828220858897,0.12493566470971168,0.01707362949190078,22.666666666666664,1.5
3,4942,has_category:Event Planning & Services,,2,0.03571428571428571,0.00902060902060902,0.3236994219653179,0.0693754714832409,0.012829495645387393,21.0,0.5
3,4942,has_name:Philadelphia Sightseeing Tours & Transportation,,1,0.017857142857142856,0.0,0.2962962962962963,0.0420606414568771,0.0076015615604126605,18.583333333333336,0.0
3,4942,status:open,,5,0.08928571428571427,0.1363230092888477,0.5233644859813084,0.23683590159084983,0.02766964124025907,30.5,5.0
3,4942,located_in_city:Philadelphia,,4,0.07142857142857142,0.06726424714002356,0.4628099173553719,0.209521071564486,0.02244170715528434,28.333333333333332,3.0
3,4942,has_attribute:BusinessAcceptsCreditCards=True,,3,0.05357142857142857,0.06375769962726481,0.4409448818897638,0.1539608783380152,0.018197573308770948,27.166666666666668,1.5
3,4942,has_postal_code:19106,,4,0.07142857142857142,0.06726424714002356,0.4628099173553719,0.209521071564486,0.02244170715528434,28.333333333333332,3.0
3,4942,has_review_count:108 reviews,,1,0.017857142857142856,0.0,0.2962962962962963,0.0420606414568771,0.0076015615604126605,18.583333333333336,0.0
3,4942,has_rating:3.0 stars,,2,0.03571428571428571,0.00902060902060902,0.3236994219653179,0.0693754714832409,0.012829495645387393,21.0,0.5
3,4942,"has_coordinates:(39.9498, -75.1488)",,1,0.017857142857142856,0.0,0.2962962962962963,0.0420606414568771,0.0076015615604126605,18.583333333333336,0.0
3,4942,in_state:PA,,5,0.08928571428571427,0.1363230092888477,0.5233644859813084,0.23683590159084983,0.02766964124025907,30.5,5.0
3,4990,has_attribute:RestaurantsGoodForGroups=True,,1,0.014492753623188406,0.0,0.32701421800947866,0.0674993901858614,0.006681563591197872,25.583333333333332,0.0
3,4990,has_attribute:Alcohol=full_bar,,1,0.014492753623188406,0.0,0.32701421800947866,0.0674993901858614,0.006681563591197872,25.583333333333332,0.0
3,4990,"has_attribute:BusinessParking={garage: False, street: False, validated: False, lot: True, valet: False}",,1,0.014492753623188406,0.0,0.32701421800947866,0.0674993901858614,0.006681563591197872,25.583333333333332,0.0
3,4990,has_attribute:DogsAllowed=True,,1,0.014492753623188406,0.0,0.32701421800947866,0.0674993901858614,0.006681563591197872,25.583333333333332,0.0
3,4990,has_attribute:WheelchairAccessible=True,,1,0.014492753623188406,0.0,0.32701421800947866,0.0674993901858614,0.006681563591197872,25.583333333333332,0.0
3,4990,has_attribute:OutdoorSeating=True,,1,0.014492753623188406,0.0,0.32701421800947866,0.0674993901858614,0.006681563591197872,25.583333333333332,0.0
3,4990,has_attribute:GoodForKids=True,,2,0.028985507246376812,0.022316462695785515,0.40828402366863903,0.13936967736745692,0.010849225275957691,31.249999999999996,0.5
3,4990,has_attribute:RestaurantsPriceRange2=2,,2,0.028985507246376812,0.021369707303211125,0.35751295336787564,0.08994595036860063,0.011134808008068146,28.25,0.5
3,4990,has_attribute:RestaurantsReservations=True,,2,0.028985507246376812,0.022316462695785515,0.40828402366863903,0.13936967736745692,0.010849225275957691,31.249999999999996,0.5
3,4990,has_attribute:RestaurantsAttire=casual,,1,0.014492753623188406,0.0,0.32701421800947866,0.0674993901858614,0.006681563591197872,25.583333333333332,0.0
3,4990,has_attribute:BikeParking=True,,1,0.014492753623188406,0.0,0.32701421800947866,0.0674993901858614,0.006681563591197872,25.583333333333332,0.0
3,4990,has_attribute:ByAppointmentOnly=False,,2,0.028985507246376812,0.022316462695785515,0.40828402366863903,0.13936967736745692,0.010849225275957691,31.249999999999996,0.5
3,4990,has_attribute:BusinessAcceptsCreditCards=True,,3,0.043478260869565216,0.06151920901170318,0.45098039215686275,0.16181623755019614,0.01530246969282797,33.66666666666667,1.5
3,4990,has_category:Local Flavor,,2,0.028985507246376812,0.022316462695785515,0.40828402366863903,0.13936967736745692,0.010849225275957691,31.249999999999996,0.5
3,4990,has_category:American (Traditional),,1,0.014492753623188406,0.0,0.32701421800947866,0.0674993901858614,0.006681563591197872,25.583333333333332,0.0
3,4990,has_category:Dry Cleaning & Laundry,,1,0.014492753623188406,0.0,0.32701421800947866,0.0674993901858614,0.006681563591197872,25.583333333333332,0.0
3,4990,has_category:Shopping Centers,,1,0.014492753623188406,0.0,0.32701421800947866,0.0674993901858614,0.006681563591197872,25.583333333333332,0.0
3,4990,has_category:Shopping,,1,0.014492753623188406,0.0,0.32701421800947866,0.0674993901858614,0.006681563591197872,25.583333333333332,0.0
3,4990,has_category:Local Services,,1,0.014492753623188406,0.0,0.32701421800947866,0.0674993901858614,0.006681563591197872,25.583333333333332,0.0
3,4990,has_category:Fashion,,1,0.014492753623188406,0.0,0.32701421800947866,0.0674993901858614,0.006681563591197872,25.583333333333332,0.0
3,4990,has_category:Restaurants,,2,0.028985507246376812,0.022316462695785515,0.40828402366863903,0.13936967736745692,0.010849225275957691,31.249999999999996,0.5
3,4990,has_category:Accessories,,1,0.014492753623188406,0.0,0.32701421800947866,0.0674993901858614,0.006681563591197872,25.583333333333332,0.0
3,4990,status:open,,5,0.07246376811594203,0.1475507121615044,0.518796992481203,0.21977125062264727,0.02305197717668009,37.0,5.0
3,4990,has_review_count:177 reviews,,1,0.014492753623188406,0.0,0.32701421800947866,0.0674993901858614,0.006681563591197872,25.583333333333332,0.0
3,4990,"has_coordinates:(40.3474, -75.0323)",,1,0.014492753623188406,0.0,0.32701421800947866,0.0674993901858614,0.006681563591197872,25.583333333333332,0.0
3,4990,located_in_city:Lahaska,,1,0.014492753623188406,0.0,0.32701421800947866,0.0674993901858614,0.006681563591197872,25.583333333333332,0.0
3,4990,has_postal_code:18931,,1,0.014492753623188406,0.0,0.32701421800947866,0.0674993901858614,0.006681563591197872,25.583333333333332,0.0
3,4990,in_state:PA,,5,0.07246376811594203,0.1475507121615044,0.518796992481203,0.21977125062264727,0.02305197717668009,37.0,5.0
3,4990,has_rating:4.0 stars,,2,0.028985507246376812,0.021533964756471177,0.3612565445026178,0.09680499187504063,0.010591565185703523,28.499999999999996,0.5
3,4990,has_name:Peddler's Village,,1,0.014492753623188406,0.0,0.32701421800947866,0.0674993901858614,0.006681563591197872,25.583333333333332,0.0
3,5061,in_state:LA,,1,0.016666666666666666,0.0,0.2955665024630542,0.026556395259308044,0.007855739104067085,19.833333333333332,0.0
3,5061,has_category:Parks,,1,0.016666666666666666,0.0,0.2955665024630542,0.026556395259308044,0.007855739104067085,19.833333333333332,0.0
3,5061,has_category:Aquariums,,1,0.016666666666666666,0.0,0.2955665024630542,0.026556395259308044,0.007855739104067085,19.833333333333332,0.0
3,5061,has_category:Tours,,3,0.05,0.03802735870532481,0.3468208092485549,0.11191406174733634,0.016916965709261517,24.416666666666664,1.5
3,5061,has_category:Active Life,,1,0.016666666666666666,0.0,0.2955665024630542,0.026556395259308044,0.007855739104067085,19.833333333333332,0.0
3,5061,has_name:Woldenberg Park,,1,0.016666666666666666,0.0,0.2955665024630542,0.026556395259308044,0.007855739104067085,19.833333333333332,0.0
3,5061,status:open,,5,0.08333333333333333,0.2413262177245226,0.5217391304347826,0.23151776759936868,0.027339096410095794,32.5,5.0
3,5061,"has_coordinates:(29.9510, -90.0631)",,1,0.016666666666666666,0.0,0.2955665024630542,0.026556395259308044,0.007855739104067085,19.833333333333332,0.0
3,5061,has_postal_code:70130,,1,0.016666666666666666,0.0,0.2955665024630542,0.026556395259308044,0.007855739104067085,19.833333333333332,0.0
3,5061,has_review_count:55 reviews,,1,0.016666666666666666,0.0,0.2955665024630542,0.026556395259308044,0.007855739104067085,19.833333333333332,0.0
3,5061,has_attribute:GoodForKids=True,,2,0.03333333333333333,0.05151174782530717,0.3973509933774834,0.12176171427342154,0.012888292773526154,26.75,0.5
3,5061,has_attribute:BusinessAcceptsCreditCards=False,,1,0.016666666666666666,0.0,0.2955665024630542,0.026556395259308044,0.007855739104067085,19.833333333333332,0.0
3,5061,"has_attribute:BusinessParking={garage: True, street: False, validated: False, lot: False, valet: False}",,2,0.03333333333333333,0.05151174782530717,0.3973509933774834,0.12176171427342154,0.012888292773526154,26.75,0.5
3,5061,has_attribute:BikeParking=True,,1,0.016666666666666666,0.0,0.2955665024630542,0.026556395259308044,0.007855739104067085,19.833333333333332,0.0
3,5061,located_in_city:New Orleans,,1,0.016666666666666666,0.0,0.2955665024630542,0.026556395259308044,0.007855739104067085,19.833333333333332,0.0
3,5061,has_rating:4.0 stars,,2,0.03333333333333333,0.016070307595731328,0.32786885245901637,0.06881897632109898,0.012424151591609093,22.749999999999996,0.5
3,522,status:open,,5,0.0819672131147541,0.22986993545233408,0.5213675213675214,0.23209700296375693,0.0269869947149999,33.0,5.0
3,522,has_review_count:949 reviews,,1,0.01639344262295082,0.0,0.2975609756097561,0.03270451024305137,0.007793391211376092,20.333333333333332,0.0
3,522,has_category:Transportation,,1,0.01639344262295082,0.0,0.2975609756097561,0.03270451024305137,0.007793391211376092,20.333333333333332,0.0
3,522,has_category:Airports,,1,0.01639344262295082,0.0,0.2975609756097561,0.03270451024305137,0.007793391211376092,20.333333333333332,0.0
3,522,has_category:Car Rental,,1,0.01639344262295082,0.0,0.2975609756097561,0.03270451024305137,0.007793391211376092,20.333333333333332,0.0
3,522,has_rating:3.5 stars,,1,0.01639344262295082,0.0,0.2975609756097561,0.03270451024305137,0.007793391211376092,20.333333333333332,0.0
3,522,has_name:Nashville International Airport - BNA,,1,0.01639344262295082,0.0,0.2975609756097561,0.03270451024305137,0.007793391211376092,20.333333333333332,0.0
3,522,located_in_city:Nashville,,1,0.01639344262295082,0.0,0.2975609756097561,0.03270451024305137,0.007793391211376092,20.333333333333332,0.0
3,522,"has_coordinates:(36.1343, -86.6728)",,1,0.01639344262295082,0.0,0.2975609756097561,0.03270451024305137,0.007793391211376092,20.333333333333332,0.0
3,522,has_attribute:RestaurantsGoodForGroups=True,,1,0.01639344262295082,0.0,0.2975609756097561,0.03270451024305137,0.007793391211376092,20.333333333333332,0.0
3,522,has_attribute:OutdoorSeating=False,,2,0.03278688524590164,0.03152745251105904,0.3885350318471338,0.12724237543076822,0.012721624149482386,26.75,0.5
3,522,has_attribute:BusinessAcceptsCreditCards=True,,3,0.04918032786885246,0.08176945094977889,0.43884892086330934,0.15336749094817614,0.01794453311296008,29.416666666666668,1.5
3,522,has_attribute:RestaurantsPriceRange2=1,,1,0.01639344262295082,0.0,0.2975609756097561,0.03270451024305137,0.007793391211376092,20.333333333333332,0.0
3,522,has_attribute:WiFi=free,,3,0.04918032786885246,0.08176945094977889,0.43884892086330934,0.15336749094817614,0.01794453311296008,29.416666666666668,1.5
3,522,has_attribute:ByAppointmentOnly=False,,2,0.03278688524590164,0.03152745251105904,0.3885350318471338,0.12724237543076822,0.012721624149482386,26.75,0.5
3,522,in_state:TN,,1,0.01639344262295082,0.0,0.2975609756097561,0.03270451024305137,0.007793391211376092,20.333333333333332,0.0
3,522,has_postal_code:37214,,1,0.01639344262295082,0.0,0.2975609756097561,0.03270451024305137,0.007793391211376092,20.333333333333332,0.0
3,5605,has_attribute:BikeParking=True,,1,0.015873015873015872,0.0,0.3073170731707317,0.042242363962605625,0.0073874078979378486,21.833333333333332,0.0
3,5605,has_attribute:GoodForKids=True,,2,0.031746031746031744,0.03385564482203139,0.4012738853503185,0.13199791491336377,0.012083948895301065,28.25,0.5
3,5605,"has_attribute:BusinessParking={garage: False, street: True, validated: False, lot: False, valet: False}",,1,0.015873015873015872,0.0,0.3073170731707317,0.042242363962605625,0.0073874078979378486,21.833333333333332,0.0
3,5605,has_attribute:BusinessAcceptsCreditCards=True,,3,0.047619047619047616,0.08132079557307709,0.44680851063829785,0.15751301248968164,0.017000095771916152,30.666666666666668,1.5
3,5605,has_attribute:ByAppointmentOnly=False,,2,0.031746031746031744,0.03385564482203139,0.4012738853503185,0.13199791491336377,0.012083948895301065,28.25,0.5
3,5605,located_in_city:New Orleans,,1,0.015873015873015872,0.0,0.3073170731707317,0.042242363962605625,0.0073874078979378486,21.833333333333332,0.0
3,5605,has_category:Zoos,,1,0.015873015873015872,0.0,0.3073170731707317,0.042242363962605625,0.0073874078979378486,21.833333333333332,0.0
3,5605,has_category:Event Planning & Services,,2,0.031746031746031744,0.024442615755979807,0.34054054054054056,0.0677574615389235,0.012303554774552937,24.75,0.5
3,5605,has_category:Cinema,,1,0.015873015873015872,0.0,0.3073170731707317,0.042242363962605625,0.0073874078979378486,21.833333333333332,0.0
3,5605,has_category:Tours,,3,0.047619047619047616,0.05348734325421772,0.36416184971098264,0.11952247908222333,0.016033124551238905,26.666666666666664,1.5
3,5605,has_category:Arts & Entertainment,,2,0.031746031746031744,0.03385564482203139,0.4012738853503185,0.13199791491336377,0.012083948895301065,28.25,0.5
3,5605,has_category:Aquariums,,1,0.015873015873015872,0.0,0.3073170731707317,0.042242363962605625,0.0073874078979378486,21.833333333333332,0.0
3,5605,has_category:Active Life,,1,0.015873015873015872,0.0,0.3073170731707317,0.042242363962605625,0.0073874078979378486,21.833333333333332,0.0
3,5605,has_category:Caterers,,1,0.015873015873015872,0.0,0.3073170731707317,0.042242363962605625,0.0073874078979378486,21.833333333333332,0.0
3,5605,"has_coordinates:(29.9510, -90.0631)",,1,0.015873015873015872,0.0,0.3073170731707317,0.042242363962605625,0.0073874078979378486,21.833333333333332,0.0
3,5605,has_rating:3.5 stars,,1,0.015873015873015872,0.0,0.3073170731707317,0.042242363962605625,0.0073874078979378486,21.833333333333332,0.0
3,5605,status:open,,5,0.07936507936507936,0.1818080194957398,0.5206611570247934,0.23479312760929938,0.025645812425217206,34.0,5.0
3,5605,has_review_count:523 reviews,,1,0.015873015873015872,0.0,0.3073170731707317,0.042242363962605625,0.0073874078979378486,21.833333333333332,0.0
3,5605,has_name:Audubon Aquarium of the Americas,,1,0.015873015873015872,0.0,0.3073170731707317,0.042242363962605625,0.0073874078979378486,21.833333333333332,0.0
3,5605,in_state:LA,,1,0.015873015873015872,0.0,0.3073170731707317,0.042242363962605625,0.0073874078979378486,21.833333333333332,0.0
3,5605,has_postal_code:70130,,1,0.015873015873015872,0.0,0.3073170731707317,0.042242363962605625,0.0073874078979378486,21.833333333333332,0.0
3,5855,has_category:Walking Tours,,1,0.017241379310344827,0.0,0.28292682926829266,0.012475456983877142,0.00861900424134178,18.083333333333332,0.0
3,5855,has_category:Tours,,3,0.05172413793103448,0.046313839417287714,0.3352601156069364,0.09969471735509289,0.018279151838921207,22.916666666666664,1.5
3,5855,has_name:Free Tours By Foot,,1,0.017241379310344827,0.0,0.28292682926829266,0.012475456983877142,0.00861900424134178,18.083333333333332,0.0
3,5855,in_state:LA,,1,0.017241379310344827,0.0,0.28292682926829266,0.012475456983877142,0.00861900424134178,18.083333333333332,0.0
3,5855,status:open,,5,0.08620689655172414,0.3355769050964392,0.5225225225225225,0.22362424574002965,0.029302040002552206,31.5,5.0
3,5855,has_review_count:769 reviews,,1,0.017241379310344827,0.0,0.28292682926829266,0.012475456983877142,0.00861900424134178,18.083333333333332,0.0
3,5855,has_attribute:WiFi=no,,1,0.017241379310344827,0.0,0.28292682926829266,0.012475456983877142,0.00861900424134178,18.083333333333332,0.0
3,5855,located_in_city:New Orleans,,1,0.017241379310344827,0.0,0.28292682926829266,0.012475456983877142,0.00861900424134178,18.083333333333332,0.0
3,5855,has_postal_code:70130,,1,0.017241379310344827,0.0,0.28292682926829266,0.012475456983877142,0.00861900424134178,18.083333333333332,0.0
3,5855,has_rating:5.0 stars,,1,0.017241379310344827,0.0,0.28292682926829266,0.012475456983877142,0.00861900424134178,18.083333333333332,0.0
3,5855,"has_coordinates:(29.9254, -90.0800)",,1,0.017241379310344827,0.0,0.28292682926829266,0.012475456983877142,0.00861900424134178,18.083333333333332,0.0
3,774,has_category:Arts & Entertainment,,2,0.03508771929824561,0.01403361614551355,0.3877551020408163,0.1315591057101049,0.012499410392679119,25.0,0.5
3,774,has_category:Museums,,2,0.03508771929824561,0.01403361614551355,0.3877551020408163,0.1315591057101049,0.012499410392679119,25.0,0.5
3,774,has_category:Public Services & Government,,4,0.07017543859649122,0.05474859759468343,0.44881889763779526,0.2085466398549772,0.021720636868193064,28.333333333333332,3.0
3,774,has_category:Tours,,3,0.05263157894736842,0.019853028930870598,0.3496932515337423,0.12387021331738238,0.016720318136222892,23.416666666666664,1.5
3,774,has_category:Landmarks & Historical Buildings,,4,0.07017543859649122,0.05474859759468343,0.44881889763779526,0.2085466398549772,0.021720636868193064,28.333333333333332,3.0
3,774,has_review_count:1637 reviews,,1,0.017543859649122806,0.0,0.30158730158730157,0.0468826791725101,0.007499091660708952,19.333333333333332,0.0
3,774,status:open,,5,0.08771929824561403,0.18352478868290437,0.5229357798165137,0.22831888100550154,0.027289225741565,31.0,5.0
3,774,in_state:LA,,1,0.017543859649122806,0.0,0.30158730158730157,0.0468826791725101,0.007499091660708952,19.333333333333332,0.0
3,774,has_name:The National WWII Museum,,1,0.017543859649122806,0.0,0.30158730158730157,0.0468826791725101,0.007499091660708952,19.333333333333332,0.0
3,774,has_attribute:GoodForKids=True,,2,0.03508771929824561,0.01403361614551355,0.3877551020408163,0.1315591057101049,0.012499410392679119,25.0,0.5
3,774,has_attribute:RestaurantsAttire=casual,,1,0.017543859649122806,0.0,0.30158730158730157,0.0468826791725101,0.007499091660708952,19.333333333333332,0.0
3,774,has_attribute:ByAppointmentOnly=False,,2,0.03508771929824561,0.01403361614551355,0.3877551020408163,0.1315591057101049,0.012499410392679119,25.0,0.5
3,774,has_attribute:DogsAllowed=False,,1,0.017543859649122806,0.0,0.30158730158730157,0.0468826791725101,0.007499091660708952,19.333333333333332,0.0
3,774,has_rating:4.5 stars,,3,0.05263157894736842,0.028003581099556352,0.41007194244604317,0.17139044359257774,0.017011775703736767,26.416666666666668,1.5
3,774,has_postal_code:70130,,1,0.017543859649122806,0.0,0.30158730158730157,0.0468826791725101,0.007499091660708952,19.333333333333332,0.0
3,774,located_in_city:New Orleans,,1,0.017543859649122806,0.0,0.30158730158730157,0.0468826791725101,0.007499091660708952,19.333333333333332,0.0
3,774,"has_coordinates:(29.9427, -90.0704)",,1,0.017543859649122806,0.0,0.30158730158730157,0.0468826791725101,0.007499091660708952,19.333333333333332,0.0
3,888,has_category:Party & Event Planning,,1,0.014925373134328358,0.0,0.32682926829268294,0.06605733560895417,0.006803666755944496,24.833333333333332,0.0
3,888,has_category:Venues & Event Spaces,,1,0.014925373134328358,0.0,0.32682926829268294,0.06605733560895417,0.006803666755944496,24.833333333333332,0.0
3,888,has_category:Restaurants,,2,0.029850746268656716,0.01878235780792377,0.40606060606060607,0.14204427147195386,0.010981365338824812,30.25,0.5
3,888,has_category:Event Planning & Services,,2,0.029850746268656716,0.019042607475443295,0.3582887700534759,0.08885851221903095,0.011233339449979588,27.5,0.5
3,888,has_attribute:ByAppointmentOnly=False,,2,0.029850746268656716,0.01878235780792377,0.40606060606060607,0.14204427147195386,0.010981365338824812,30.25,0.5
3,888,has_attribute:RestaurantsGoodForGroups=True,,1,0.014925373134328358,0.0,0.32682926829268294,0.06605733560895417,0.006803666755944496,24.833333333333332,0.0
3,888,has_attribute:GoodForKids=True,,2,0.029850746268656716,0.01878235780792377,0.40606060606060607,0.14204427147195386,0.010981365338824812,30.25,0.5
3,888,has_attribute:RestaurantsTakeOut=False,,2,0.029850746268656716,0.01878235780792377,0.40606060606060607,0.14204427147195386,0.010981365338824812,30.25,0.5
3,888,has_attribute:RestaurantsReservations=True,,2,0.029850746268656716,0.01878235780792377,0.40606060606060607,0.14204427147195386,0.010981365338824812,30.25,0.5
3,888,has_attribute:WiFi=paid,,1,0.014925373134328358,0.0,0.32682926829268294,0.06605733560895417,0.006803666755944496,24.833333333333332,0.0
3,888,has_attribute:RestaurantsPriceRange2=2,,2,0.029850746268656716,0.019042607475443295,0.3582887700534759,0.08885851221903095,0.011233339449979588,27.5,0.5
3,888,has_attribute:NoiseLevel=average,,1,0.014925373134328358,0.0,0.32682926829268294,0.06605733560895417,0.006803666755944496,24.833333333333332,0.0
3,888,"has_attribute:BusinessParking={garage: False, street: False, validated: False, lot: False, valet: True}",,1,0.014925373134328358,0.0,0.32682926829268294,0.06605733560895417,0.006803666755944496,24.833333333333332,0.0
3,888,has_attribute:DogsAllowed=True,,1,0.014925373134328358,0.0,0.32682926829268294,0.06605733560895417,0.006803666755944496,24.833333333333332,0.0
3,888,has_attribute:BusinessAcceptsCreditCards=True,,3,0.04477611940298507,0.05414686455891905,0.44370860927152317,0.16484544808203064,0.015411038032859904,32.41666666666667,1.5
3,888,has_attribute:HasTV=True,,1,0.014925373134328358,0.0,0.32682926829268294,0.06605733560895417,0.006803666755944496,24.833333333333332,0.0
3,888,has_attribute:Alcohol=full_bar,,1,0.014925373134328358,0.0,0.32682926829268294,0.06605733560895417,0.006803666755944496,24.833333333333332,0.0
3,888,"has_attribute:Ambience={romantic: False, intimate: False, touristy: False, hipster: False, divey: False, classy: False, trendy: False, upscale: False, casual: False}",,1,0.014925373134328358,0.0,0.32682926829268294,0.06605733560895417,0.006803666755944496,24.833333333333332,0.0
3,888,has_attribute:RestaurantsDelivery=False,,2,0.029850746268656716,0.01878235780792377,0.40606060606060607,0.14204427147195386,0.010981365338824812,30.25,0.5
3,888,has_attribute:RestaurantsAttire=casual,,1,0.014925373134328358,0.0,0.32682926829268294,0.06605733560895417,0.006803666755944496,24.833333333333332,0.0
3,888,has_attribute:OutdoorSeating=False,,2,0.029850746268656716,0.01878235780792377,0.40606060606060607,0.14204427147195386,0.010981365338824812,30.25,0.5
3,888,"has_coordinates:(29.9451, -90.0662)",,1,0.014925373134328358,0.0,0.32682926829268294,0.06605733560895417,0.006803666755944496,24.833333333333332,0.0
3,888,has_rating:2.5 stars,,1,0.014925373134328358,0.0,0.32682926829268294,0.06605733560895417,0.006803666755944496,24.833333333333332,0.0
3,888,located_in_city:New Orleans,,1,0.014925373134328358,0.0,0.32682926829268294,0.06605733560895417,0.006803666755944496,24.833333333333332,0.0
3,888,status:open,,5,0.07462686567164178,0.20987093418274122,0.5193798449612403,0.21740800679351197,0.02341578153764307,36.0,5.0
3,888,has_name:Embassy Suites by Hilton New Orleans,,1,0.014925373134328358,0.0,0.32682926829268294,0.06605733560895417,0.006803666755944496,24.833333333333332,0.0
3,888,has_review_count:276 reviews,,1,0.014925373134328358,0.0,0.32682926829268294,0.06605733560895417,0.006803666755944496,24.833333333333332,0.0
3,888,in_state:LA,,1,0.014925373134328358,0.0,0.32682926829268294,0.06605733560895417,0.006803666755944496,24.833333333333332,0.0
3,888,has_postal_code:70130,,1,0.014925373134328358,0.0,0.32682926829268294,0.06605733560895417,0.006803666755944496,24.833333333333332,0.0
3,901,"has_coordinates:(39.9490, -75.1478)",,1,0.017543859649122806,0.0,0.29842931937172773,0.04409833161658393,0.007563232845778086,19.083333333333336,0.0
3,901,has_name:Renaissance Philadelphia Downtown Hotel,,1,0.017543859649122806,0.0,0.29842931937172773,0.04409833161658393,0.007563232845778086,19.083333333333336,0.0
3,901,status:open,,5,0.08771929824561403,0.13602632538722764,0.5229357798165137,0.23561585587860856,0.027339079273050265,31.0,5.0
3,901,has_attribute:BusinessAcceptsCreditCards=True,,3,0.05263157894736842,0.057152893055148715,0.4351145038167939,0.15733082233507303,0.017924902339835635,27.416666666666668,1.5
3,901,has_attribute:WheelchairAccessible=True,,1,0.017543859649122806,0.0,0.29842931937172773,0.04409833161658393,0.007563232845778086,19.083333333333336,0.0
3,901,has_attribute:DogsAllowed=True,,1,0.017543859649122806,0.0,0.29842931937172773,0.04409833161658393,0.007563232845778086,19.083333333333336,0.0
3,901,has_attribute:BusinessAcceptsBitcoin=False,,1,0.017543859649122806,0.0,0.29842931937172773,0.04409833161658393,0.007563232845778086,19.083333333333336,0.0
3,901,has_attribute:WiFi=free,,3,0.05263157894736842,0.057152893055148715,0.4351145038167939,0.15733082233507303,0.017924902339835635,27.416666666666668,1.5
3,901,has_attribute:RestaurantsPriceRange2=3,,1,0.017543859649122806,0.0,0.29842931937172773,0.04409833161658393,0.007563232845778086,19.083333333333336,0.0
3,901,has_review_count:46 reviews,,1,0.017543859649122806,0.0,0.29842931937172773,0.04409833161658393,0.007563232845778086,19.083333333333336,0.0
3,901,has_postal_code:19106,,4,0.07017543859649122,0.0697225414518648,0.4634146341463415,0.20696403715214529,0.02223872240775139,28.833333333333332,3.0
3,901,located_in_city:Philadelphia,,4,0.07017543859649122,0.0697225414518648,0.4634146341463415,0.20696403715214529,0.02223872240775139,28.833333333333332,3.0
3,901,in_state:PA,,5,0.08771929824561403,0.13602632538722764,0.5229357798165137,0.23561585587860856,0.027339079273050265,31.0,5.0
3,901,has_rating:3.0 stars,,2,0.03508771929824561,0.007205513784461152,0.3220338983050847,0.07275015034304722,0.01266358971107696,21.25,0.5
3,901,has_category:Venues & Event Spaces,,1,0.017543859649122806,0.0,0.29842931937172773,0.04409833161658393,0.007563232845778086,19.083333333333336,0.0
3,901,has_category:Event Planning & Services,,2,0.03508771929824561,0.007205513784461152,0.3220338983050847,0.07275015034304722,0.01266358971107696,21.25,0.5
3,907,has_category:Venues & Event Spaces,,1,0.018518518518518517,0.0,0.30857142857142855,0.0531322604736229,0.007415902790289654,18.833333333333332,0.0
3,907,has_category:Museums,,2,0.037037037037037035,0.009477454045264483,0.39416058394160586,0.1302414424662747,0.012476822241395928,24.0,0.5
3,907,has_category:Event Planning & Services,,2,0.037037037037037035,0.01147314522576577,0.33962264150943394,0.07691704094045636,0.012765194933432955,21.25,0.5
3,907,has_category:Tours,,3,0.05555555555555555,0.014668346304650791,0.3576158940397351,0.12433641955524248,0.016676139792151577,22.666666666666664,1.5
3,907,has_category:Arts & Entertainment,,2,0.037037037037037035,0.009477454045264483,0.39416058394160586,0.1302414424662747,0.012476822241395928,24.0,0.5
3,907,has_attribute:DogsAllowed=False,,1,0.018518518518518517,0.0,0.30857142857142855,0.0531322604736229,0.007415902790289654,18.833333333333332,0.0
3,907,has_attribute:GoodForKids=True,,2,0.037037037037037035,0.009477454045264483,0.39416058394160586,0.1302414424662747,0.012476822241395928,24.0,0.5
3,907,has_attribute:BusinessAcceptsCreditCards=True,,3,0.05555555555555555,0.04986681158925224,0.4462809917355372,0.15402622293310814,0.01782611438453923,26.416666666666668,1.5
3,907,has_attribute:ByAppointmentOnly=False,,2,0.037037037037037035,0.009477454045264483,0.39416058394160586,0.1302414424662747,0.012476822241395928,24.0,0.5
3,907,has_attribute:WiFi=free,,3,0.05555555555555555,0.04986681158925224,0.4462809917355372,0.15402622293310814,0.01782611438453923,26.416666666666668,1.5
3,907,in_state:PA,,5,0.09259259259259259,0.11971107573793649,0.5242718446601942,0.22523038201472773,0.02708635138640115,29.5,5.0
3,907,located_in_city:Philadelphia,,4,0.07407407407407407,0.044812144710544614,0.453781512605042,0.2014456015478943,0.021737059243257847,27.083333333333332,3.0
3,907,has_review_count:180 reviews,,1,0.018518518518518517,0.0,0.30857142857142855,0.0531322604736229,0.007415902790289654,18.833333333333332,0.0
3,907,status:open,,5,0.09259259259259259,0.11971107573793649,0.5242718446601942,0.22523038201472773,0.02708635138640115,29.5,5.0
3,907,"has_coordinates:(39.9539, -75.1491)",,1,0.018518518518518517,0.0,0.30857142857142855,0.0531322604736229,0.007415902790289654,18.833333333333332,0.0
3,907,has_name:National Constitution Center,,1,0.018518518518518517,0.0,0.30857142857142855,0.0531322604736229,0.007415902790289654,18.833333333333332,0.0
3,907,has_rating:4.0 stars,,2,0.037037037037037035,0.006042170838310506,0.33540372670807456,0.08888882894158194,0.0120780274622938,20.999999999999996,0.5
3,907,has_postal_code:19106,,4,0.07407407407407407,0.044812144710544614,0.453781512605042,0.2014456015478943,0.021737059243257847,27.083333333333332,3.0
