usuario,hotel_recomendado,propiedad,hotel_consumido,amf,attribute_frequency,attribute_tfidf,attribute_contribution_score,attribute_presence_ratio,attribute_overlap_count,attribute_overlap_ratio,attribute_novelty,attribute_specificity,attribute_stability,attribute_variability
3,104,has_name:French Market,,0.0,0,0.0,0,0.18181818181818182,6,0.08333333333333333,1,1.0,0.0,0.75
3,104,has_attribute:GoodForKids=True,,0.25,1,0.9162907318741551,1,0.18181818181818182,6,0.08333333333333333,0,0.5,0.25,0.8461538461538461
3,104,"has_attribute:BusinessParking={garage: False, street: True, validated: False, lot: True, valet: False}",,0.0,0,0.0,0,0.18181818181818182,6,0.08333333333333333,1,1.0,0.0,0.8461538461538461
3,104,has_attribute:BusinessAcceptsCreditCards=True,,0.5,2,1.0216512475319814,2,0.18181818181818182,6,0.08333333333333333,0,0.3333333333333333,0.5,0.8461538461538461
3,104,has_attribute:DogsAllowed=True,,0.0,0,0.0,0,0.18181818181818182,6,0.08333333333333333,1,1.0,0.0,0.8461538461538461
3,104,has_attribute:RestaurantsPriceRange2=2,,0.25,1,0.9162907318741551,1,0.18181818181818182,6,0.08333333333333333,0,0.5,0.25,0.8461538461538461
3,104,has_attribute:ByAppointmentOnly=False,,0.25,1,0.9162907318741551,1,0.18181818181818182,6,0.08333333333333333,0,0.5,0.25,0.8461538461538461
3,104,has_attribute:Caters=False,,0.0,0,0.0,0,0.18181818181818182,6,0.08333333333333333,1,1.0,0.0,0.8461538461538461
3,104,has_attribute:BikeParking=True,,0.0,0,0.0,0,0.18181818181818182,6,0.08333333333333333,1,1.0,0.0,0.8461538461538461
3,104,has_attribute:RestaurantsTakeOut=True,,0.0,0,0.0,0,0.18181818181818182,6,0.08333333333333333,1,1.0,0.0,0.8461538461538461
3,104,has_category:Gift Shops,,0.0,0,0.0,0,0.18181818181818182,6,0.08333333333333333,1,1.0,0.0,0.8333333333333334
3,104,has_category:Farmers Market,,0.0,0,0.0,0,0.18181818181818182,6,0.08333333333333333,1,1.0,0.0,0.8333333333333334
3,104,has_category:Fashion,,0.0,0,0.0,0,0.18181818181818182,6,0.08333333333333333,1,1.0,0.0,0.8333333333333334
3,104,has_category:Flowers & Gifts,,0.0,0,0.0,0,0.18181818181818182,6,0.08333333333333333,1,1.0,0.0,0.8333333333333334
3,104,has_category:Tours,,0.5,2,1.0216512475319814,2,0.18181818181818182,6,0.08333333333333333,0,0.3333333333333333,0.5,0.8333333333333334
3,104,has_category:Specialty Food,,0.0,0,0.0,0,0.18181818181818182,6,0.08333333333333333,1,1.0,0.0,0.8333333333333334
3,104,has_category:Shopping Centers,,0.0,0,0.0,0,0.18181818181818182,6,0.08333333333333333,1,1.0,0.0,0.8333333333333334
3,104,has_category:Arts & Crafts,,0.0,0,0.0,0,0.18181818181818182,6,0.08333333333333333,1,1.0,0.0,0.8333333333333334
3,104,has_category:Art Supplies,,0.0,0,0.0,0,0.18181818181818182,6,0.08333333333333333,1,1.0,0.0,0.8333333333333334
3,104,has_category:Used,,0.0,0,0.0,0,0.18181818181818182,6,0.08333333333333333,1,1.0,0.0,0.8333333333333334
3,104,has_category:Public Markets,,0.0,0,0.0,0,0.18181818181818182,6,0.08333333333333333,1,1.0,0.0,0.8333333333333334
3,104,has_category:Food,,0.0,0,0.0,0,0.18181818181818182,6,0.08333333333333333,1,1.0,0.0,0.8333333333333334
3,104,has_category:Vintage & Consignment,,0.0,0,0.0,0,0.18181818181818182,6,0.08333333333333333,1,1.0,0.0,0.8333333333333334
3,104,has_category:Flea Markets,,0.0,0,0.0,0,0.18181818181818182,6,0.08333333333333333,1,1.0,0.0,0.8333333333333334
3,104,has_category:Fruits & Veggies,,0.0,0,0.0,0,0.18181818181818182,6,0.08333333333333333,1,1.0,0.0,0.8333333333333334
3,104,has_category:Shopping,,0.0,0,0.0,0,0.18181818181818182,6,0.08333333333333333,1,1.0,0.0,0.8333333333333334
3,104,"has_coordinates:(29.9590, -90.0602)",,0.0,0,0.0,0,0.18181818181818182,6,0.08333333333333333,1,1.0,0.0,0.75
3,104,has_rating:3.5 stars,,0.0,0,0.0,0,0.18181818181818182,6,0.08333333333333333,1,1.0,0.0,0.5
3,104,status:open,,1.0,4,0.0,4,0.18181818181818182,6,0.08333333333333333,0,0.2,1.0,0.0
3,104,has_postal_code:70116,,0.0,0,0.0,0,0.18181818181818182,6,0.08333333333333333,1,1.0,0.0,0.25
3,104,located_in_city:New Orleans,,0.0,0,0.0,0,0.18181818181818182,6,0.08333333333333333,1,1.0,0.0,0.25
3,104,in_state:LA,,0.0,0,0.0,0,0.18181818181818182,6,0.08333333333333333,1,1.0,0.0,0.0
3,104,has_review_count:692 reviews,,0.0,0,0.0,0,0.18181818181818182,6,0.08333333333333333,1,1.0,0.0,0.75
3,1054,in_state:PA,,1.0,4,0.0,4,0.4666666666666667,7,0.1320754716981132,0,0.2,1.0,0.0
3,1054,has_category:Event Planning & Services,,0.25,1,0.9162907318741551,1,0.4666666666666667,7,0.1320754716981132,0,0.5,0.25,0.8333333333333334
3,1054,has_category:Wedding Planning,,0.0,0,0.0,0,0.4666666666666667,7,0.1320754716981132,1,1.0,0.0,0.8333333333333334
3,1054,has_category:Venues & Event Spaces,,0.0,0,0.0,0,0.4666666666666667,7,0.1320754716981132,1,1.0,0.0,0.8333333333333334
3,1054,has_attribute:WiFi=free,,0.5,2,1.0216512475319814,2,0.4666666666666667,7,0.1320754716981132,0,0.3333333333333333,0.5,0.8461538461538461
3,1054,has_attribute:RestaurantsPriceRange2=3,,0.0,0,0.0,0,0.4666666666666667,7,0.1320754716981132,1,1.0,0.0,0.8461538461538461
3,1054,has_attribute:BusinessAcceptsCreditCards=True,,0.5,2,1.0216512475319814,2,0.4666666666666667,7,0.1320754716981132,0,0.3333333333333333,0.5,0.8461538461538461
3,1054,has_attribute:DogsAllowed=True,,0.0,0,0.0,0,0.4666666666666667,7,0.1320754716981132,1,1.0,0.0,0.8461538461538461
3,1054,has_name:Kimpton Hotel Palomar Philadelphia,,0.0,0,0.0,0,0.4666666666666667,7,0.1320754716981132,1,1.0,0.0,0.75
3,1054,status:open,,1.0,4,0.0,4,0.4666666666666667,7,0.1320754716981132,0,0.2,1.0,0.0
3,1054,has_review_count:444 reviews,,0.0,0,0.0,0,0.4666666666666667,7,0.1320754716981132,1,1.0,0.0,0.75
3,1054,located_in_city:Philadelphia,,0.75,3,0.6694306539426294,3,0.4666666666666667,7,0.1320754716981132,0,0.25,0.75,0.25
3,1054,has_rating:4.0 stars,,0.25,1,0.9162907318741551,1,0.4666666666666667,7,0.1320754716981132,0,0.5,0.25,0.5
3,1054,"has_coordinates:(39.9508, -75.1686)",,0.0,0,0.0,0,0.4666666666666667,7,0.1320754716981132,1,1.0,0.0,0.75
3,1054,has_postal_code:19103,,0.0,0,0.0,0,0.4666666666666667,7,0.1320754716981132,1,1.0,0.0,0.25
3,1093,has_review_count:415 reviews,,0.0,0,0.0,0,0.2777777777777778,5,0.08620689655172414,1,1.0,0.0,0.75
3,1093,has_name:Tucson International Airport - TUS,,0.0,0,0.0,0,0.2777777777777778,5,0.08620689655172414,1,1.0,0.0,0.75
3,1093,has_category:Shopping,,0.0,0,0.0,0,0.2777777777777778,5,0.08620689655172414,1,1.0,0.0,0.8333333333333334
3,1093,has_category:Employment Agencies,,0.0,0,0.0,0,0.2777777777777778,5,0.08620689655172414,1,1.0,0.0,0.8333333333333334
3,1093,has_category:Airports,,0.0,0,0.0,0,0.2777777777777778,5,0.08620689655172414,1,1.0,0.0,0.8333333333333334
3,1093,has_category:Professional Services,,0.0,0,0.0,0,0.2777777777777778,5,0.08620689655172414,1,1.0,0.0,0.8333333333333334
3,1093,has_category:Shopping Centers,,0.0,0,0.0,0,0.2777777777777778,5,0.08620689655172414,1,1.0,0.0,0.8333333333333334
3,1093,has_attribute:BikeParking=True,,0.0,0,0.0,0,0.2777777777777778,5,0.08620689655172414,1,1.0,0.0,0.8461538461538461
3,1093,has_attribute:ByAppointmentOnly=False,,0.25,1,0.9162907318741551,1,0.2777777777777778,5,0.08620689655172414,0,0.5,0.25,0.8461538461538461
3,1093,"has_attribute:BusinessParking={garage: False, street: False, validated: False, lot: False, valet: False}",,0.0,0,0.0,0,0.2777777777777778,5,0.08620689655172414,1,1.0,0.0,0.8461538461538461
3,1093,has_attribute:RestaurantsPriceRange2=2,,0.25,1,0.9162907318741551,1,0.2777777777777778,5,0.08620689655172414,0,0.5,0.25,0.8461538461538461
3,1093,has_attribute:WiFi=free,,0.5,2,1.0216512475319814,2,0.2777777777777778,5,0.08620689655172414,0,0.3333333333333333,0.5,0.8461538461538461
3,1093,has_rating:4.0 stars,,0.25,1,0.9162907318741551,1,0.2777777777777778,5,0.08620689655172414,0,0.5,0.25,0.5
3,1093,located_in_city:Tucson,,0.0,0,0.0,0,0.2777777777777778,5,0.08620689655172414,1,1.0,0.0,0.25
3,1093,"has_coordinates:(32.1203, -110.9373)",,0.0,0,0.0,0,0.2777777777777778,5,0.08620689655172414,1,1.0,0.0,0.75
3,1093,has_postal_code:85706,,0.0,0,0.0,0,0.2777777777777778,5,0.08620689655172414,1,1.0,0.0,0.25
3,1093,in_state:AZ,,0.0,0,0.0,0,0.2777777777777778,5,0.08620689655172414,1,1.0,0.0,0.0
3,1093,status:open,,1.0,4,0.0,4,0.2777777777777778,5,0.08620689655172414,0,0.2,1.0,0.0
3,1164,has_category:Tours,,0.5,2,1.0216512475319814,2,0.47368421052631576,9,0.16363636363636364,0,0.3333333333333333,0.5,0.8333333333333334
3,1164,has_category:Event Planning & Services,,0.25,1,0.9162907318741551,1,0.47368421052631576,9,0.16363636363636364,0,0.5,0.25,0.8333333333333334
3,1164,has_category:Automotive,,0.0,0,0.0,0,0.47368421052631576,9,0.16363636363636364,1,1.0,0.0,0.8333333333333334
3,1164,has_category:Venues & Event Spaces,,0.0,0,0.0,0,0.47368421052631576,9,0.16363636363636364,1,1.0,0.0,0.8333333333333334
3,1164,has_category:Festivals,,0.0,0,0.0,0,0.47368421052631576,9,0.16363636363636364,1,1.0,0.0,0.8333333333333334
3,1164,has_category:Arts & Entertainment,,0.25,1,0.9162907318741551,1,0.47368421052631576,9,0.16363636363636364,0,0.5,0.25,0.8333333333333334
3,1164,has_category:Local Flavor,,0.25,1,0.9162907318741551,1,0.47368421052631576,9,0.16363636363636364,0,0.5,0.25,0.8333333333333334
3,1164,has_category:Museums,,0.25,1,0.9162907318741551,1,0.47368421052631576,9,0.16363636363636364,0,0.5,0.25,0.8333333333333334
3,1164,has_attribute:DogsAllowed=False,,0.0,0,0.0,0,0.47368421052631576,9,0.16363636363636364,1,1.0,0.0,0.8461538461538461
3,1164,has_attribute:BusinessAcceptsCreditCards=True,,0.5,2,1.0216512475319814,2,0.47368421052631576,9,0.16363636363636364,0,0.3333333333333333,0.5,0.8461538461538461
3,1164,has_attribute:GoodForKids=True,,0.25,1,0.9162907318741551,1,0.47368421052631576,9,0.16363636363636364,0,0.5,0.25,0.8461538461538461
3,1164,has_review_count:403 reviews,,0.0,0,0.0,0,0.47368421052631576,9,0.16363636363636364,1,1.0,0.0,0.75
3,1164,in_state:LA,,0.0,0,0.0,0,0.47368421052631576,9,0.16363636363636364,1,1.0,0.0,0.0
3,1164,has_postal_code:70130,,0.0,0,0.0,0,0.47368421052631576,9,0.16363636363636364,1,1.0,0.0,0.25
3,1164,located_in_city:New Orleans,,0.0,0,0.0,0,0.47368421052631576,9,0.16363636363636364,1,1.0,0.0,0.25
3,1164,has_name:Mardi Gras World-Riverfront,,0.0,0,0.0,0,0.47368421052631576,9,0.16363636363636364,1,1.0,0.0,0.75
3,1164,"has_coordinates:(29.9350, -90.0617)",,0.0,0,0.0,0,0.47368421052631576,9,0.16363636363636364,1,1.0,0.0,0.75
3,1164,status:open,,1.0,4,0.0,4,0.47368421052631576,9,0.16363636363636364,0,0.2,1.0,0.0
3,1164,has_rating:4.0 stars,,0.25,1,0.9162907318741551,1,0.47368421052631576,9,0.16363636363636364,0,0.5,0.25,0.5
3,1442,has_category:Airports,,0.0,0,0.0,0,0.4117647058823529,7,0.12727272727272726,1,1.0,0.0,0.8333333333333334
3,1442,has_category:Transportation,,0.0,0,0.0,0,0.4117647058823529,7,0.12727272727272726,1,1.0,0.0,0.8333333333333334
3,1442,located_in_city:Kenner,,0.0,0,0.0,0,0.4117647058823529,7,0.12727272727272726,1,1.0,0.0,0.25
3,1442,status:open,,1.0,4,0.0,4,0.4117647058823529,7,0.12727272727272726,0,0.2,1.0,0.0
3,1442,has_postal_code:70062,,0.0,0,0.0,0,0.4117647058823529,7,0.12727272727272726,1,1.0,0.0,0.25
3,1442,has_attribute:RestaurantsDelivery=False,,0.25,1,0.9162907318741551,1,0.4117647058823529,7,0.12727272727272726,0,0.5,0.25,0.8461538461538461
3,1442,"has_attribute:GoodForMeal={dessert: False, latenight: False, lunch: False, dinner: False, brunch: False, breakfast: False}",,0.0,0,0.0,0,0.4117647058823529,7,0.12727272727272726,1,1.0,0.0,0.8461538461538461
3,1442,has_attribute:WiFi=free,,0.5,2,1.0216512475319814,2,0.4117647058823529,7,0.12727272727272726,0,0.3333333333333333,0.5,0.8461538461538461
3,1442,has_attribute:RestaurantsPriceRange2=2,,0.25,1,0.9162907318741551,1,0.4117647058823529,7,0.12727272727272726,0,0.5,0.25,0.8461538461538461
3,1442,has_attribute:ByAppointmentOnly=False,,0.25,1,0.9162907318741551,1,0.4117647058823529,7,0.12727272727272726,0,0.5,0.25,0.8461538461538461
3,1442,has_attribute:RestaurantsTakeOut=True,,0.0,0,0.0,0,0.4117647058823529,7,0.12727272727272726,1,1.0,0.0,0.8461538461538461
3,1442,has_attribute:OutdoorSeating=False,,0.25,1,0.9162907318741551,1,0.4117647058823529,7,0.12727272727272726,0,0.5,0.25,0.8461538461538461
3,1442,has_name:Louis Armstrong New Orleans International Airport  MSY,,0.0,0,0.0,0,0.4117647058823529,7,0.12727272727272726,1,1.0,0.0,0.75
3,1442,has_rating:3.0 stars,,0.25,1,0.9162907318741551,1,0.4117647058823529,7,0.12727272727272726,0,0.5,0.25,0.5
3,1442,"has_coordinates:(29.9959, -90.2552)",,0.0,0,0.0,0,0.4117647058823529,7,0.12727272727272726,1,1.0,0.0,0.75
3,1442,in_state:LA,,0.0,0,0.0,0,0.4117647058823529,7,0.12727272727272726,1,1.0,0.0,0.0
3,1442,has_review_count:1789 reviews,,0.0,0,0.0,0,0.4117647058823529,7,0.12727272727272726,1,1.0,0.0,0.75
3,1487,has_name:Ride The Ducks,,0.0,0,0.0,0,0.5,5,0.1,1,1.0,0.0,0.75
3,1487,status:closed,,0.0,0,0.0,0,0.5,5,0.1,1,1.0,0.0,0.0
3,1487,has_postal_code:19106,,0.75,3,0.6694306539426294,3,0.5,5,0.1,0,0.25,0.75,0.25
3,1487,has_category:Tours,,0.5,2,1.0216512475319814,2,0.5,5,0.1,0,0.3333333333333333,0.5,0.8333333333333334
3,1487,has_category:Local Flavor,,0.25,1,0.9162907318741551,1,0.5,5,0.1,0,0.5,0.25,0.8333333333333334
3,1487,located_in_city:Philadelphia,,0.75,3,0.6694306539426294,3,0.5,5,0.1,0,0.25,0.75,0.25
3,1487,"has_coordinates:(39.9510, -75.1503)",,0.0,0,0.0,0,0.5,5,0.1,1,1.0,0.0,0.75
3,1487,has_review_count:83 reviews,,0.0,0,0.0,0,0.5,5,0.1,1,1.0,0.0,0.75
3,1487,in_state:PA,,1.0,4,0.0,4,0.5,5,0.1,0,0.2,1.0,0.0
3,1487,has_rating:3.5 stars,,0.0,0,0.0,0,0.5,5,0.1,1,1.0,0.0,0.5
3,1608,has_postal_code:70094,,0.0,0,0.0,0,0.4166666666666667,5,0.09615384615384616,1,1.0,0.0,0.25
3,1608,has_category:Arts & Entertainment,,0.25,1,0.9162907318741551,1,0.4166666666666667,5,0.09615384615384616,0,0.5,0.25,0.8333333333333334
3,1608,has_category:Tours,,0.5,2,1.0216512475319814,2,0.4166666666666667,5,0.09615384615384616,0,0.3333333333333333,0.5,0.8333333333333334
3,1608,has_category:Professional Sports Teams,,0.0,0,0.0,0,0.4166666666666667,5,0.09615384615384616,1,1.0,0.0,0.8333333333333334
3,1608,"has_coordinates:(29.9001, -90.1523)",,0.0,0,0.0,0,0.4166666666666667,5,0.09615384615384616,1,1.0,0.0,0.75
3,1608,has_attribute:WiFi=free,,0.5,2,1.0216512475319814,2,0.4166666666666667,5,0.09615384615384616,0,0.3333333333333333,0.5,0.8461538461538461
3,1608,has_review_count:472 reviews,,0.0,0,0.0,0,0.4166666666666667,5,0.09615384615384616,1,1.0,0.0,0.75
3,1608,has_rating:4.5 stars,,0.5,2,1.0216512475319814,2,0.4166666666666667,5,0.09615384615384616,0,0.3333333333333333,0.5,0.5
3,1608,located_in_city:Westwego,,0.0,0,0.0,0,0.4166666666666667,5,0.09615384615384616,1,1.0,0.0,0.25
3,1608,status:open,,1.0,4,0.0,4,0.4166666666666667,5,0.09615384615384616,0,0.2,1.0,0.0
3,1608,has_name:Ultimate Swamp Adventures,,0.0,0,0.0,0,0.4166666666666667,5,0.09615384615384616,1,1.0,0.0,0.75
3,1608,in_state:LA,,0.0,0,0.0,0,0.4166666666666667,5,0.09615384615384616,1,1.0,0.0,0.0
3,163,has_category:Nightlife,,0.0,0,0.0,0,0.2222222222222222,10,0.125,1,1.0,0.0,0.8333333333333334
3,163,has_category:Event Planning & Services,,0.25,1,0.9162907318741551,1,0.2222222222222222,10,0.125,0,0.5,0.25,0.8333333333333334
3,163,has_category:Gluten-Free,,0.0,0,0.0,0,0.2222222222222222,10,0.125,1,1.0,0.0,0.8333333333333334
3,163,has_category:Bars,,0.0,0,0.0,0,0.2222222222222222,10,0.125,1,1.0,0.0,0.8333333333333334
3,163,has_category:Beer,,0.0,0,0.0,0,0.2222222222222222,10,0.125,1,1.0,0.0,0.8333333333333334
3,163,has_category:Restaurants,,0.25,1,0.9162907318741551,1,0.2222222222222222,10,0.125,0,0.5,0.25,0.8333333333333334
3,163,has_category:Food,,0.0,0,0.0,0,0.2222222222222222,10,0.125,1,1.0,0.0,0.8333333333333334
3,163,has_category:Italian,,0.0,0,0.0,0,0.2222222222222222,10,0.125,1,1.0,0.0,0.8333333333333334
3,163,has_category:Wine Bars,,0.0,0,0.0,0,0.2222222222222222,10,0.125,1,1.0,0.0,0.8333333333333334
3,163,has_category:Wine & Spirits,,0.0,0,0.0,0,0.2222222222222222,10,0.125,1,1.0,0.0,0.8333333333333334
3,163,has_attribute:HasTV=True,,0.0,0,0.0,0,0.2222222222222222,10,0.125,1,1.0,0.0,0.8461538461538461
3,163,has_attribute:WiFi=free,,0.5,2,1.0216512475319814,2,0.2222222222222222,10,0.125,0,0.3333333333333333,0.5,0.8461538461538461
3,163,has_attribute:RestaurantsReservations=True,,0.25,1,0.9162907318741551,1,0.2222222222222222,10,0.125,0,0.5,0.25,0.8461538461538461
3,163,has_attribute:RestaurantsPriceRange2=3,,0.0,0,0.0,0,0.2222222222222222,10,0.125,1,1.0,0.0,0.8461538461538461
3,163,has_attribute:GoodForKids=False,,0.0,0,0.0,0,0.2222222222222222,10,0.125,1,1.0,0.0,0.8461538461538461
3,163,has_attribute:OutdoorSeating=True,,0.0,0,0.0,0,0.2222222222222222,10,0.125,1,1.0,0.0,0.8461538461538461
3,163,has_attribute:RestaurantsAttire=dressy,,0.0,0,0.0,0,0.2222222222222222,10,0.125,1,1.0,0.0,0.8461538461538461
3,163,has_attribute:RestaurantsGoodForGroups=True,,0.0,0,0.0,0,0.2222222222222222,10,0.125,1,1.0,0.0,0.8461538461538461
3,163,has_attribute:GoodForDancing=False,,0.0,0,0.0,0,0.2222222222222222,10,0.125,1,1.0,0.0,0.8461538461538461
3,163,has_attribute:RestaurantsTakeOut=True,,0.0,0,0.0,0,0.2222222222222222,10,0.125,1,1.0,0.0,0.8461538461538461
3,163,has_attribute:RestaurantsTableService=True,,0.0,0,0.0,0,0.2222222222222222,10,0.125,1,1.0,0.0,0.8461538461538461
3,163,has_attribute:WheelchairAccessible=True,,0.0,0,0.0,0,0.2222222222222222,10,0.125,1,1.0,0.0,0.8461538461538461
3,163,has_attribute:DriveThru=False,,0.0,0,0.0,0,0.2222222222222222,10,0.125,1,1.0,0.0,0.8461538461538461
3,163,"has_attribute:Music={dj: False, background_music: False, no_music: False, jukebox: False, live: False, video: False, karaoke: False}",,0.0,0,0.0,0,0.2222222222222222,10,0.125,1,1.0,0.0,0.8461538461538461
3,163,has_attribute:Alcohol=full_bar,,0.0,0,0.0,0,0.2222222222222222,10,0.125,1,1.0,0.0,0.8461538461538461
3,163,has_attribute:Caters=False,,0.0,0,0.0,0,0.2222222222222222,10,0.125,1,1.0,0.0,0.8461538461538461
3,163,has_attribute:BikeParking=False,,0.0,0,0.0,0,0.2222222222222222,10,0.125,1,1.0,0.0,0.8461538461538461
3,163,has_attribute:CoatCheck=True,,0.0,0,0.0,0,0.2222222222222222,10,0.125,1,1.0,0.0,0.8461538461538461
3,163,has_attribute:Smoking=no,,0.0,0,0.0,0,0.2222222222222222,10,0.125,1,1.0,0.0,0.8461538461538461
3,163,has_attribute:BusinessAcceptsCreditCards=True,,0.5,2,1.0216512475319814,2,0.2222222222222222,10,0.125,0,0.3333333333333333,0.5,0.8461538461538461
3,163,has_attribute:HappyHour=True,,0.0,0,0.0,0,0.2222222222222222,10,0.125,1,1.0,0.0,0.8461538461538461
3,163,has_attribute:RestaurantsDelivery=True,,0.0,0,0.0,0,0.2222222222222222,10,0.125,1,1.0,0.0,0.8461538461538461
3,163,"has_attribute:BusinessParking={garage: False, street: True, validated: False, lot: True, valet: False}",,0.0,0,0.0,0,0.2222222222222222,10,0.125,1,1.0,0.0,0.8461538461538461
3,163,"has_attribute:Ambience={touristy: False, hipster: False, romantic: False, divey: False, intimate: True, trendy: False, upscale: False, classy: True, casual: False}",,0.0,0,0.0,0,0.2222222222222222,10,0.125,1,1.0,0.0,0.8461538461538461
3,163,"has_attribute:BestNights={monday: True, tuesday: False, friday: True, wednesday: False, thursday: False, sunday: False, saturday: True}",,0.0,0,0.0,0,0.2222222222222222,10,0.125,1,1.0,0.0,0.8461538461538461
3,163,"has_attribute:GoodForMeal={dessert: None, latenight: False, lunch: False, dinner: True, brunch: False, breakfast: False}",,0.0,0,0.0,0,0.2222222222222222,10,0.125,1,1.0,0.0,0.8461538461538461
3,163,has_attribute:NoiseLevel=quiet,,0.0,0,0.0,0,0.2222222222222222,10,0.125,1,1.0,0.0,0.8461538461538461
3,163,has_review_count:324 reviews,,0.0,0,0.0,0,0.2222222222222222,10,0.125,1,1.0,0.0,0.75
3,163,has_name:Panorama,,0.0,0,0.0,0,0.2222222222222222,10,0.125,1,1.0,0.0,0.75
3,163,has_rating:4.0 stars,,0.25,1,0.9162907318741551,1,0.2222222222222222,10,0.125,0,0.5,0.25,0.5
3,163,status:open,,1.0,4,0.0,4,0.2222222222222222,10,0.125,0,0.2,1.0,0.0
3,163,"has_coordinates:(39.9502, -75.1423)",,0.0,0,0.0,0,0.2222222222222222,10,0.125,1,1.0,0.0,0.75
3,163,has_postal_code:19106,,0.75,3,0.6694306539426294,3,0.2222222222222222,10,0.125,0,0.25,0.75,0.25
3,163,located_in_city:Philadelphia,,0.75,3,0.6694306539426294,3,0.2222222222222222,10,0.125,0,0.25,0.75,0.25
3,163,in_state:PA,,1.0,4,0.0,4,0.2222222222222222,10,0.125,0,0.2,1.0,0.0
3,1693,has_attribute:RestaurantsAttire=dressy,,0.0,0,0.0,0,0.3055555555555556,11,0.15714285714285714,1,1.0,0.0,0.8461538461538461
3,1693,"has_attribute:Ambience={romantic: False, intimate: False, touristy: False, hipster: False, divey: False, classy: True, trendy: False, upscale: False, casual: False}",,0.0,0,0.0,0,0.3055555555555556,11,0.15714285714285714,1,1.0,0.0,0.8461538461538461
3,1693,has_attribute:RestaurantsTakeOut=True,,0.0,0,0.0,0,0.3055555555555556,11,0.15714285714285714,1,1.0,0.0,0.8461538461538461
3,1693,"has_attribute:GoodForMeal={breakfast: False, brunch: True, lunch: None, dinner: True, latenight: False, dessert: None}",,0.0,0,0.0,0,0.3055555555555556,11,0.15714285714285714,1,1.0,0.0,0.8461538461538461
3,1693,has_attribute:RestaurantsPriceRange2=3,,0.0,0,0.0,0,0.3055555555555556,11,0.15714285714285714,1,1.0,0.0,0.8461538461538461
3,1693,has_attribute:BYOBCorkage=no,,0.0,0,0.0,0,0.3055555555555556,11,0.15714285714285714,1,1.0,0.0,0.8461538461538461
3,1693,has_attribute:RestaurantsGoodForGroups=True,,0.0,0,0.0,0,0.3055555555555556,11,0.15714285714285714,1,1.0,0.0,0.8461538461538461
3,1693,has_attribute:Alcohol=full_bar,,0.0,0,0.0,0,0.3055555555555556,11,0.15714285714285714,1,1.0,0.0,0.8461538461538461
3,1693,has_attribute:BusinessAcceptsCreditCards=True,,0.5,2,1.0216512475319814,2,0.3055555555555556,11,0.15714285714285714,0,0.3333333333333333,0.5,0.8461538461538461
3,1693,has_attribute:WiFi=no,,0.0,0,0.0,0,0.3055555555555556,11,0.15714285714285714,1,1.0,0.0,0.8461538461538461
3,1693,has_attribute:NoiseLevel=average,,0.0,0,0.0,0,0.3055555555555556,11,0.15714285714285714,1,1.0,0.0,0.8461538461538461
3,1693,"has_attribute:BusinessParking={garage: False, street: False, validated: False, lot: True, valet: False}",,0.0,0,0.0,0,0.3055555555555556,11,0.15714285714285714,1,1.0,0.0,0.8461538461538461
3,1693,has_attribute:OutdoorSeating=False,,0.25,1,0.9162907318741551,1,0.3055555555555556,11,0.15714285714285714,0,0.5,0.25,0.8461538461538461
3,1693,has_attribute:RestaurantsDelivery=False,,0.25,1,0.9162907318741551,1,0.3055555555555556,11,0.15714285714285714,0,0.5,0.25,0.8461538461538461
3,1693,has_attribute:RestaurantsTableService=True,,0.0,0,0.0,0,0.3055555555555556,11,0.15714285714285714,1,1.0,0.0,0.8461538461538461
3,1693,has_attribute:Caters=True,,0.0,0,0.0,0,0.3055555555555556,11,0.15714285714285714,1,1.0,0.0,0.8461538461538461
3,1693,has_attribute:GoodForKids=True,,0.25,1,0.9162907318741551,1,0.3055555555555556,11,0.15714285714285714,0,0.5,0.25,0.8461538461538461
3,1693,has_attribute:BikeParking=True,,0.0,0,0.0,0,0.3055555555555556,11,0.15714285714285714,1,1.0,0.0,0.8461538461538461
3,1693,has_attribute:RestaurantsReservations=True,,0.25,1,0.9162907318741551,1,0.3055555555555556,11,0.15714285714285714,0,0.5,0.25,0.8461538461538461
3,1693,has_attribute:HasTV=False,,0.0,0,0.0,0,0.3055555555555556,11,0.15714285714285714,1,1.0,0.0,0.8461538461538461
3,1693,status:open,,1.0,4,0.0,4,0.3055555555555556,11,0.15714285714285714,0,0.2,1.0,0.0
3,1693,in_state:PA,,1.0,4,0.0,4,0.3055555555555556,11,0.15714285714285714,0,0.2,1.0,0.0
3,1693,has_category:Event Planning & Services,,0.25,1,0.9162907318741551,1,0.3055555555555556,11,0.15714285714285714,0,0.5,0.25,0.8333333333333334
3,1693,has_category:Restaurants,,0.25,1,0.9162907318741551,1,0.3055555555555556,11,0.15714285714285714,0,0.5,0.25,0.8333333333333334
3,1693,has_category:American (New),,0.0,0,0.0,0,0.3055555555555556,11,0.15714285714285714,1,1.0,0.0,0.8333333333333334
3,1693,has_category:Caterers,,0.0,0,0.0,0,0.3055555555555556,11,0.15714285714285714,1,1.0,0.0,0.8333333333333334
3,1693,has_category:American (Traditional),,0.0,0,0.0,0,0.3055555555555556,11,0.15714285714285714,1,1.0,0.0,0.8333333333333334
3,1693,has_category:Breakfast & Brunch,,0.25,1,0.9162907318741551,1,0.3055555555555556,11,0.15714285714285714,0,0.5,0.25,0.8333333333333334
3,1693,has_category:Bed & Breakfast,,0.0,0,0.0,0,0.3055555555555556,11,0.15714285714285714,1,1.0,0.0,0.8333333333333334
3,1693,has_category:Venues & Event Spaces,,0.0,0,0.0,0,0.3055555555555556,11,0.15714285714285714,1,1.0,0.0,0.8333333333333334
3,1693,"has_coordinates:(40.2020, -75.2560)",,0.0,0,0.0,0,0.3055555555555556,11,0.15714285714285714,1,1.0,0.0,0.75
3,1693,has_review_count:268 reviews,,0.0,0,0.0,0,0.3055555555555556,11,0.15714285714285714,1,1.0,0.0,0.75
3,1693,has_name:William Penn Inn,,0.0,0,0.0,0,0.3055555555555556,11,0.15714285714285714,1,1.0,0.0,0.75
3,1693,has_postal_code:19436,,0.0,0,0.0,0,0.3055555555555556,11,0.15714285714285714,1,1.0,0.0,0.25
3,1693,has_rating:4.0 stars,,0.25,1,0.9162907318741551,1,0.3055555555555556,11,0.15714285714285714,0,0.5,0.25,0.5
3,1693,located_in_city:Gwynedd,,0.0,0,0.0,0,0.3055555555555556,11,0.15714285714285714,1,1.0,0.0,0.25
3,1729,has_attribute:BusinessAcceptsCreditCards=True,,0.5,2,1.0216512475319814,2,0.47368421052631576,9,0.16363636363636364,0,0.3333333333333333,0.5,0.8461538461538461
3,1729,has_attribute:DogsAllowed=False,,0.0,0,0.0,0,0.47368421052631576,9,0.16363636363636364,1,1.0,0.0,0.8461538461538461
3,1729,has_attribute:GoodForKids=True,,0.25,1,0.9162907318741551,1,0.47368421052631576,9,0.16363636363636364,0,0.5,0.25,0.8461538461538461
3,1729,has_attribute:ByAppointmentOnly=False,,0.25,1,0.9162907318741551,1,0.47368421052631576,9,0.16363636363636364,0,0.5,0.25,0.8461538461538461
3,1729,has_review_count:121 reviews,,0.0,0,0.0,0,0.47368421052631576,9,0.16363636363636364,1,1.0,0.0,0.75
3,1729,has_category:Historical Tours,,0.25,1,0.9162907318741551,1,0.47368421052631576,9,0.16363636363636364,0,0.5,0.25,0.8333333333333334
3,1729,has_category:Tours,,0.5,2,1.0216512475319814,2,0.47368421052631576,9,0.16363636363636364,0,0.3333333333333333,0.5,0.8333333333333334
3,1729,has_category:Arts & Entertainment,,0.25,1,0.9162907318741551,1,0.47368421052631576,9,0.16363636363636364,0,0.5,0.25,0.8333333333333334
3,1729,has_category:Museums,,0.25,1,0.9162907318741551,1,0.47368421052631576,9,0.16363636363636364,0,0.5,0.25,0.8333333333333334
3,1729,has_category:Shopping,,0.0,0,0.0,0,0.47368421052631576,9,0.16363636363636364,1,1.0,0.0,0.8333333333333334
3,1729,has_category:Souvenir Shops,,0.0,0,0.0,0,0.47368421052631576,9,0.16363636363636364,1,1.0,0.0,0.8333333333333334
3,1729,has_category:Walking Tours,,0.0,0,0.0,0,0.47368421052631576,9,0.16363636363636364,1,1.0,0.0,0.8333333333333334
3,1729,"has_coordinates:(39.9845, -86.0288)",,0.0,0,0.0,0,0.47368421052631576,9,0.16363636363636364,1,1.0,0.0,0.75
3,1729,status:open,,1.0,4,0.0,4,0.47368421052631576,9,0.16363636363636364,0,0.2,1.0,0.0
3,1729,in_state:IN,,0.0,0,0.0,0,0.47368421052631576,9,0.16363636363636364,1,1.0,0.0,0.0
3,1729,has_rating:4.5 stars,,0.5,2,1.0216512475319814,2,0.47368421052631576,9,0.16363636363636364,0,0.3333333333333333,0.5,0.5
3,1729,has_postal_code:46038,,0.0,0,0.0,0,0.47368421052631576,9,0.16363636363636364,1,1.0,0.0,0.25
3,1729,located_in_city:Fishers,,0.0,0,0.0,0,0.47368421052631576,9,0.16363636363636364,1,1.0,0.0,0.25
3,1729,has_name:Conner Prairie,,0.0,0,0.0,0,0.47368421052631576,9,0.16363636363636364,1,1.0,0.0,0.75
3,2085,has_category:Home & Garden,,0.0,0,0.0,0,0.2682926829268293,11,0.14666666666666667,1,1.0,0.0,0.8333333333333334
3,2085,has_category:Festivals,,0.0,0,0.0,0,0.2682926829268293,11,0.14666666666666667,1,1.0,0.0,0.8333333333333334
3,2085,has_category:Parks,,0.0,0,0.0,0,0.2682926829268293,11,0.14666666666666667,1,1.0,0.0,0.8333333333333334
3,2085,has_category:Museums,,0.25,1,0.9162907318741551,1,0.2682926829268293,11,0.14666666666666667,0,0.5,0.25,0.8333333333333334
3,2085,has_category:Farmers Market,,0.0,0,0.0,0,0.2682926829268293,11,0.14666666666666667,1,1.0,0.0,0.8333333333333334
3,2085,has_category:Shopping,,0.0,0,0.0,0,0.2682926829268293,11,0.14666666666666667,1,1.0,0.0,0.8333333333333334
3,2085,has_category:Nurseries & Gardening,,0.0,0,0.0,0,0.2682926829268293,11,0.14666666666666667,1,1.0,0.0,0.8333333333333334
3,2085,has_category:Tours,,0.5,2,1.0216512475319814,2,0.2682926829268293,11,0.14666666666666667,0,0.3333333333333333,0.5,0.8333333333333334
3,2085,has_category:Antiques,,0.0,0,0.0,0,0.2682926829268293,11,0.14666666666666667,1,1.0,0.0,0.8333333333333334
3,2085,has_category:Active Life,,0.0,0,0.0,0,0.2682926829268293,11,0.14666666666666667,1,1.0,0.0,0.8333333333333334
3,2085,has_category:Arts & Entertainment,,0.25,1,0.9162907318741551,1,0.2682926829268293,11,0.14666666666666667,0,0.5,0.25,0.8333333333333334
3,2085,has_category:Food,,0.0,0,0.0,0,0.2682926829268293,11,0.14666666666666667,1,1.0,0.0,0.8333333333333334
3,2085,has_category:Botanical Gardens,,0.0,0,0.0,0,0.2682926829268293,11,0.14666666666666667,1,1.0,0.0,0.8333333333333334
3,2085,has_attribute:GoodForKids=True,,0.25,1,0.9162907318741551,1,0.2682926829268293,11,0.14666666666666667,0,0.5,0.25,0.8461538461538461
3,2085,"has_attribute:GoodForMeal={dessert: False, latenight: False, lunch: False, dinner: False, brunch: False, breakfast: False}",,0.0,0,0.0,0,0.2682926829268293,11,0.14666666666666667,1,1.0,0.0,0.8461538461538461
3,2085,has_attribute:ByAppointmentOnly=False,,0.25,1,0.9162907318741551,1,0.2682926829268293,11,0.14666666666666667,0,0.5,0.25,0.8461538461538461
3,2085,has_attribute:OutdoorSeating=True,,0.0,0,0.0,0,0.2682926829268293,11,0.14666666666666667,1,1.0,0.0,0.8461538461538461
3,2085,"has_attribute:Ambience={romantic: False, intimate: False, touristy: False, hipster: False, divey: False, classy: False, trendy: False, upscale: False, casual: False}",,0.0,0,0.0,0,0.2682926829268293,11,0.14666666666666667,1,1.0,0.0,0.8461538461538461
3,2085,has_attribute:Caters=False,,0.0,0,0.0,0,0.2682926829268293,11,0.14666666666666667,1,1.0,0.0,0.8461538461538461
3,2085,has_attribute:RestaurantsPriceRange2=1,,0.0,0,0.0,0,0.2682926829268293,11,0.14666666666666667,1,1.0,0.0,0.8461538461538461
3,2085,"has_attribute:BusinessParking={garage: False, street: True, validated: False, lot: True, valet: False}",,0.0,0,0.0,0,0.2682926829268293,11,0.14666666666666667,1,1.0,0.0,0.8461538461538461
3,2085,has_attribute:DogsAllowed=False,,0.0,0,0.0,0,0.2682926829268293,11,0.14666666666666667,1,1.0,0.0,0.8461538461538461
3,2085,has_attribute:RestaurantsTableService=False,,0.0,0,0.0,0,0.2682926829268293,11,0.14666666666666667,1,1.0,0.0,0.8461538461538461
3,2085,has_attribute:HasTV=False,,0.0,0,0.0,0,0.2682926829268293,11,0.14666666666666667,1,1.0,0.0,0.8461538461538461
3,2085,has_attribute:RestaurantsAttire=casual,,0.0,0,0.0,0,0.2682926829268293,11,0.14666666666666667,1,1.0,0.0,0.8461538461538461
3,2085,has_attribute:BikeParking=True,,0.0,0,0.0,0,0.2682926829268293,11,0.14666666666666667,1,1.0,0.0,0.8461538461538461
3,2085,has_attribute:WiFi=free,,0.5,2,1.0216512475319814,2,0.2682926829268293,11,0.14666666666666667,0,0.3333333333333333,0.5,0.8461538461538461
3,2085,has_attribute:RestaurantsGoodForGroups=True,,0.0,0,0.0,0,0.2682926829268293,11,0.14666666666666667,1,1.0,0.0,0.8461538461538461
3,2085,has_attribute:RestaurantsTakeOut=False,,0.25,1,0.9162907318741551,1,0.2682926829268293,11,0.14666666666666667,0,0.5,0.25,0.8461538461538461
3,2085,has_attribute:BusinessAcceptsCreditCards=True,,0.5,2,1.0216512475319814,2,0.2682926829268293,11,0.14666666666666667,0,0.3333333333333333,0.5,0.8461538461538461
3,2085,has_attribute:RestaurantsDelivery=False,,0.25,1,0.9162907318741551,1,0.2682926829268293,11,0.14666666666666667,0,0.5,0.25,0.8461538461538461
3,2085,has_attribute:NoiseLevel=average,,0.0,0,0.0,0,0.2682926829268293,11,0.14666666666666667,1,1.0,0.0,0.8461538461538461
3,2085,has_attribute:RestaurantsReservations=False,,0.0,0,0.0,0,0.2682926829268293,11,0.14666666666666667,1,1.0,0.0,0.8461538461538461
3,2085,in_state:MO,,0.0,0,0.0,0,0.2682926829268293,11,0.14666666666666667,1,1.0,0.0,0.0
3,2085,has_review_count:468 reviews,,0.0,0,0.0,0,0.2682926829268293,11,0.14666666666666667,1,1.0,0.0,0.75
3,2085,status:open,,1.0,4,0.0,4,0.2682926829268293,11,0.14666666666666667,0,0.2,1.0,0.0
3,2085,"has_coordinates:(38.6161, -90.2581)",,0.0,0,0.0,0,0.2682926829268293,11,0.14666666666666667,1,1.0,0.0,0.75
3,2085,has_rating:4.5 stars,,0.5,2,1.0216512475319814,2,0.2682926829268293,11,0.14666666666666667,0,0.3333333333333333,0.5,0.5
3,2085,has_postal_code:63110,,0.0,0,0.0,0,0.2682926829268293,11,0.14666666666666667,1,1.0,0.0,0.25
3,2085,has_name:Missouri Botanical Garden,,0.0,0,0.0,0,0.2682926829268293,11,0.14666666666666667,1,1.0,0.0,0.75
3,2085,located_in_city:Saint Louis,,0.0,0,0.0,0,0.2682926829268293,11,0.14666666666666667,1,1.0,0.0,0.25
3,2101,has_attribute:ByAppointmentOnly=False,,0.25,1,0.9162907318741551,1,0.5555555555555556,10,0.18867924528301888,0,0.5,0.25,0.8461538461538461
3,2101,has_attribute:GoodForKids=True,,0.25,1,0.9162907318741551,1,0.5555555555555556,10,0.18867924528301888,0,0.5,0.25,0.8461538461538461
3,2101,has_attribute:WiFi=free,,0.5,2,1.0216512475319814,2,0.5555555555555556,10,0.18867924528301888,0,0.3333333333333333,0.5,0.8461538461538461
3,2101,has_attribute:DogsAllowed=False,,0.0,0,0.0,0,0.5555555555555556,10,0.18867924528301888,1,1.0,0.0,0.8461538461538461
3,2101,has_name:Indianapolis Motor Speedway Museum,,0.0,0,0.0,0,0.5555555555555556,10,0.18867924528301888,1,1.0,0.0,0.75
3,2101,status:open,,1.0,4,0.0,4,0.5555555555555556,10,0.18867924528301888,0,0.2,1.0,0.0
3,2101,has_rating:4.5 stars,,0.5,2,1.0216512475319814,2,0.5555555555555556,10,0.18867924528301888,0,0.3333333333333333,0.5,0.5
3,2101,has_category:Tours,,0.5,2,1.0216512475319814,2,0.5555555555555556,10,0.18867924528301888,0,0.3333333333333333,0.5,0.8333333333333334
3,2101,has_category:Museums,,0.25,1,0.9162907318741551,1,0.5555555555555556,10,0.18867924528301888,0,0.5,0.25,0.8333333333333334
3,2101,has_category:Race Tracks,,0.0,0,0.0,0,0.5555555555555556,10,0.18867924528301888,1,1.0,0.0,0.8333333333333334
3,2101,has_category:Local Flavor,,0.25,1,0.9162907318741551,1,0.5555555555555556,10,0.18867924528301888,0,0.5,0.25,0.8333333333333334
3,2101,has_category:Historical Tours,,0.25,1,0.9162907318741551,1,0.5555555555555556,10,0.18867924528301888,0,0.5,0.25,0.8333333333333334
3,2101,has_category:Arts & Entertainment,,0.25,1,0.9162907318741551,1,0.5555555555555556,10,0.18867924528301888,0,0.5,0.25,0.8333333333333334
3,2101,"has_coordinates:(39.7903, -86.2337)",,0.0,0,0.0,0,0.5555555555555556,10,0.18867924528301888,1,1.0,0.0,0.75
3,2101,in_state:IN,,0.0,0,0.0,0,0.5555555555555556,10,0.18867924528301888,1,1.0,0.0,0.0
3,2101,has_postal_code:46222,,0.0,0,0.0,0,0.5555555555555556,10,0.18867924528301888,1,1.0,0.0,0.25
3,2101,has_review_count:91 reviews,,0.0,0,0.0,0,0.5555555555555556,10,0.18867924528301888,1,1.0,0.0,0.75
3,2101,located_in_city:Indianapolis,,0.0,0,0.0,0,0.5555555555555556,10,0.18867924528301888,1,1.0,0.0,0.25
3,2109,has_review_count:430 reviews,,0.0,0,0.0,0,0.25,4,0.07017543859649122,1,1.0,0.0,0.75
3,2109,has_name:Hyatt Regency St. Louis at the Arch,,0.0,0,0.0,0,0.25,4,0.07017543859649122,1,1.0,0.0,0.75
3,2109,"has_coordinates:(38.6262, -90.1878)",,0.0,0,0.0,0,0.25,4,0.07017543859649122,1,1.0,0.0,0.75
3,2109,has_postal_code:63102,,0.0,0,0.0,0,0.25,4,0.07017543859649122,1,1.0,0.0,0.25
3,2109,in_state:MO,,0.0,0,0.0,0,0.25,4,0.07017543859649122,1,1.0,0.0,0.0
3,2109,has_attribute:BusinessAcceptsBitcoin=False,,0.0,0,0.0,0,0.25,4,0.07017543859649122,1,1.0,0.0,0.8461538461538461
3,2109,has_attribute:WiFi=free,,0.5,2,1.0216512475319814,2,0.25,4,0.07017543859649122,0,0.3333333333333333,0.5,0.8461538461538461
3,2109,has_attribute:WheelchairAccessible=True,,0.0,0,0.0,0,0.25,4,0.07017543859649122,1,1.0,0.0,0.8461538461538461
3,2109,has_attribute:RestaurantsPriceRange2=3,,0.0,0,0.0,0,0.25,4,0.07017543859649122,1,1.0,0.0,0.8461538461538461
3,2109,has_attribute:BusinessAcceptsCreditCards=True,,0.5,2,1.0216512475319814,2,0.25,4,0.07017543859649122,0,0.3333333333333333,0.5,0.8461538461538461
3,2109,has_attribute:DogsAllowed=True,,0.0,0,0.0,0,0.25,4,0.07017543859649122,1,1.0,0.0,0.8461538461538461
3,2109,has_category:Event Planning & Services,,0.25,1,0.9162907318741551,1,0.25,4,0.07017543859649122,0,0.5,0.25,0.8333333333333334
3,2109,has_category:Venues & Event Spaces,,0.0,0,0.0,0,0.25,4,0.07017543859649122,1,1.0,0.0,0.8333333333333334
3,2109,has_rating:3.5 stars,,0.0,0,0.0,0,0.25,4,0.07017543859649122,1,1.0,0.0,0.5
3,2109,status:open,,1.0,4,0.0,4,0.25,4,0.07017543859649122,0,0.2,1.0,0.0
3,2109,located_in_city:Saint Louis,,0.0,0,0.0,0,0.25,4,0.07017543859649122,1,1.0,0.0,0.25
3,2290,has_name:Southwest Airlines,,0.0,0,0.0,0,0.2,2,0.03773584905660377,1,1.0,0.0,0.75
3,2290,"has_coordinates:(39.7149, -86.2975)",,0.0,0,0.0,0,0.2,2,0.03773584905660377,1,1.0,0.0,0.75
3,2290,has_category:Airlines,,0.0,0,0.0,0,0.2,2,0.03773584905660377,1,1.0,0.0,0.8333333333333334
3,2290,has_category:Transportation,,0.0,0,0.0,0,0.2,2,0.03773584905660377,1,1.0,0.0,0.8333333333333334
3,2290,located_in_city:Indianapolis,,0.0,0,0.0,0,0.2,2,0.03773584905660377,1,1.0,0.0,0.25
3,2290,status:open,,1.0,4,0.0,4,0.2,2,0.03773584905660377,0,0.2,1.0,0.0
3,2290,in_state:IN,,0.0,0,0.0,0,0.2,2,0.03773584905660377,1,1.0,0.0,0.0
3,2290,has_postal_code:46241,,0.0,0,0.0,0,0.2,2,0.03773584905660377,1,1.0,0.0,0.25
3,2290,has_rating:3.0 stars,,0.25,1,0.9162907318741551,1,0.2,2,0.03773584905660377,0,0.5,0.25,0.5
3,2290,has_review_count:45 reviews,,0.0,0,0.0,0,0.2,2,0.03773584905660377,1,1.0,0.0,0.75
3,2344,in_state:TN,,0.0,0,0.0,0,0.17647058823529413,9,0.10344827586206896,1,1.0,0.0,0.0
3,2344,has_category:Beauty & Spas,,0.0,0,0.0,0,0.17647058823529413,9,0.10344827586206896,1,1.0,0.0,0.8333333333333334
3,2344,has_category:American (New),,0.0,0,0.0,0,0.17647058823529413,9,0.10344827586206896,1,1.0,0.0,0.8333333333333334
3,2344,has_category:Museums,,0.25,1,0.9162907318741551,1,0.17647058823529413,9,0.10344827586206896,0,0.5,0.25,0.8333333333333334
3,2344,has_category:Day Spas,,0.0,0,0.0,0,0.17647058823529413,9,0.10344827586206896,1,1.0,0.0,0.8333333333333334
3,2344,has_category:Resorts,,0.0,0,0.0,0,0.17647058823529413,9,0.10344827586206896,1,1.0,0.0,0.8333333333333334
3,2344,has_category:Performing Arts,,0.0,0,0.0,0,0.17647058823529413,9,0.10344827586206896,1,1.0,0.0,0.8333333333333334
3,2344,has_category:Venues & Event Spaces,,0.0,0,0.0,0,0.17647058823529413,9,0.10344827586206896,1,1.0,0.0,0.8333333333333334
3,2344,has_category:Restaurants,,0.25,1,0.9162907318741551,1,0.17647058823529413,9,0.10344827586206896,0,0.5,0.25,0.8333333333333334
3,2344,has_category:Event Planning & Services,,0.25,1,0.9162907318741551,1,0.17647058823529413,9,0.10344827586206896,0,0.5,0.25,0.8333333333333334
3,2344,has_category:Convenience Stores,,0.0,0,0.0,0,0.17647058823529413,9,0.10344827586206896,1,1.0,0.0,0.8333333333333334
3,2344,has_category:Cinema,,0.0,0,0.0,0,0.17647058823529413,9,0.10344827586206896,1,1.0,0.0,0.8333333333333334
3,2344,has_category:Arts & Entertainment,,0.25,1,0.9162907318741551,1,0.17647058823529413,9,0.10344827586206896,0,0.5,0.25,0.8333333333333334
3,2344,has_category:Food,,0.0,0,0.0,0,0.17647058823529413,9,0.10344827586206896,1,1.0,0.0,0.8333333333333334
3,2344,has_attribute:GoodForKids=True,,0.25,1,0.9162907318741551,1,0.17647058823529413,9,0.10344827586206896,0,0.5,0.25,0.8461538461538461
3,2344,has_attribute:BusinessAcceptsCreditCards=True,,0.5,2,1.0216512475319814,2,0.17647058823529413,9,0.10344827586206896,0,0.3333333333333333,0.5,0.8461538461538461
3,2344,has_attribute:BYOBCorkage=no,,0.0,0,0.0,0,0.17647058823529413,9,0.10344827586206896,1,1.0,0.0,0.8461538461538461
3,2344,has_attribute:GoodForDancing=False,,0.0,0,0.0,0,0.17647058823529413,9,0.10344827586206896,1,1.0,0.0,0.8461538461538461
3,2344,has_attribute:CoatCheck=True,,0.0,0,0.0,0,0.17647058823529413,9,0.10344827586206896,1,1.0,0.0,0.8461538461538461
3,2344,has_attribute:RestaurantsTableService=True,,0.0,0,0.0,0,0.17647058823529413,9,0.10344827586206896,1,1.0,0.0,0.8461538461538461
3,2344,has_attribute:HasTV=True,,0.0,0,0.0,0,0.17647058823529413,9,0.10344827586206896,1,1.0,0.0,0.8461538461538461
3,2344,has_attribute:BYOB=True,,0.0,0,0.0,0,0.17647058823529413,9,0.10344827586206896,1,1.0,0.0,0.8461538461538461
3,2344,has_attribute:ByAppointmentOnly=True,,0.0,0,0.0,0,0.17647058823529413,9,0.10344827586206896,1,1.0,0.0,0.8461538461538461
3,2344,has_attribute:Alcohol=full_bar,,0.0,0,0.0,0,0.17647058823529413,9,0.10344827586206896,1,1.0,0.0,0.8461538461538461
3,2344,has_attribute:BusinessAcceptsBitcoin=False,,0.0,0,0.0,0,0.17647058823529413,9,0.10344827586206896,1,1.0,0.0,0.8461538461538461
3,2344,has_attribute:WiFi=paid,,0.0,0,0.0,0,0.17647058823529413,9,0.10344827586206896,1,1.0,0.0,0.8461538461538461
3,2344,has_attribute:HappyHour=True,,0.0,0,0.0,0,0.17647058823529413,9,0.10344827586206896,1,1.0,0.0,0.8461538461538461
3,2344,"has_attribute:Music={dj: True, background_music: True, no_music: False, jukebox: False, live: True, video: False, karaoke: True}",,0.0,0,0.0,0,0.17647058823529413,9,0.10344827586206896,1,1.0,0.0,0.8461538461538461
3,2344,has_attribute:RestaurantsPriceRange2=3,,0.0,0,0.0,0,0.17647058823529413,9,0.10344827586206896,1,1.0,0.0,0.8461538461538461
3,2344,"has_attribute:Ambience={romantic: False, intimate: False, touristy: True, hipster: False, divey: False, classy: False, trendy: False, upscale: False, casual: False}",,0.0,0,0.0,0,0.17647058823529413,9,0.10344827586206896,1,1.0,0.0,0.8461538461538461
3,2344,has_attribute:RestaurantsGoodForGroups=True,,0.0,0,0.0,0,0.17647058823529413,9,0.10344827586206896,1,1.0,0.0,0.8461538461538461
3,2344,"has_attribute:BestNights={monday: False, tuesday: False, friday: True, wednesday: False, thursday: False, sunday: True, saturday: True}",,0.0,0,0.0,0,0.17647058823529413,9,0.10344827586206896,1,1.0,0.0,0.8461538461538461
3,2344,has_attribute:RestaurantsReservations=True,,0.25,1,0.9162907318741551,1,0.17647058823529413,9,0.10344827586206896,0,0.5,0.25,0.8461538461538461
3,2344,has_attribute:DogsAllowed=False,,0.0,0,0.0,0,0.17647058823529413,9,0.10344827586206896,1,1.0,0.0,0.8461538461538461
3,2344,has_attribute:RestaurantsAttire=casual,,0.0,0,0.0,0,0.17647058823529413,9,0.10344827586206896,1,1.0,0.0,0.8461538461538461
3,2344,has_attribute:RestaurantsDelivery=True,,0.0,0,0.0,0,0.17647058823529413,9,0.10344827586206896,1,1.0,0.0,0.8461538461538461
3,2344,has_attribute:OutdoorSeating=True,,0.0,0,0.0,0,0.17647058823529413,9,0.10344827586206896,1,1.0,0.0,0.8461538461538461
3,2344,"has_attribute:BusinessParking={garage: False, street: False, validated: False, lot: True, valet: False}",,0.0,0,0.0,0,0.17647058823529413,9,0.10344827586206896,1,1.0,0.0,0.8461538461538461
3,2344,has_attribute:NoiseLevel=very_loud,,0.0,0,0.0,0,0.17647058823529413,9,0.10344827586206896,1,1.0,0.0,0.8461538461538461
3,2344,has_attribute:RestaurantsTakeOut=True,,0.0,0,0.0,0,0.17647058823529413,9,0.10344827586206896,1,1.0,0.0,0.8461538461538461
3,2344,"has_attribute:GoodForMeal={dessert: False, latenight: True, lunch: True, dinner: True, brunch: False, breakfast: False}",,0.0,0,0.0,0,0.17647058823529413,9,0.10344827586206896,1,1.0,0.0,0.8461538461538461
3,2344,has_attribute:WheelchairAccessible=True,,0.0,0,0.0,0,0.17647058823529413,9,0.10344827586206896,1,1.0,0.0,0.8461538461538461
3,2344,has_attribute:Caters=True,,0.0,0,0.0,0,0.17647058823529413,9,0.10344827586206896,1,1.0,0.0,0.8461538461538461
3,2344,has_attribute:Smoking=outdoor,,0.0,0,0.0,0,0.17647058823529413,9,0.10344827586206896,1,1.0,0.0,0.8461538461538461
3,2344,has_name:Gaylord Opryland Resort & Convention Center,,0.0,0,0.0,0,0.17647058823529413,9,0.10344827586206896,1,1.0,0.0,0.75
3,2344,has_rating:3.0 stars,,0.25,1,0.9162907318741551,1,0.17647058823529413,9,0.10344827586206896,0,0.5,0.25,0.5
3,2344,"has_coordinates:(36.2116, -86.6943)",,0.0,0,0.0,0,0.17647058823529413,9,0.10344827586206896,1,1.0,0.0,0.75
3,2344,has_postal_code:37214,,0.0,0,0.0,0,0.17647058823529413,9,0.10344827586206896,1,1.0,0.0,0.25
3,2344,located_in_city:Nashville,,0.0,0,0.0,0,0.17647058823529413,9,0.10344827586206896,1,1.0,0.0,0.25
3,2344,status:open,,1.0,4,0.0,4,0.17647058823529413,9,0.10344827586206896,0,0.2,1.0,0.0
3,2344,has_review_count:1639 reviews,,0.0,0,0.0,0,0.17647058823529413,9,0.10344827586206896,1,1.0,0.0,0.75
3,25,status:open,,1.0,4,0.0,4,0.42857142857142855,6,0.11320754716981132,0,0.2,1.0,0.0
3,25,located_in_city:New Orleans,,0.0,0,0.0,0,0.42857142857142855,6,0.11320754716981132,1,1.0,0.0,0.25
3,25,has_postal_code:70116,,0.0,0,0.0,0,0.42857142857142855,6,0.11320754716981132,1,1.0,0.0,0.25
3,25,has_category:Religious Organizations,,0.0,0,0.0,0,0.42857142857142855,6,0.11320754716981132,1,1.0,0.0,0.8333333333333334
3,25,has_category:Public Services & Government,,0.75,3,0.6694306539426294,3,0.42857142857142855,6,0.11320754716981132,0,0.25,0.75,0.8333333333333334
3,25,has_category:Tours,,0.5,2,1.0216512475319814,2,0.42857142857142855,6,0.11320754716981132,0,0.3333333333333333,0.5,0.8333333333333334
3,25,has_category:Churches,,0.0,0,0.0,0,0.42857142857142855,6,0.11320754716981132,1,1.0,0.0,0.8333333333333334
3,25,has_category:Landmarks & Historical Buildings,,0.75,3,0.6694306539426294,3,0.42857142857142855,6,0.11320754716981132,0,0.25,0.75,0.8333333333333334
3,25,"has_coordinates:(29.9580, -90.0637)",,0.0,0,0.0,0,0.42857142857142855,6,0.11320754716981132,1,1.0,0.0,0.75
3,25,has_review_count:201 reviews,,0.0,0,0.0,0,0.42857142857142855,6,0.11320754716981132,1,1.0,0.0,0.75
3,25,has_rating:4.5 stars,,0.5,2,1.0216512475319814,2,0.42857142857142855,6,0.11320754716981132,0,0.3333333333333333,0.5,0.5
3,25,in_state:LA,,0.0,0,0.0,0,0.42857142857142855,6,0.11320754716981132,1,1.0,0.0,0.0
3,25,has_name:Cathedral-Basilica of St. Louis King of France,,0.0,0,0.0,0,0.42857142857142855,6,0.11320754716981132,1,1.0,0.0,0.75
3,25,has_attribute:ByAppointmentOnly=False,,0.25,1,0.9162907318741551,1,0.42857142857142855,6,0.11320754716981132,0,0.5,0.25,0.8461538461538461
3,2557,has_review_count:947 reviews,,0.0,0,0.0,0,0.26666666666666666,4,0.07142857142857142,1,1.0,0.0,0.75
3,2557,in_state:IN,,0.0,0,0.0,0,0.26666666666666666,4,0.07142857142857142,1,1.0,0.0,0.0
3,2557,located_in_city:Indianapolis,,0.0,0,0.0,0,0.26666666666666666,4,0.07142857142857142,1,1.0,0.0,0.25
3,2557,has_category:Transportation,,0.0,0,0.0,0,0.26666666666666666,4,0.07142857142857142,1,1.0,0.0,0.8333333333333334
3,2557,has_category:Airports,,0.0,0,0.0,0,0.26666666666666666,4,0.07142857142857142,1,1.0,0.0,0.8333333333333334
3,2557,has_category:Airlines,,0.0,0,0.0,0,0.26666666666666666,4,0.07142857142857142,1,1.0,0.0,0.8333333333333334
3,2557,has_category:Car Rental,,0.0,0,0.0,0,0.26666666666666666,4,0.07142857142857142,1,1.0,0.0,0.8333333333333334
3,2557,has_attribute:ByAppointmentOnly=False,,0.25,1,0.9162907318741551,1,0.26666666666666666,4,0.07142857142857142,0,0.5,0.25,0.8461538461538461
3,2557,has_attribute:WiFi=free,,0.5,2,1.0216512475319814,2,0.26666666666666666,4,0.07142857142857142,0,0.3333333333333333,0.5,0.8461538461538461
3,2557,"has_attribute:BusinessParking={garage: False, street: False, validated: False, lot: False, valet: False}",,0.0,0,0.0,0,0.26666666666666666,4,0.07142857142857142,1,1.0,0.0,0.8461538461538461
3,2557,status:open,,1.0,4,0.0,4,0.26666666666666666,4,0.07142857142857142,0,0.2,1.0,0.0
3,2557,has_postal_code:46241,,0.0,0,0.0,0,0.26666666666666666,4,0.07142857142857142,1,1.0,0.0,0.25
3,2557,has_name:Indianapolis International Airport - IND,,0.0,0,0.0,0,0.26666666666666666,4,0.07142857142857142,1,1.0,0.0,0.75
3,2557,"has_coordinates:(39.7149, -86.2975)",,0.0,0,0.0,0,0.26666666666666666,4,0.07142857142857142,1,1.0,0.0,0.75
3,2557,has_rating:4.0 stars,,0.25,1,0.9162907318741551,1,0.26666666666666666,4,0.07142857142857142,0,0.5,0.25,0.5
3,2617,has_postal_code:37203,,0.0,0,0.0,0,0.46153846153846156,6,0.11538461538461539,1,1.0,0.0,0.25
3,2617,has_category:Event Planning & Services,,0.25,1,0.9162907318741551,1,0.46153846153846156,6,0.11538461538461539,0,0.5,0.25,0.8333333333333334
3,2617,has_attribute:BusinessAcceptsCreditCards=True,,0.5,2,1.0216512475319814,2,0.46153846153846156,6,0.11538461538461539,0,0.3333333333333333,0.5,0.8461538461538461
3,2617,has_attribute:WiFi=free,,0.5,2,1.0216512475319814,2,0.46153846153846156,6,0.11538461538461539,0,0.3333333333333333,0.5,0.8461538461538461
3,2617,has_attribute:RestaurantsPriceRange2=2,,0.25,1,0.9162907318741551,1,0.46153846153846156,6,0.11538461538461539,0,0.5,0.25,0.8461538461538461
3,2617,has_attribute:DogsAllowed=True,,0.0,0,0.0,0,0.46153846153846156,6,0.11538461538461539,1,1.0,0.0,0.8461538461538461
3,2617,located_in_city:Nashville,,0.0,0,0.0,0,0.46153846153846156,6,0.11538461538461539,1,1.0,0.0,0.25
3,2617,"has_name:Union Station Hotel Nashville, Autograph Collection",,0.0,0,0.0,0,0.46153846153846156,6,0.11538461538461539,1,1.0,0.0,0.75
3,2617,has_rating:4.0 stars,,0.25,1,0.9162907318741551,1,0.46153846153846156,6,0.11538461538461539,0,0.5,0.25,0.5
3,2617,in_state:TN,,0.0,0,0.0,0,0.46153846153846156,6,0.11538461538461539,1,1.0,0.0,0.0
3,2617,has_review_count:243 reviews,,0.0,0,0.0,0,0.46153846153846156,6,0.11538461538461539,1,1.0,0.0,0.75
3,2617,"has_coordinates:(36.1573, -86.7849)",,0.0,0,0.0,0,0.46153846153846156,6,0.11538461538461539,1,1.0,0.0,0.75
3,2617,status:open,,1.0,4,0.0,4,0.46153846153846156,6,0.11538461538461539,0,0.2,1.0,0.0
3,2963,has_category:Public Services & Government,,0.75,3,0.6694306539426294,3,0.6190476190476191,13,0.24528301886792453,0,0.25,0.75,0.8333333333333334
3,2963,has_category:Observatories,,0.0,0,0.0,0,0.6190476190476191,13,0.24528301886792453,1,1.0,0.0,0.8333333333333334
3,2963,has_category:Venues & Event Spaces,,0.0,0,0.0,0,0.6190476190476191,13,0.24528301886792453,1,1.0,0.0,0.8333333333333334
3,2963,has_category:Local Flavor,,0.25,1,0.9162907318741551,1,0.6190476190476191,13,0.24528301886792453,0,0.5,0.25,0.8333333333333334
3,2963,has_category:Landmarks & Historical Buildings,,0.75,3,0.6694306539426294,3,0.6190476190476191,13,0.24528301886792453,0,0.25,0.75,0.8333333333333334
3,2963,has_category:Event Planning & Services,,0.25,1,0.9162907318741551,1,0.6190476190476191,13,0.24528301886792453,0,0.5,0.25,0.8333333333333334
3,2963,has_category:Tours,,0.5,2,1.0216512475319814,2,0.6190476190476191,13,0.24528301886792453,0,0.3333333333333333,0.5,0.8333333333333334
3,2963,has_category:Arts & Entertainment,,0.25,1,0.9162907318741551,1,0.6190476190476191,13,0.24528301886792453,0,0.5,0.25,0.8333333333333334
3,2963,has_review_count:160 reviews,,0.0,0,0.0,0,0.6190476190476191,13,0.24528301886792453,1,1.0,0.0,0.75
3,2963,in_state:PA,,1.0,4,0.0,4,0.6190476190476191,13,0.24528301886792453,0,0.2,1.0,0.0
3,2963,has_attribute:WheelchairAccessible=True,,0.0,0,0.0,0,0.6190476190476191,13,0.24528301886792453,1,1.0,0.0,0.8461538461538461
3,2963,has_attribute:ByAppointmentOnly=False,,0.25,1,0.9162907318741551,1,0.6190476190476191,13,0.24528301886792453,0,0.5,0.25,0.8461538461538461
3,2963,has_attribute:GoodForKids=True,,0.25,1,0.9162907318741551,1,0.6190476190476191,13,0.24528301886792453,0,0.5,0.25,0.8461538461538461
3,2963,has_attribute:BusinessAcceptsCreditCards=True,,0.5,2,1.0216512475319814,2,0.6190476190476191,13,0.24528301886792453,0,0.3333333333333333,0.5,0.8461538461538461
3,2963,has_attribute:WiFi=free,,0.5,2,1.0216512475319814,2,0.6190476190476191,13,0.24528301886792453,0,0.3333333333333333,0.5,0.8461538461538461
3,2963,located_in_city:Philadelphia,,0.75,3,0.6694306539426294,3,0.6190476190476191,13,0.24528301886792453,0,0.25,0.75,0.25
3,2963,has_rating:4.0 stars,,0.25,1,0.9162907318741551,1,0.6190476190476191,13,0.24528301886792453,0,0.5,0.25,0.5
3,2963,has_postal_code:19103,,0.0,0,0.0,0,0.6190476190476191,13,0.24528301886792453,1,1.0,0.0,0.25
3,2963,status:closed,,0.0,0,0.0,0,0.6190476190476191,13,0.24528301886792453,1,1.0,0.0,0.0
3,2963,has_name:One Liberty Observation Deck,,0.0,0,0.0,0,0.6190476190476191,13,0.24528301886792453,1,1.0,0.0,0.75
3,2963,"has_coordinates:(39.9527, -75.1681)",,0.0,0,0.0,0,0.6190476190476191,13,0.24528301886792453,1,1.0,0.0,0.75
3,2972,status:open,,1.0,4,0.0,4,0.4444444444444444,8,0.14545454545454545,0,0.2,1.0,0.0
3,2972,has_category:Seafood,,0.0,0,0.0,0,0.4444444444444444,8,0.14545454545454545,1,1.0,0.0,0.8333333333333334
3,2972,has_category:Public Services & Government,,0.75,3,0.6694306539426294,3,0.4444444444444444,8,0.14545454545454545,0,0.25,0.75,0.8333333333333334
3,2972,has_category:Boat Tours,,0.0,0,0.0,0,0.4444444444444444,8,0.14545454545454545,1,1.0,0.0,0.8333333333333334
3,2972,has_category:Restaurants,,0.25,1,0.9162907318741551,1,0.4444444444444444,8,0.14545454545454545,0,0.5,0.25,0.8333333333333334
3,2972,has_category:Landmarks & Historical Buildings,,0.75,3,0.6694306539426294,3,0.4444444444444444,8,0.14545454545454545,0,0.25,0.75,0.8333333333333334
3,2972,has_category:Tours,,0.5,2,1.0216512475319814,2,0.4444444444444444,8,0.14545454545454545,0,0.3333333333333333,0.5,0.8333333333333334
3,2972,has_category:Shopping,,0.0,0,0.0,0,0.4444444444444444,8,0.14545454545454545,1,1.0,0.0,0.8333333333333334
3,2972,has_category:Shopping Centers,,0.0,0,0.0,0,0.4444444444444444,8,0.14545454545454545,1,1.0,0.0,0.8333333333333334
3,2972,has_category:Local Flavor,,0.25,1,0.9162907318741551,1,0.4444444444444444,8,0.14545454545454545,0,0.5,0.25,0.8333333333333334
3,2972,has_rating:4.0 stars,,0.25,1,0.9162907318741551,1,0.4444444444444444,8,0.14545454545454545,0,0.5,0.25,0.5
3,2972,has_attribute:GoodForKids=True,,0.25,1,0.9162907318741551,1,0.4444444444444444,8,0.14545454545454545,0,0.5,0.25,0.8461538461538461
3,2972,located_in_city:Santa Barbara,,0.0,0,0.0,0,0.4444444444444444,8,0.14545454545454545,1,1.0,0.0,0.25
3,2972,in_state:CA,,0.0,0,0.0,0,0.4444444444444444,8,0.14545454545454545,1,1.0,0.0,0.0
3,2972,has_name:Stearns Wharf,,0.0,0,0.0,0,0.4444444444444444,8,0.14545454545454545,1,1.0,0.0,0.75
3,2972,"has_coordinates:(34.4100, -119.6855)",,0.0,0,0.0,0,0.4444444444444444,8,0.14545454545454545,1,1.0,0.0,0.75
3,2972,has_review_count:297 reviews,,0.0,0,0.0,0,0.4444444444444444,8,0.14545454545454545,1,1.0,0.0,0.75
3,2972,has_postal_code:93190,,0.0,0,0.0,0,0.4444444444444444,8,0.14545454545454545,1,1.0,0.0,0.25
3,3069,has_attribute:WiFi=no,,0.0,0,0.0,0,0.1,1,0.018518518518518517,1,1.0,0.0,0.8461538461538461
3,3069,has_rating:2.0 stars,,0.0,0,0.0,0,0.1,1,0.018518518518518517,1,1.0,0.0,0.5
3,3069,"has_coordinates:(27.9807, -82.5351)",,0.0,0,0.0,0,0.1,1,0.018518518518518517,1,1.0,0.0,0.75
3,3069,status:open,,1.0,4,0.0,4,0.1,1,0.018518518518518517,0,0.2,1.0,0.0
3,3069,has_name:Avis Rent-A-Car - Tampa Intl Airport,,0.0,0,0.0,0,0.1,1,0.018518518518518517,1,1.0,0.0,0.75
3,3069,has_review_count:130 reviews,,0.0,0,0.0,0,0.1,1,0.018518518518518517,1,1.0,0.0,0.75
3,3069,in_state:FL,,0.0,0,0.0,0,0.1,1,0.018518518518518517,1,1.0,0.0,0.0
3,3069,has_postal_code:33607,,0.0,0,0.0,0,0.1,1,0.018518518518518517,1,1.0,0.0,0.25
3,3069,located_in_city:Tampa,,0.0,0,0.0,0,0.1,1,0.018518518518518517,1,1.0,0.0,0.25
3,3069,has_category:Car Rental,,0.0,0,0.0,0,0.1,1,0.018518518518518517,1,1.0,0.0,0.8333333333333334
3,3119,has_attribute:GoodForDancing=True,,0.0,0,0.0,0,0.1724137931034483,5,0.07246376811594203,1,1.0,0.0,0.8461538461538461
3,3119,has_attribute:NoiseLevel=quiet,,0.0,0,0.0,0,0.1724137931034483,5,0.07246376811594203,1,1.0,0.0,0.8461538461538461
3,3119,has_attribute:DogsAllowed=True,,0.0,0,0.0,0,0.1724137931034483,5,0.07246376811594203,1,1.0,0.0,0.8461538461538461
3,3119,has_attribute:RestaurantsGoodForGroups=True,,0.0,0,0.0,0,0.1724137931034483,5,0.07246376811594203,1,1.0,0.0,0.8461538461538461
3,3119,"has_attribute:Music={dj: True, background_music: False, jukebox: False, live: False, video: False, karaoke: False}",,0.0,0,0.0,0,0.1724137931034483,5,0.07246376811594203,1,1.0,0.0,0.8461538461538461
3,3119,"has_attribute:BusinessParking={garage: False, street: False, validated: False, lot: False, valet: False}",,0.0,0,0.0,0,0.1724137931034483,5,0.07246376811594203,1,1.0,0.0,0.8461538461538461
3,3119,has_attribute:Alcohol=full_bar,,0.0,0,0.0,0,0.1724137931034483,5,0.07246376811594203,1,1.0,0.0,0.8461538461538461
3,3119,has_attribute:WiFi=free,,0.5,2,1.0216512475319814,2,0.1724137931034483,5,0.07246376811594203,0,0.3333333333333333,0.5,0.8461538461538461
3,3119,has_attribute:OutdoorSeating=True,,0.0,0,0.0,0,0.1724137931034483,5,0.07246376811594203,1,1.0,0.0,0.8461538461538461
3,3119,has_attribute:RestaurantsPriceRange2=3,,0.0,0,0.0,0,0.1724137931034483,5,0.07246376811594203,1,1.0,0.0,0.8461538461538461
3,3119,has_attribute:ByAppointmentOnly=True,,0.0,0,0.0,0,0.1724137931034483,5,0.07246376811594203,1,1.0,0.0,0.8461538461538461
3,3119,has_attribute:BusinessAcceptsCreditCards=True,,0.5,2,1.0216512475319814,2,0.1724137931034483,5,0.07246376811594203,0,0.3333333333333333,0.5,0.8461538461538461
3,3119,has_attribute:CoatCheck=True,,0.0,0,0.0,0,0.1724137931034483,5,0.07246376811594203,1,1.0,0.0,0.8461538461538461
3,3119,has_attribute:HasTV=True,,0.0,0,0.0,0,0.1724137931034483,5,0.07246376811594203,1,1.0,0.0,0.8461538461538461
3,3119,has_attribute:HappyHour=True,,0.0,0,0.0,0,0.1724137931034483,5,0.07246376811594203,1,1.0,0.0,0.8461538461538461
3,3119,"has_attribute:Ambience={romantic: False, intimate: False, classy: False, hipster: False, divey: False, touristy: False, trendy: False, upscale: False, casual: False}",,0.0,0,0.0,0,0.1724137931034483,5,0.07246376811594203,1,1.0,0.0,0.8461538461538461
3,3119,"has_name:The Roosevelt New Orleans, A Waldorf Astoria Hotel",,0.0,0,0.0,0,0.1724137931034483,5,0.07246376811594203,1,1.0,0.0,0.75
3,3119,has_postal_code:70112,,0.0,0,0.0,0,0.1724137931034483,5,0.07246376811594203,1,1.0,0.0,0.25
3,3119,"has_coordinates:(29.9543, -90.0723)",,0.0,0,0.0,0,0.1724137931034483,5,0.07246376811594203,1,1.0,0.0,0.75
3,3119,has_category:Wedding Planning,,0.0,0,0.0,0,0.1724137931034483,5,0.07246376811594203,1,1.0,0.0,0.8333333333333334
3,3119,has_category:Bars,,0.0,0,0.0,0,0.1724137931034483,5,0.07246376811594203,1,1.0,0.0,0.8333333333333334
3,3119,has_category:Caterers,,0.0,0,0.0,0,0.1724137931034483,5,0.07246376811594203,1,1.0,0.0,0.8333333333333334
3,3119,has_category:Nightlife,,0.0,0,0.0,0,0.1724137931034483,5,0.07246376811594203,1,1.0,0.0,0.8333333333333334
3,3119,has_category:Event Planning & Services,,0.25,1,0.9162907318741551,1,0.1724137931034483,5,0.07246376811594203,0,0.5,0.25,0.8333333333333334
3,3119,status:open,,1.0,4,0.0,4,0.1724137931034483,5,0.07246376811594203,0,0.2,1.0,0.0
3,3119,located_in_city:New Orleans,,0.0,0,0.0,0,0.1724137931034483,5,0.07246376811594203,1,1.0,0.0,0.25
3,3119,has_review_count:517 reviews,,0.0,0,0.0,0,0.1724137931034483,5,0.07246376811594203,1,1.0,0.0,0.75
3,3119,in_state:LA,,0.0,0,0.0,0,0.1724137931034483,5,0.07246376811594203,1,1.0,0.0,0.0
3,3119,has_rating:4.0 stars,,0.25,1,0.9162907318741551,1,0.1724137931034483,5,0.07246376811594203,0,0.5,0.25,0.5
3,3136,located_in_city:New Orleans,,0.0,0,0.0,0,0.4,6,0.1111111111111111,1,1.0,0.0,0.25
3,3136,has_category:Arts & Entertainment,,0.25,1,0.9162907318741551,1,0.4,6,0.1111111111111111,0,0.5,0.25,0.8333333333333334
3,3136,has_category:Transportation,,0.0,0,0.0,0,0.4,6,0.1111111111111111,1,1.0,0.0,0.8333333333333334
3,3136,has_category:Public Transportation,,0.0,0,0.0,0,0.4,6,0.1111111111111111,1,1.0,0.0,0.8333333333333334
3,3136,has_category:Local Flavor,,0.25,1,0.9162907318741551,1,0.4,6,0.1111111111111111,0,0.5,0.25,0.8333333333333334
3,3136,in_state:LA,,0.0,0,0.0,0,0.4,6,0.1111111111111111,1,1.0,0.0,0.0
3,3136,"has_coordinates:(29.9336, -90.0700)",,0.0,0,0.0,0,0.4,6,0.1111111111111111,1,1.0,0.0,0.75
3,3136,has_attribute:ByAppointmentOnly=False,,0.25,1,0.9162907318741551,1,0.4,6,0.1111111111111111,0,0.5,0.25,0.8461538461538461
3,3136,has_attribute:GoodForKids=True,,0.25,1,0.9162907318741551,1,0.4,6,0.1111111111111111,0,0.5,0.25,0.8461538461538461
3,3136,has_attribute:WiFi=no,,0.0,0,0.0,0,0.4,6,0.1111111111111111,1,1.0,0.0,0.8461538461538461
3,3136,has_review_count:298 reviews,,0.0,0,0.0,0,0.4,6,0.1111111111111111,1,1.0,0.0,0.75
3,3136,has_postal_code:70130,,0.0,0,0.0,0,0.4,6,0.1111111111111111,1,1.0,0.0,0.25
3,3136,status:open,,1.0,4,0.0,4,0.4,6,0.1111111111111111,0,0.2,1.0,0.0
3,3136,has_rating:4.0 stars,,0.25,1,0.9162907318741551,1,0.4,6,0.1111111111111111,0,0.5,0.25,0.5
3,3136,has_name:St. Charles Streetcar Line,,0.0,0,0.0,0,0.4,6,0.1111111111111111,1,1.0,0.0,0.75
3,3165,in_state:LA,,0.0,0,0.0,0,0.35,7,0.1206896551724138,1,1.0,0.0,0.0
3,3165,located_in_city:New Orleans,,0.0,0,0.0,0,0.35,7,0.1206896551724138,1,1.0,0.0,0.25
3,3165,has_name:Harrah's New Orleans,,0.0,0,0.0,0,0.35,7,0.1206896551724138,1,1.0,0.0,0.75
3,3165,status:open,,1.0,4,0.0,4,0.35,7,0.1206896551724138,0,0.2,1.0,0.0
3,3165,has_attribute:RestaurantsPriceRange2=2,,0.25,1,0.9162907318741551,1,0.35,7,0.1206896551724138,0,0.5,0.25,0.8461538461538461
3,3165,has_attribute:DogsAllowed=False,,0.0,0,0.0,0,0.35,7,0.1206896551724138,1,1.0,0.0,0.8461538461538461
3,3165,has_attribute:BusinessAcceptsCreditCards=True,,0.5,2,1.0216512475319814,2,0.35,7,0.1206896551724138,0,0.3333333333333333,0.5,0.8461538461538461
3,3165,has_attribute:GoodForKids=False,,0.0,0,0.0,0,0.35,7,0.1206896551724138,1,1.0,0.0,0.8461538461538461
3,3165,has_attribute:WiFi=free,,0.5,2,1.0216512475319814,2,0.35,7,0.1206896551724138,0,0.3333333333333333,0.5,0.8461538461538461
3,3165,has_attribute:RestaurantsGoodForGroups=True,,0.0,0,0.0,0,0.35,7,0.1206896551724138,1,1.0,0.0,0.8461538461538461
3,3165,"has_attribute:BusinessParking={garage: False, street: False, validated: False, lot: False, valet: False}",,0.0,0,0.0,0,0.35,7,0.1206896551724138,1,1.0,0.0,0.8461538461538461
3,3165,has_attribute:ByAppointmentOnly=False,,0.25,1,0.9162907318741551,1,0.35,7,0.1206896551724138,0,0.5,0.25,0.8461538461538461
3,3165,has_attribute:BusinessAcceptsBitcoin=False,,0.0,0,0.0,0,0.35,7,0.1206896551724138,1,1.0,0.0,0.8461538461538461
3,3165,has_rating:3.5 stars,,0.0,0,0.0,0,0.35,7,0.1206896551724138,1,1.0,0.0,0.5
3,3165,has_category:Arts & Entertainment,,0.25,1,0.9162907318741551,1,0.35,7,0.1206896551724138,0,0.5,0.25,0.8333333333333334
3,3165,has_category:Event Planning & Services,,0.25,1,0.9162907318741551,1,0.35,7,0.1206896551724138,0,0.5,0.25,0.8333333333333334
3,3165,has_category:Casinos,,0.0,0,0.0,0,0.35,7,0.1206896551724138,1,1.0,0.0,0.8333333333333334
3,3165,"has_coordinates:(29.9481, -90.0656)",,0.0,0,0.0,0,0.35,7,0.1206896551724138,1,1.0,0.0,0.75
3,3165,has_postal_code:70130,,0.0,0,0.0,0,0.35,7,0.1206896551724138,1,1.0,0.0,0.25
3,3165,has_review_count:691 reviews,,0.0,0,0.0,0,0.35,7,0.1206896551724138,1,1.0,0.0,0.75
3,3178,has_rating:2.0 stars,,0.0,0,0.0,0,0.3333333333333333,3,0.058823529411764705,1,1.0,0.0,0.5
3,3178,status:open,,1.0,4,0.0,4,0.3333333333333333,3,0.058823529411764705,0,0.2,1.0,0.0
3,3178,"has_coordinates:(39.9584, -75.1954)",,0.0,0,0.0,0,0.3333333333333333,3,0.058823529411764705,1,1.0,0.0,0.75
3,3178,has_name:Megabus,,0.0,0,0.0,0,0.3333333333333333,3,0.058823529411764705,1,1.0,0.0,0.75
3,3178,has_review_count:415 reviews,,0.0,0,0.0,0,0.3333333333333333,3,0.058823529411764705,1,1.0,0.0,0.75
3,3178,has_postal_code:19104,,0.0,0,0.0,0,0.3333333333333333,3,0.058823529411764705,1,1.0,0.0,0.25
3,3178,has_category:Transportation,,0.0,0,0.0,0,0.3333333333333333,3,0.058823529411764705,1,1.0,0.0,0.8333333333333334
3,3178,in_state:PA,,1.0,4,0.0,4,0.3333333333333333,3,0.058823529411764705,0,0.2,1.0,0.0
3,3178,located_in_city:Philadelphia,,0.75,3,0.6694306539426294,3,0.3333333333333333,3,0.058823529411764705,0,0.25,0.75,0.25
3,3209,has_category:Transportation,,0.0,0,0.0,0,0.5,7,0.1346153846153846,1,1.0,0.0,0.8333333333333334
3,3209,has_category:Public Transportation,,0.0,0,0.0,0,0.5,7,0.1346153846153846,1,1.0,0.0,0.8333333333333334
3,3209,has_category:Public Services & Government,,0.75,3,0.6694306539426294,3,0.5,7,0.1346153846153846,0,0.25,0.75,0.8333333333333334
3,3209,has_category:Train Stations,,0.0,0,0.0,0,0.5,7,0.1346153846153846,1,1.0,0.0,0.8333333333333334
3,3209,has_name:30th Street Station,,0.0,0,0.0,0,0.5,7,0.1346153846153846,1,1.0,0.0,0.75
3,3209,located_in_city:Philadelphia,,0.75,3,0.6694306539426294,3,0.5,7,0.1346153846153846,0,0.25,0.75,0.25
3,3209,"has_coordinates:(39.9558, -75.1820)",,0.0,0,0.0,0,0.5,7,0.1346153846153846,1,1.0,0.0,0.75
3,3209,has_postal_code:19104,,0.0,0,0.0,0,0.5,7,0.1346153846153846,1,1.0,0.0,0.25
3,3209,status:open,,1.0,4,0.0,4,0.5,7,0.1346153846153846,0,0.2,1.0,0.0
3,3209,has_attribute:WiFi=free,,0.5,2,1.0216512475319814,2,0.5,7,0.1346153846153846,0,0.3333333333333333,0.5,0.8461538461538461
3,3209,has_attribute:ByAppointmentOnly=False,,0.25,1,0.9162907318741551,1,0.5,7,0.1346153846153846,0,0.5,0.25,0.8461538461538461
3,3209,has_rating:4.0 stars,,0.25,1,0.9162907318741551,1,0.5,7,0.1346153846153846,0,0.5,0.25,0.5
3,3209,in_state:PA,,1.0,4,0.0,4,0.5,7,0.1346153846153846,0,0.2,1.0,0.0
3,3209,has_review_count:381 reviews,,0.0,0,0.0,0,0.5,7,0.1346153846153846,1,1.0,0.0,0.75
3,3237,has_name:The Big Bus Company,,0.0,0,0.0,0,0.4666666666666667,7,0.1320754716981132,1,1.0,0.0,0.75
3,3237,has_rating:3.5 stars,,0.0,0,0.0,0,0.4666666666666667,7,0.1320754716981132,1,1.0,0.0,0.5
3,3237,in_state:PA,,1.0,4,0.0,4,0.4666666666666667,7,0.1320754716981132,0,0.2,1.0,0.0
3,3237,has_category:Transportation,,0.0,0,0.0,0,0.4666666666666667,7,0.1320754716981132,1,1.0,0.0,0.8333333333333334
3,3237,has_category:Wedding Planning,,0.0,0,0.0,0,0.4666666666666667,7,0.1320754716981132,1,1.0,0.0,0.8333333333333334
3,3237,has_category:Bus Tours,,0.0,0,0.0,0,0.4666666666666667,7,0.1320754716981132,1,1.0,0.0,0.8333333333333334
3,3237,has_category:Event Planning & Services,,0.25,1,0.9162907318741551,1,0.4666666666666667,7,0.1320754716981132,0,0.5,0.25,0.8333333333333334
3,3237,has_category:Tours,,0.5,2,1.0216512475319814,2,0.4666666666666667,7,0.1320754716981132,0,0.3333333333333333,0.5,0.8333333333333334
3,3237,has_review_count:150 reviews,,0.0,0,0.0,0,0.4666666666666667,7,0.1320754716981132,1,1.0,0.0,0.75
3,3237,located_in_city:Philadelphia,,0.75,3,0.6694306539426294,3,0.4666666666666667,7,0.1320754716981132,0,0.25,0.75,0.25
3,3237,has_postal_code:19106,,0.75,3,0.6694306539426294,3,0.4666666666666667,7,0.1320754716981132,0,0.25,0.75,0.25
3,3237,status:open,,1.0,4,0.0,4,0.4666666666666667,7,0.1320754716981132,0,0.2,1.0,0.0
3,3237,has_attribute:BusinessAcceptsCreditCards=True,,0.5,2,1.0216512475319814,2,0.4666666666666667,7,0.1320754716981132,0,0.3333333333333333,0.5,0.8461538461538461
3,3237,has_attribute:WiFi=no,,0.0,0,0.0,0,0.4666666666666667,7,0.1320754716981132,1,1.0,0.0,0.8461538461538461
3,3237,"has_coordinates:(39.9505, -75.1508)",,0.0,0,0.0,0,0.4666666666666667,7,0.1320754716981132,1,1.0,0.0,0.75
3,3484,status:open,,1.0,4,0.0,4,0.4,4,0.0784313725490196,0,0.2,1.0,0.0
3,3484,located_in_city:Philadelphia,,0.75,3,0.6694306539426294,3,0.4,4,0.0784313725490196,0,0.25,0.75,0.25
3,3484,has_postal_code:19106,,0.75,3,0.6694306539426294,3,0.4,4,0.0784313725490196,0,0.25,0.75,0.25
3,3484,has_name:PHLASH,,0.0,0,0.0,0,0.4,4,0.0784313725490196,1,1.0,0.0,0.75
3,3484,in_state:PA,,1.0,4,0.0,4,0.4,4,0.0784313725490196,0,0.2,1.0,0.0
3,3484,"has_coordinates:(39.9566, -75.1650)",,0.0,0,0.0,0,0.4,4,0.0784313725490196,1,1.0,0.0,0.75
3,3484,has_category:Transportation,,0.0,0,0.0,0,0.4,4,0.0784313725490196,1,1.0,0.0,0.8333333333333334
3,3484,has_category:Buses,,0.0,0,0.0,0,0.4,4,0.0784313725490196,1,1.0,0.0,0.8333333333333334
3,3484,has_review_count:41 reviews,,0.0,0,0.0,0,0.4,4,0.0784313725490196,1,1.0,0.0,0.75
3,3484,has_rating:3.5 stars,,0.0,0,0.0,0,0.4,4,0.0784313725490196,1,1.0,0.0,0.5
3,3732,has_attribute:WiFi=free,,0.5,2,1.0216512475319814,2,0.35,7,0.1206896551724138,0,0.3333333333333333,0.5,0.8461538461538461
3,3732,has_attribute:ByAppointmentOnly=False,,0.25,1,0.9162907318741551,1,0.35,7,0.1206896551724138,0,0.5,0.25,0.8461538461538461
3,3732,has_attribute:RestaurantsDelivery=False,,0.25,1,0.9162907318741551,1,0.35,7,0.1206896551724138,0,0.5,0.25,0.8461538461538461
3,3732,"has_attribute:BusinessParking={garage: False, street: False, validated: False, lot: False, valet: False}",,0.0,0,0.0,0,0.35,7,0.1206896551724138,1,1.0,0.0,0.8461538461538461
3,3732,"has_attribute:GoodForMeal={dessert: False, latenight: False, lunch: False, dinner: False, brunch: False, breakfast: False}",,0.0,0,0.0,0,0.35,7,0.1206896551724138,1,1.0,0.0,0.8461538461538461
3,3732,has_attribute:BusinessAcceptsCreditCards=True,,0.5,2,1.0216512475319814,2,0.35,7,0.1206896551724138,0,0.3333333333333333,0.5,0.8461538461538461
3,3732,has_attribute:RestaurantsPriceRange2=2,,0.25,1,0.9162907318741551,1,0.35,7,0.1206896551724138,0,0.5,0.25,0.8461538461538461
3,3732,has_category:Airports,,0.0,0,0.0,0,0.35,7,0.1206896551724138,1,1.0,0.0,0.8333333333333334
3,3732,has_category:Parking,,0.0,0,0.0,0,0.35,7,0.1206896551724138,1,1.0,0.0,0.8333333333333334
3,3732,has_category:Shopping,,0.0,0,0.0,0,0.35,7,0.1206896551724138,1,1.0,0.0,0.8333333333333334
3,3732,has_category:Shopping Centers,,0.0,0,0.0,0,0.35,7,0.1206896551724138,1,1.0,0.0,0.8333333333333334
3,3732,has_category:Automotive,,0.0,0,0.0,0,0.35,7,0.1206896551724138,1,1.0,0.0,0.8333333333333334
3,3732,located_in_city:Tampa,,0.0,0,0.0,0,0.35,7,0.1206896551724138,1,1.0,0.0,0.25
3,3732,has_name:Tampa International Airport,,0.0,0,0.0,0,0.35,7,0.1206896551724138,1,1.0,0.0,0.75
3,3732,has_review_count:1849 reviews,,0.0,0,0.0,0,0.35,7,0.1206896551724138,1,1.0,0.0,0.75
3,3732,has_rating:4.0 stars,,0.25,1,0.9162907318741551,1,0.35,7,0.1206896551724138,0,0.5,0.25,0.5
3,3732,status:open,,1.0,4,0.0,4,0.35,7,0.1206896551724138,0,0.2,1.0,0.0
3,3732,"has_coordinates:(27.9808, -82.5347)",,0.0,0,0.0,0,0.35,7,0.1206896551724138,1,1.0,0.0,0.75
3,3732,in_state:FL,,0.0,0,0.0,0,0.35,7,0.1206896551724138,1,1.0,0.0,0.0
3,3732,has_postal_code:33607,,0.0,0,0.0,0,0.35,7,0.1206896551724138,1,1.0,0.0,0.25
3,3737,has_postal_code:19107,,0.0,0,0.0,0,0.3,3,0.057692307692307696,1,1.0,0.0,0.25
3,3737,has_review_count:250 reviews,,0.0,0,0.0,0,0.3,3,0.057692307692307696,1,1.0,0.0,0.75
3,3737,has_name:Septa 5th Street Station,,0.0,0,0.0,0,0.3,3,0.057692307692307696,1,1.0,0.0,0.75
3,3737,has_rating:2.0 stars,,0.0,0,0.0,0,0.3,3,0.057692307692307696,1,1.0,0.0,0.5
3,3737,has_category:Transportation,,0.0,0,0.0,0,0.3,3,0.057692307692307696,1,1.0,0.0,0.8333333333333334
3,3737,has_category:Public Transportation,,0.0,0,0.0,0,0.3,3,0.057692307692307696,1,1.0,0.0,0.8333333333333334
3,3737,located_in_city:Philadelphia,,0.75,3,0.6694306539426294,3,0.3,3,0.057692307692307696,0,0.25,0.75,0.25
3,3737,"has_coordinates:(39.9507, -75.1491)",,0.0,0,0.0,0,0.3,3,0.057692307692307696,1,1.0,0.0,0.75
3,3737,status:open,,1.0,4,0.0,4,0.3,3,0.057692307692307696,0,0.2,1.0,0.0
3,3737,in_state:PA,,1.0,4,0.0,4,0.3,3,0.057692307692307696,0,0.2,1.0,0.0
3,393,has_attribute:RestaurantsPriceRange2=2,,0.25,1,0.9162907318741551,1,0.25925925925925924,7,0.1076923076923077,0,0.5,0.25,0.8461538461538461
3,393,has_attribute:BikeParking=True,,0.0,0,0.0,0,0.25925925925925924,7,0.1076923076923077,1,1.0,0.0,0.8461538461538461
3,393,has_attribute:GoodForKids=True,,0.25,1,0.9162907318741551,1,0.25925925925925924,7,0.1076923076923077,0,0.5,0.25,0.8461538461538461
3,393,has_attribute:RestaurantsTakeOut=True,,0.0,0,0.0,0,0.25925925925925924,7,0.1076923076923077,1,1.0,0.0,0.8461538461538461
3,393,has_attribute:Caters=False,,0.0,0,0.0,0,0.25925925925925924,7,0.1076923076923077,1,1.0,0.0,0.8461538461538461
3,393,has_attribute:RestaurantsDelivery=True,,0.0,0,0.0,0,0.25925925925925924,7,0.1076923076923077,1,1.0,0.0,0.8461538461538461
3,393,"has_attribute:BusinessParking={garage: False, street: False, validated: False, lot: True, valet: False}",,0.0,0,0.0,0,0.25925925925925924,7,0.1076923076923077,1,1.0,0.0,0.8461538461538461
3,393,has_attribute:BusinessAcceptsCreditCards=True,,0.5,2,1.0216512475319814,2,0.25925925925925924,7,0.1076923076923077,0,0.3333333333333333,0.5,0.8461538461538461
3,393,has_rating:3.5 stars,,0.0,0,0.0,0,0.25925925925925924,7,0.1076923076923077,1,1.0,0.0,0.5
3,393,status:open,,1.0,4,0.0,4,0.25925925925925924,7,0.1076923076923077,0,0.2,1.0,0.0
3,393,has_review_count:405 reviews,,0.0,0,0.0,0,0.25925925925925924,7,0.1076923076923077,1,1.0,0.0,0.75
3,393,has_category:Shopping,,0.0,0,0.0,0,0.25925925925925924,7,0.1076923076923077,1,1.0,0.0,0.8333333333333334
3,393,has_category:Fruits & Veggies,,0.0,0,0.0,0,0.25925925925925924,7,0.1076923076923077,1,1.0,0.0,0.8333333333333334
3,393,has_category:Home & Garden,,0.0,0,0.0,0,0.25925925925925924,7,0.1076923076923077,1,1.0,0.0,0.8333333333333334
3,393,has_category:Farms,,0.0,0,0.0,0,0.25925925925925924,7,0.1076923076923077,1,1.0,0.0,0.8333333333333334
3,393,has_category:Specialty Food,,0.0,0,0.0,0,0.25925925925925924,7,0.1076923076923077,1,1.0,0.0,0.8333333333333334
3,393,has_category:Pick Your Own Farms,,0.0,0,0.0,0,0.25925925925925924,7,0.1076923076923077,1,1.0,0.0,0.8333333333333334
3,393,has_category:Farmers Market,,0.0,0,0.0,0,0.25925925925925924,7,0.1076923076923077,1,1.0,0.0,0.8333333333333334
3,393,has_category:Arts & Entertainment,,0.25,1,0.9162907318741551,1,0.25925925925925924,7,0.1076923076923077,0,0.5,0.25,0.8333333333333334
3,393,has_category:Food,,0.0,0,0.0,0,0.25925925925925924,7,0.1076923076923077,1,1.0,0.0,0.8333333333333334
3,393,has_category:Nurseries & Gardening,,0.0,0,0.0,0,0.25925925925925924,7,0.1076923076923077,1,1.0,0.0,0.8333333333333334
3,393,has_category:Tours,,0.5,2,1.0216512475319814,2,0.25925925925925924,7,0.1076923076923077,0,0.3333333333333333,0.5,0.8333333333333334
3,393,in_state:PA,,1.0,4,0.0,4,0.25925925925925924,7,0.1076923076923077,0,0.2,1.0,0.0
3,393,has_postal_code:19063,,0.0,0,0.0,0,0.25925925925925924,7,0.1076923076923077,1,1.0,0.0,0.25
3,393,"has_coordinates:(39.8842, -75.4126)",,0.0,0,0.0,0,0.25925925925925924,7,0.1076923076923077,1,1.0,0.0,0.75
3,393,has_name:Linvilla Orchards,,0.0,0,0.0,0,0.25925925925925924,7,0.1076923076923077,1,1.0,0.0,0.75
3,393,located_in_city:Media,,0.0,0,0.0,0,0.25925925925925924,7,0.1076923076923077,1,1.0,0.0,0.25
3,4088,has_postal_code:63102,,0.0,0,0.0,0,0.5294117647058824,9,0.16981132075471697,1,1.0,0.0,0.25
3,4088,has_category:Public Services & Government,,0.75,3,0.6694306539426294,3,0.5294117647058824,9,0.16981132075471697,0,0.25,0.75,0.8333333333333334
3,4088,has_category:Tours,,0.5,2,1.0216512475319814,2,0.5294117647058824,9,0.16981132075471697,0,0.3333333333333333,0.5,0.8333333333333334
3,4088,has_category:Active Life,,0.0,0,0.0,0,0.5294117647058824,9,0.16981132075471697,1,1.0,0.0,0.8333333333333334
3,4088,has_category:Arts & Entertainment,,0.25,1,0.9162907318741551,1,0.5294117647058824,9,0.16981132075471697,0,0.5,0.25,0.8333333333333334
3,4088,has_category:Museums,,0.25,1,0.9162907318741551,1,0.5294117647058824,9,0.16981132075471697,0,0.5,0.25,0.8333333333333334
3,4088,has_category:Landmarks & Historical Buildings,,0.75,3,0.6694306539426294,3,0.5294117647058824,9,0.16981132075471697,0,0.25,0.75,0.8333333333333334
3,4088,has_category:Parks,,0.0,0,0.0,0,0.5294117647058824,9,0.16981132075471697,1,1.0,0.0,0.8333333333333334
3,4088,status:open,,1.0,4,0.0,4,0.5294117647058824,9,0.16981132075471697,0,0.2,1.0,0.0
3,4088,has_name:The Gateway Arch,,0.0,0,0.0,0,0.5294117647058824,9,0.16981132075471697,1,1.0,0.0,0.75
3,4088,has_attribute:GoodForKids=True,,0.25,1,0.9162907318741551,1,0.5294117647058824,9,0.16981132075471697,0,0.5,0.25,0.8461538461538461
3,4088,has_attribute:ByAppointmentOnly=False,,0.25,1,0.9162907318741551,1,0.5294117647058824,9,0.16981132075471697,0,0.5,0.25,0.8461538461538461
3,4088,has_review_count:568 reviews,,0.0,0,0.0,0,0.5294117647058824,9,0.16981132075471697,1,1.0,0.0,0.75
3,4088,"has_coordinates:(38.6257, -90.1893)",,0.0,0,0.0,0,0.5294117647058824,9,0.16981132075471697,1,1.0,0.0,0.75
3,4088,has_rating:4.0 stars,,0.25,1,0.9162907318741551,1,0.5294117647058824,9,0.16981132075471697,0,0.5,0.25,0.5
3,4088,located_in_city:Saint Louis,,0.0,0,0.0,0,0.5294117647058824,9,0.16981132075471697,1,1.0,0.0,0.25
3,4088,in_state:MO,,0.0,0,0.0,0,0.5294117647058824,9,0.16981132075471697,1,1.0,0.0,0.0
3,4122,has_review_count:204 reviews,,0.0,0,0.0,0,0.4166666666666667,5,0.09615384615384616,1,1.0,0.0,0.75
3,4122,has_attribute:WiFi=free,,0.5,2,1.0216512475319814,2,0.4166666666666667,5,0.09615384615384616,0,0.3333333333333333,0.5,0.8461538461538461
3,4122,has_attribute:BusinessAcceptsCreditCards=True,,0.5,2,1.0216512475319814,2,0.4166666666666667,5,0.09615384615384616,0,0.3333333333333333,0.5,0.8461538461538461
3,4122,has_attribute:RestaurantsPriceRange2=3,,0.0,0,0.0,0,0.4166666666666667,5,0.09615384615384616,1,1.0,0.0,0.8461538461538461
3,4122,has_postal_code:46204,,0.0,0,0.0,0,0.4166666666666667,5,0.09615384615384616,1,1.0,0.0,0.25
3,4122,located_in_city:Indianapolis,,0.0,0,0.0,0,0.4166666666666667,5,0.09615384615384616,1,1.0,0.0,0.25
3,4122,has_name:The Alexander,,0.0,0,0.0,0,0.4166666666666667,5,0.09615384615384616,1,1.0,0.0,0.75
3,4122,has_category:Event Planning & Services,,0.25,1,0.9162907318741551,1,0.4166666666666667,5,0.09615384615384616,0,0.5,0.25,0.8333333333333334
3,4122,"has_coordinates:(39.7618, -86.1536)",,0.0,0,0.0,0,0.4166666666666667,5,0.09615384615384616,1,1.0,0.0,0.75
3,4122,has_rating:4.0 stars,,0.25,1,0.9162907318741551,1,0.4166666666666667,5,0.09615384615384616,0,0.5,0.25,0.5
3,4122,in_state:IN,,0.0,0,0.0,0,0.4166666666666667,5,0.09615384615384616,1,1.0,0.0,0.0
3,4122,status:open,,1.0,4,0.0,4,0.4166666666666667,5,0.09615384615384616,0,0.2,1.0,0.0
3,4183,has_attribute:RestaurantsGoodForGroups=True,,0.0,0,0.0,0,0.37037037037037035,10,0.16129032258064516,1,1.0,0.0,0.8461538461538461
3,4183,has_attribute:NoiseLevel=quiet,,0.0,0,0.0,0,0.37037037037037035,10,0.16129032258064516,1,1.0,0.0,0.8461538461538461
3,4183,has_attribute:GoodForKids=True,,0.25,1,0.9162907318741551,1,0.37037037037037035,10,0.16129032258064516,0,0.5,0.25,0.8461538461538461
3,4183,has_attribute:RestaurantsAttire=casual,,0.0,0,0.0,0,0.37037037037037035,10,0.16129032258064516,1,1.0,0.0,0.8461538461538461
3,4183,has_attribute:BusinessAcceptsCreditCards=True,,0.5,2,1.0216512475319814,2,0.37037037037037035,10,0.16129032258064516,0,0.3333333333333333,0.5,0.8461538461538461
3,4183,has_attribute:Alcohol=full_bar,,0.0,0,0.0,0,0.37037037037037035,10,0.16129032258064516,1,1.0,0.0,0.8461538461538461
3,4183,has_attribute:RestaurantsDelivery=False,,0.25,1,0.9162907318741551,1,0.37037037037037035,10,0.16129032258064516,0,0.5,0.25,0.8461538461538461
3,4183,"has_attribute:BusinessParking={garage: False, street: False, validated: False, lot: False, valet: True}",,0.0,0,0.0,0,0.37037037037037035,10,0.16129032258064516,1,1.0,0.0,0.8461538461538461
3,4183,has_attribute:WiFi=free,,0.5,2,1.0216512475319814,2,0.37037037037037035,10,0.16129032258064516,0,0.3333333333333333,0.5,0.8461538461538461
3,4183,"has_attribute:Ambience={romantic: True, intimate: False, touristy: False, hipster: False, divey: False, classy: True, trendy: False, upscale: False, casual: False}",,0.0,0,0.0,0,0.37037037037037035,10,0.16129032258064516,1,1.0,0.0,0.8461538461538461
3,4183,has_attribute:ByAppointmentOnly=True,,0.0,0,0.0,0,0.37037037037037035,10,0.16129032258064516,1,1.0,0.0,0.8461538461538461
3,4183,has_attribute:OutdoorSeating=False,,0.25,1,0.9162907318741551,1,0.37037037037037035,10,0.16129032258064516,0,0.5,0.25,0.8461538461538461
3,4183,has_attribute:HasTV=True,,0.0,0,0.0,0,0.37037037037037035,10,0.16129032258064516,1,1.0,0.0,0.8461538461538461
3,4183,has_attribute:RestaurantsPriceRange2=3,,0.0,0,0.0,0,0.37037037037037035,10,0.16129032258064516,1,1.0,0.0,0.8461538461538461
3,4183,has_attribute:RestaurantsTakeOut=False,,0.25,1,0.9162907318741551,1,0.37037037037037035,10,0.16129032258064516,0,0.5,0.25,0.8461538461538461
3,4183,has_attribute:RestaurantsReservations=True,,0.25,1,0.9162907318741551,1,0.37037037037037035,10,0.16129032258064516,0,0.5,0.25,0.8461538461538461
3,4183,has_name:Le Pavillon Hotel,,0.0,0,0.0,0,0.37037037037037035,10,0.16129032258064516,1,1.0,0.0,0.75
3,4183,has_rating:3.5 stars,,0.0,0,0.0,0,0.37037037037037035,10,0.16129032258064516,1,1.0,0.0,0.5
3,4183,"has_coordinates:(29.9505, -90.0728)",,0.0,0,0.0,0,0.37037037037037035,10,0.16129032258064516,1,1.0,0.0,0.75
3,4183,status:open,,1.0,4,0.0,4,0.37037037037037035,10,0.16129032258064516,0,0.2,1.0,0.0
3,4183,has_category:Venues & Event Spaces,,0.0,0,0.0,0,0.37037037037037035,10,0.16129032258064516,1,1.0,0.0,0.8333333333333334
3,4183,has_category:Event Planning & Services,,0.25,1,0.9162907318741551,1,0.37037037037037035,10,0.16129032258064516,0,0.5,0.25,0.8333333333333334
3,4183,has_category:Restaurants,,0.25,1,0.9162907318741551,1,0.37037037037037035,10,0.16129032258064516,0,0.5,0.25,0.8333333333333334
3,4183,in_state:LA,,0.0,0,0.0,0,0.37037037037037035,10,0.16129032258064516,1,1.0,0.0,0.0
3,4183,located_in_city:New Orleans,,0.0,0,0.0,0,0.37037037037037035,10,0.16129032258064516,1,1.0,0.0,0.25
3,4183,has_postal_code:70112,,0.0,0,0.0,0,0.37037037037037035,10,0.16129032258064516,1,1.0,0.0,0.25
3,4183,has_review_count:571 reviews,,0.0,0,0.0,0,0.37037037037037035,10,0.16129032258064516,1,1.0,0.0,0.75
3,4359,has_category:Museums,,0.25,1,0.9162907318741551,1,0.43478260869565216,10,0.1724137931034483,0,0.5,0.25,0.8333333333333334
3,4359,has_category:Nightlife,,0.0,0,0.0,0,0.43478260869565216,10,0.1724137931034483,1,1.0,0.0,0.8333333333333334
3,4359,has_category:Music Venues,,0.0,0,0.0,0,0.43478260869565216,10,0.1724137931034483,1,1.0,0.0,0.8333333333333334
3,4359,has_category:Travel Services,,0.25,1,0.9162907318741551,1,0.43478260869565216,10,0.1724137931034483,0,0.5,0.25,0.8333333333333334
3,4359,has_category:Event Planning & Services,,0.25,1,0.9162907318741551,1,0.43478260869565216,10,0.1724137931034483,0,0.5,0.25,0.8333333333333334
3,4359,has_category:Arts & Entertainment,,0.25,1,0.9162907318741551,1,0.43478260869565216,10,0.1724137931034483,0,0.5,0.25,0.8333333333333334
3,4359,has_category:Restaurants,,0.25,1,0.9162907318741551,1,0.43478260869565216,10,0.1724137931034483,0,0.5,0.25,0.8333333333333334
3,4359,has_category:Cafes,,0.0,0,0.0,0,0.43478260869565216,10,0.1724137931034483,1,1.0,0.0,0.8333333333333334
3,4359,has_category:Party & Event Planning,,0.0,0,0.0,0,0.43478260869565216,10,0.1724137931034483,1,1.0,0.0,0.8333333333333334
3,4359,status:open,,1.0,4,0.0,4,0.43478260869565216,10,0.1724137931034483,0,0.2,1.0,0.0
3,4359,has_rating:4.0 stars,,0.25,1,0.9162907318741551,1,0.43478260869565216,10,0.1724137931034483,0,0.5,0.25,0.5
3,4359,"has_coordinates:(36.1609, -86.7758)",,0.0,0,0.0,0,0.43478260869565216,10,0.1724137931034483,1,1.0,0.0,0.75
3,4359,has_attribute:GoodForKids=True,,0.25,1,0.9162907318741551,1,0.43478260869565216,10,0.1724137931034483,0,0.5,0.25,0.8461538461538461
3,4359,has_attribute:ByAppointmentOnly=False,,0.25,1,0.9162907318741551,1,0.43478260869565216,10,0.1724137931034483,0,0.5,0.25,0.8461538461538461
3,4359,has_attribute:WiFi=no,,0.0,0,0.0,0,0.43478260869565216,10,0.1724137931034483,1,1.0,0.0,0.8461538461538461
3,4359,has_attribute:RestaurantsAttire=casual,,0.0,0,0.0,0,0.43478260869565216,10,0.1724137931034483,1,1.0,0.0,0.8461538461538461
3,4359,has_attribute:BusinessAcceptsCreditCards=True,,0.5,2,1.0216512475319814,2,0.43478260869565216,10,0.1724137931034483,0,0.3333333333333333,0.5,0.8461538461538461
3,4359,has_attribute:DogsAllowed=False,,0.0,0,0.0,0,0.43478260869565216,10,0.1724137931034483,1,1.0,0.0,0.8461538461538461
3,4359,has_postal_code:37201,,0.0,0,0.0,0,0.43478260869565216,10,0.1724137931034483,1,1.0,0.0,0.25
3,4359,in_state:TN,,0.0,0,0.0,0,0.43478260869565216,10,0.1724137931034483,1,1.0,0.0,0.0
3,4359,has_name:Johnny Cash Museum,,0.0,0,0.0,0,0.43478260869565216,10,0.1724137931034483,1,1.0,0.0,0.75
3,4359,located_in_city:Nashville,,0.0,0,0.0,0,0.43478260869565216,10,0.1724137931034483,1,1.0,0.0,0.25
3,4359,has_review_count:418 reviews,,0.0,0,0.0,0,0.43478260869565216,10,0.1724137931034483,1,1.0,0.0,0.75
3,4464,has_rating:4.5 stars,,0.5,2,1.0216512475319814,2,0.38461538461538464,10,0.16393442622950818,0,0.3333333333333333,0.5,0.5
3,4464,has_attribute:GoodForKids=True,,0.25,1,0.9162907318741551,1,0.38461538461538464,10,0.16393442622950818,0,0.5,0.25,0.8461538461538461
3,4464,has_attribute:RestaurantsAttire=casual,,0.0,0,0.0,0,0.38461538461538464,10,0.16393442622950818,1,1.0,0.0,0.8461538461538461
3,4464,has_attribute:RestaurantsTakeOut=False,,0.25,1,0.9162907318741551,1,0.38461538461538464,10,0.16393442622950818,0,0.5,0.25,0.8461538461538461
3,4464,has_attribute:RestaurantsDelivery=False,,0.25,1,0.9162907318741551,1,0.38461538461538464,10,0.16393442622950818,0,0.5,0.25,0.8461538461538461
3,4464,has_attribute:DogsAllowed=False,,0.0,0,0.0,0,0.38461538461538464,10,0.16393442622950818,1,1.0,0.0,0.8461538461538461
3,4464,has_attribute:WiFi=free,,0.5,2,1.0216512475319814,2,0.38461538461538464,10,0.16393442622950818,0,0.3333333333333333,0.5,0.8461538461538461
3,4464,has_attribute:HasTV=True,,0.0,0,0.0,0,0.38461538461538464,10,0.16393442622950818,1,1.0,0.0,0.8461538461538461
3,4464,has_attribute:NoiseLevel=very_loud,,0.0,0,0.0,0,0.38461538461538464,10,0.16393442622950818,1,1.0,0.0,0.8461538461538461
3,4464,has_attribute:ByAppointmentOnly=True,,0.0,0,0.0,0,0.38461538461538464,10,0.16393442622950818,1,1.0,0.0,0.8461538461538461
3,4464,"has_attribute:Ambience={romantic: False, intimate: False, touristy: False, hipster: False, divey: False, classy: False, trendy: False, upscale: False, casual: False}",,0.0,0,0.0,0,0.38461538461538464,10,0.16393442622950818,1,1.0,0.0,0.8461538461538461
3,4464,has_attribute:OutdoorSeating=True,,0.0,0,0.0,0,0.38461538461538464,10,0.16393442622950818,1,1.0,0.0,0.8461538461538461
3,4464,has_attribute:BusinessAcceptsCreditCards=True,,0.5,2,1.0216512475319814,2,0.38461538461538464,10,0.16393442622950818,0,0.3333333333333333,0.5,0.8461538461538461
3,4464,has_category:Event Planning & Services,,0.25,1,0.9162907318741551,1,0.38461538461538464,10,0.16393442622950818,0,0.5,0.25,0.8333333333333334
3,4464,has_category:Stadiums & Arenas,,0.0,0,0.0,0,0.38461538461538464,10,0.16393442622950818,1,1.0,0.0,0.8333333333333334
3,4464,has_category:Restaurants,,0.25,1,0.9162907318741551,1,0.38461538461538464,10,0.16393442622950818,0,0.5,0.25,0.8333333333333334
3,4464,has_category:Race Tracks,,0.0,0,0.0,0,0.38461538461538464,10,0.16393442622950818,1,1.0,0.0,0.8333333333333334
3,4464,has_category:Automotive,,0.0,0,0.0,0,0.38461538461538464,10,0.16393442622950818,1,1.0,0.0,0.8333333333333334
3,4464,has_category:Arts & Entertainment,,0.25,1,0.9162907318741551,1,0.38461538461538464,10,0.16393442622950818,0,0.5,0.25,0.8333333333333334
3,4464,has_review_count:214 reviews,,0.0,0,0.0,0,0.38461538461538464,10,0.16393442622950818,1,1.0,0.0,0.75
3,4464,has_postal_code:46222,,0.0,0,0.0,0,0.38461538461538464,10,0.16393442622950818,1,1.0,0.0,0.25
3,4464,has_name:Indianapolis Motor Speedway,,0.0,0,0.0,0,0.38461538461538464,10,0.16393442622950818,1,1.0,0.0,0.75
3,4464,in_state:IN,,0.0,0,0.0,0,0.38461538461538464,10,0.16393442622950818,1,1.0,0.0,0.0
3,4464,located_in_city:Indianapolis,,0.0,0,0.0,0,0.38461538461538464,10,0.16393442622950818,1,1.0,0.0,0.25
3,4464,status:open,,1.0,4,0.0,4,0.38461538461538464,10,0.16393442622950818,0,0.2,1.0,0.0
3,4464,"has_coordinates:(39.7905, -86.2337)",,0.0,0,0.0,0,0.38461538461538464,10,0.16393442622950818,1,1.0,0.0,0.75
3,45,status:open,,1.0,4,0.0,4,0.42857142857142855,6,0.11320754716981132,0,0.2,1.0,0.0
3,45,has_category:Professional Services,,0.0,0,0.0,0,0.42857142857142855,6,0.11320754716981132,1,1.0,0.0,0.8333333333333334
3,45,has_category:Airports,,0.0,0,0.0,0,0.42857142857142855,6,0.11320754716981132,1,1.0,0.0,0.8333333333333334
3,45,has_category:Local Services,,0.0,0,0.0,0,0.42857142857142855,6,0.11320754716981132,1,1.0,0.0,0.8333333333333334
3,45,"has_coordinates:(39.8731, -75.2432)",,0.0,0,0.0,0,0.42857142857142855,6,0.11320754716981132,1,1.0,0.0,0.75
3,45,has_attribute:WiFi=free,,0.5,2,1.0216512475319814,2,0.42857142857142855,6,0.11320754716981132,0,0.3333333333333333,0.5,0.8461538461538461
3,45,has_attribute:ByAppointmentOnly=False,,0.25,1,0.9162907318741551,1,0.42857142857142855,6,0.11320754716981132,0,0.5,0.25,0.8461538461538461
3,45,has_attribute:BusinessAcceptsCreditCards=True,,0.5,2,1.0216512475319814,2,0.42857142857142855,6,0.11320754716981132,0,0.3333333333333333,0.5,0.8461538461538461
3,45,in_state:PA,,1.0,4,0.0,4,0.42857142857142855,6,0.11320754716981132,0,0.2,1.0,0.0
3,45,has_rating:2.5 stars,,0.0,0,0.0,0,0.42857142857142855,6,0.11320754716981132,1,1.0,0.0,0.5
3,45,located_in_city:Philadelphia,,0.75,3,0.6694306539426294,3,0.42857142857142855,6,0.11320754716981132,0,0.25,0.75,0.25
3,45,has_review_count:2149 reviews,,0.0,0,0.0,0,0.42857142857142855,6,0.11320754716981132,1,1.0,0.0,0.75
3,45,has_name:Philadelphia International Airport - PHL,,0.0,0,0.0,0,0.42857142857142855,6,0.11320754716981132,1,1.0,0.0,0.75
3,45,has_postal_code:19153,,0.0,0,0.0,0,0.42857142857142855,6,0.11320754716981132,1,1.0,0.0,0.25
3,473,has_category:Arts & Entertainment,,0.25,1,0.9162907318741551,1,0.3076923076923077,12,0.16666666666666666,0,0.5,0.25,0.8333333333333334
3,473,has_category:Tours,,0.5,2,1.0216512475319814,2,0.3076923076923077,12,0.16666666666666666,0,0.3333333333333333,0.5,0.8333333333333334
3,473,has_category:Local Flavor,,0.25,1,0.9162907318741551,1,0.3076923076923077,12,0.16666666666666666,0,0.5,0.25,0.8333333333333334
3,473,has_category:Music Venues,,0.0,0,0.0,0,0.3076923076923077,12,0.16666666666666666,1,1.0,0.0,0.8333333333333334
3,473,has_category:Restaurants,,0.25,1,0.9162907318741551,1,0.3076923076923077,12,0.16666666666666666,0,0.5,0.25,0.8333333333333334
3,473,has_category:Museums,,0.25,1,0.9162907318741551,1,0.3076923076923077,12,0.16666666666666666,0,0.5,0.25,0.8333333333333334
3,473,has_category:Historical Tours,,0.25,1,0.9162907318741551,1,0.3076923076923077,12,0.16666666666666666,0,0.5,0.25,0.8333333333333334
3,473,has_category:American (Traditional),,0.0,0,0.0,0,0.3076923076923077,12,0.16666666666666666,1,1.0,0.0,0.8333333333333334
3,473,has_category:Nightlife,,0.0,0,0.0,0,0.3076923076923077,12,0.16666666666666666,1,1.0,0.0,0.8333333333333334
3,473,has_category:Cinema,,0.0,0,0.0,0,0.3076923076923077,12,0.16666666666666666,1,1.0,0.0,0.8333333333333334
3,473,has_attribute:BusinessAcceptsCreditCards=True,,0.5,2,1.0216512475319814,2,0.3076923076923077,12,0.16666666666666666,0,0.3333333333333333,0.5,0.8461538461538461
3,473,has_attribute:RestaurantsPriceRange2=2,,0.25,1,0.9162907318741551,1,0.3076923076923077,12,0.16666666666666666,0,0.5,0.25,0.8461538461538461
3,473,has_attribute:HappyHour=False,,0.0,0,0.0,0,0.3076923076923077,12,0.16666666666666666,1,1.0,0.0,0.8461538461538461
3,473,has_attribute:OutdoorSeating=False,,0.25,1,0.9162907318741551,1,0.3076923076923077,12,0.16666666666666666,0,0.5,0.25,0.8461538461538461
3,473,"has_attribute:BusinessParking={garage: False, street: True, validated: False, lot: True, valet: True}",,0.0,0,0.0,0,0.3076923076923077,12,0.16666666666666666,1,1.0,0.0,0.8461538461538461
3,473,has_attribute:BikeParking=True,,0.0,0,0.0,0,0.3076923076923077,12,0.16666666666666666,1,1.0,0.0,0.8461538461538461
3,473,has_attribute:WiFi=no,,0.0,0,0.0,0,0.3076923076923077,12,0.16666666666666666,1,1.0,0.0,0.8461538461538461
3,473,has_attribute:CoatCheck=False,,0.0,0,0.0,0,0.3076923076923077,12,0.16666666666666666,1,1.0,0.0,0.8461538461538461
3,473,"has_attribute:BestNights={monday: False, tuesday: False, friday: True, wednesday: False, thursday: False, sunday: True, saturday: True}",,0.0,0,0.0,0,0.3076923076923077,12,0.16666666666666666,1,1.0,0.0,0.8461538461538461
3,473,has_attribute:Smoking=no,,0.0,0,0.0,0,0.3076923076923077,12,0.16666666666666666,1,1.0,0.0,0.8461538461538461
3,473,"has_attribute:Music={dj: False, background_music: False, no_music: False, jukebox: False, live: True, video: False, karaoke: False}",,0.0,0,0.0,0,0.3076923076923077,12,0.16666666666666666,1,1.0,0.0,0.8461538461538461
3,473,"has_attribute:Ambience={touristy: None, hipster: False, romantic: False, divey: False, intimate: None, trendy: None, upscale: False, classy: True, casual: True}",,0.0,0,0.0,0,0.3076923076923077,12,0.16666666666666666,1,1.0,0.0,0.8461538461538461
3,473,has_attribute:GoodForKids=True,,0.25,1,0.9162907318741551,1,0.3076923076923077,12,0.16666666666666666,0,0.5,0.25,0.8461538461538461
3,473,has_attribute:NoiseLevel=loud,,0.0,0,0.0,0,0.3076923076923077,12,0.16666666666666666,1,1.0,0.0,0.8461538461538461
3,473,has_attribute:GoodForDancing=False,,0.0,0,0.0,0,0.3076923076923077,12,0.16666666666666666,1,1.0,0.0,0.8461538461538461
3,473,has_attribute:Alcohol=full_bar,,0.0,0,0.0,0,0.3076923076923077,12,0.16666666666666666,1,1.0,0.0,0.8461538461538461
3,473,has_attribute:WheelchairAccessible=True,,0.0,0,0.0,0,0.3076923076923077,12,0.16666666666666666,1,1.0,0.0,0.8461538461538461
3,473,has_attribute:DogsAllowed=False,,0.0,0,0.0,0,0.3076923076923077,12,0.16666666666666666,1,1.0,0.0,0.8461538461538461
3,473,has_attribute:RestaurantsAttire=casual,,0.0,0,0.0,0,0.3076923076923077,12,0.16666666666666666,1,1.0,0.0,0.8461538461538461
3,473,has_attribute:HasTV=True,,0.0,0,0.0,0,0.3076923076923077,12,0.16666666666666666,1,1.0,0.0,0.8461538461538461
3,473,has_attribute:RestaurantsGoodForGroups=True,,0.0,0,0.0,0,0.3076923076923077,12,0.16666666666666666,1,1.0,0.0,0.8461538461538461
3,473,has_rating:4.5 stars,,0.5,2,1.0216512475319814,2,0.3076923076923077,12,0.16666666666666666,0,0.3333333333333333,0.5,0.5
3,473,has_review_count:574 reviews,,0.0,0,0.0,0,0.3076923076923077,12,0.16666666666666666,1,1.0,0.0,0.75
3,473,status:open,,1.0,4,0.0,4,0.3076923076923077,12,0.16666666666666666,0,0.2,1.0,0.0
3,473,has_name:Ryman Auditorium,,0.0,0,0.0,0,0.3076923076923077,12,0.16666666666666666,1,1.0,0.0,0.75
3,473,located_in_city:Nashville,,0.0,0,0.0,0,0.3076923076923077,12,0.16666666666666666,1,1.0,0.0,0.25
3,473,"has_coordinates:(36.1612, -86.7785)",,0.0,0,0.0,0,0.3076923076923077,12,0.16666666666666666,1,1.0,0.0,0.75
3,473,has_postal_code:37219,,0.0,0,0.0,0,0.3076923076923077,12,0.16666666666666666,1,1.0,0.0,0.25
3,473,in_state:TN,,0.0,0,0.0,0,0.3076923076923077,12,0.16666666666666666,1,1.0,0.0,0.0
3,4825,located_in_city:Philadelphia,,0.75,3,0.6694306539426294,3,0.6666666666666666,8,0.16326530612244897,0,0.25,0.75,0.25
3,4825,has_attribute:WiFi=free,,0.5,2,1.0216512475319814,2,0.6666666666666666,8,0.16326530612244897,0,0.3333333333333333,0.5,0.8461538461538461
3,4825,has_attribute:BusinessAcceptsCreditCards=True,,0.5,2,1.0216512475319814,2,0.6666666666666666,8,0.16326530612244897,0,0.3333333333333333,0.5,0.8461538461538461
3,4825,has_attribute:RestaurantsPriceRange2=2,,0.25,1,0.9162907318741551,1,0.6666666666666666,8,0.16326530612244897,0,0.5,0.25,0.8461538461538461
3,4825,has_postal_code:19103,,0.0,0,0.0,0,0.6666666666666666,8,0.16326530612244897,1,1.0,0.0,0.25
3,4825,status:open,,1.0,4,0.0,4,0.6666666666666666,8,0.16326530612244897,0,0.2,1.0,0.0
3,4825,has_category:Event Planning & Services,,0.25,1,0.9162907318741551,1,0.6666666666666666,8,0.16326530612244897,0,0.5,0.25,0.8333333333333334
3,4825,has_name:Club Quarters Philadelphia,,0.0,0,0.0,0,0.6666666666666666,8,0.16326530612244897,1,1.0,0.0,0.75
3,4825,has_review_count:402 reviews,,0.0,0,0.0,0,0.6666666666666666,8,0.16326530612244897,1,1.0,0.0,0.75
3,4825,has_rating:3.0 stars,,0.25,1,0.9162907318741551,1,0.6666666666666666,8,0.16326530612244897,0,0.5,0.25,0.5
3,4825,"has_coordinates:(39.9513, -75.1684)",,0.0,0,0.0,0,0.6666666666666666,8,0.16326530612244897,1,1.0,0.0,0.75
3,4825,in_state:PA,,1.0,4,0.0,4,0.6666666666666666,8,0.16326530612244897,0,0.2,1.0,0.0
3,4830,has_name:Philadelphia International Airport - Terminal F,,0.0,0,0.0,0,0.4166666666666667,5,0.09615384615384616,1,1.0,0.0,0.75
3,4830,in_state:PA,,1.0,4,0.0,4,0.4166666666666667,5,0.09615384615384616,0,0.2,1.0,0.0
3,4830,has_attribute:ByAppointmentOnly=False,,0.25,1,0.9162907318741551,1,0.4166666666666667,5,0.09615384615384616,0,0.5,0.25,0.8461538461538461
3,4830,has_attribute:WiFi=free,,0.5,2,1.0216512475319814,2,0.4166666666666667,5,0.09615384615384616,0,0.3333333333333333,0.5,0.8461538461538461
3,4830,located_in_city:Philadelphia,,0.75,3,0.6694306539426294,3,0.4166666666666667,5,0.09615384615384616,0,0.25,0.75,0.25
3,4830,has_postal_code:19153,,0.0,0,0.0,0,0.4166666666666667,5,0.09615384615384616,1,1.0,0.0,0.25
3,4830,has_category:Airports,,0.0,0,0.0,0,0.4166666666666667,5,0.09615384615384616,1,1.0,0.0,0.8333333333333334
3,4830,has_category:Airport Terminals,,0.0,0,0.0,0,0.4166666666666667,5,0.09615384615384616,1,1.0,0.0,0.8333333333333334
3,4830,has_rating:2.5 stars,,0.0,0,0.0,0,0.4166666666666667,5,0.09615384615384616,1,1.0,0.0,0.5
3,4830,"has_coordinates:(39.8952, -75.2280)",,0.0,0,0.0,0,0.4166666666666667,5,0.09615384615384616,1,1.0,0.0,0.75
3,4830,has_review_count:146 reviews,,0.0,0,0.0,0,0.4166666666666667,5,0.09615384615384616,1,1.0,0.0,0.75
3,4830,status:open,,1.0,4,0.0,4,0.4166666666666667,5,0.09615384615384616,0,0.2,1.0,0.0
3,4942,has_category:Airport Shuttles,,0.0,0,0.0,0,0.5333333333333333,8,0.15384615384615385,1,1.0,0.0,0.8333333333333334
3,4942,has_category:Party Bus Rentals,,0.0,0,0.0,0,0.5333333333333333,8,0.15384615384615385,1,1.0,0.0,0.8333333333333334
3,4942,has_category:Buses,,0.0,0,0.0,0,0.5333333333333333,8,0.15384615384615385,1,1.0,0.0,0.8333333333333334
3,4942,has_category:Transportation,,0.0,0,0.0,0,0.5333333333333333,8,0.15384615384615385,1,1.0,0.0,0.8333333333333334
3,4942,has_category:Tours,,0.5,2,1.0216512475319814,2,0.5333333333333333,8,0.15384615384615385,0,0.3333333333333333,0.5,0.8333333333333334
3,4942,has_category:Event Planning & Services,,0.25,1,0.9162907318741551,1,0.5333333333333333,8,0.15384615384615385,0,0.5,0.25,0.8333333333333334
3,4942,has_name:Philadelphia Sightseeing Tours & Transportation,,0.0,0,0.0,0,0.5333333333333333,8,0.15384615384615385,1,1.0,0.0,0.75
3,4942,status:open,,1.0,4,0.0,4,0.5333333333333333,8,0.15384615384615385,0,0.2,1.0,0.0
3,4942,located_in_city:Philadelphia,,0.75,3,0.6694306539426294,3,0.5333333333333333,8,0.15384615384615385,0,0.25,0.75,0.25
3,4942,has_attribute:BusinessAcceptsCreditCards=True,,0.5,2,1.0216512475319814,2,0.5333333333333333,8,0.15384615384615385,0,0.3333333333333333,0.5,0.8461538461538461
3,4942,has_postal_code:19106,,0.75,3,0.6694306539426294,3,0.5333333333333333,8,0.15384615384615385,0,0.25,0.75,0.25
3,4942,has_review_count:108 reviews,,0.0,0,0.0,0,0.5333333333333333,8,0.15384615384615385,1,1.0,0.0,0.75
3,4942,has_rating:3.0 stars,,0.25,1,0.9162907318741551,1,0.5333333333333333,8,0.15384615384615385,0,0.5,0.25,0.5
3,4942,"has_coordinates:(39.9498, -75.1488)",,0.0,0,0.0,0,0.5333333333333333,8,0.15384615384615385,1,1.0,0.0,0.75
3,4942,in_state:PA,,1.0,4,0.0,4,0.5333333333333333,8,0.15384615384615385,0,0.2,1.0,0.0
3,4990,has_attribute:RestaurantsGoodForGroups=True,,0.0,0,0.0,0,0.3333333333333333,10,0.15384615384615385,1,1.0,0.0,0.8461538461538461
3,4990,has_attribute:Alcohol=full_bar,,0.0,0,0.0,0,0.3333333333333333,10,0.15384615384615385,1,1.0,0.0,0.8461538461538461
3,4990,"has_attribute:BusinessParking={garage: False, street: False, validated: False, lot: True, valet: False}",,0.0,0,0.0,0,0.3333333333333333,10,0.15384615384615385,1,1.0,0.0,0.8461538461538461
3,4990,has_attribute:DogsAllowed=True,,0.0,0,0.0,0,0.3333333333333333,10,0.15384615384615385,1,1.0,0.0,0.8461538461538461
3,4990,has_attribute:WheelchairAccessible=True,,0.0,0,0.0,0,0.3333333333333333,10,0.15384615384615385,1,1.0,0.0,0.8461538461538461
3,4990,has_attribute:OutdoorSeating=True,,0.0,0,0.0,0,0.3333333333333333,10,0.15384615384615385,1,1.0,0.0,0.8461538461538461
3,4990,has_attribute:GoodForKids=True,,0.25,1,0.9162907318741551,1,0.3333333333333333,10,0.15384615384615385,0,0.5,0.25,0.8461538461538461
3,4990,has_attribute:RestaurantsPriceRange2=2,,0.25,1,0.9162907318741551,1,0.3333333333333333,10,0.15384615384615385,0,0.5,0.25,0.8461538461538461
3,4990,has_attribute:RestaurantsReservations=True,,0.25,1,0.9162907318741551,1,0.3333333333333333,10,0.15384615384615385,0,0.5,0.25,0.8461538461538461
3,4990,has_attribute:RestaurantsAttire=casual,,0.0,0,0.0,0,0.3333333333333333,10,0.15384615384615385,1,1.0,0.0,0.8461538461538461
3,4990,has_attribute:BikeParking=True,,0.0,0,0.0,0,0.3333333333333333,10,0.15384615384615385,1,1.0,0.0,0.8461538461538461
3,4990,has_attribute:ByAppointmentOnly=False,,0.25,1,0.9162907318741551,1,0.3333333333333333,10,0.15384615384615385,0,0.5,0.25,0.8461538461538461
3,4990,has_attribute:BusinessAcceptsCreditCards=True,,0.5,2,1.0216512475319814,2,0.3333333333333333,10,0.15384615384615385,0,0.3333333333333333,0.5,0.8461538461538461
3,4990,has_category:Local Flavor,,0.25,1,0.9162907318741551,1,0.3333333333333333,10,0.15384615384615385,0,0.5,0.25,0.8333333333333334
3,4990,has_category:American (Traditional),,0.0,0,0.0,0,0.3333333333333333,10,0.15384615384615385,1,1.0,0.0,0.8333333333333334
3,4990,has_category:Dry Cleaning & Laundry,,0.0,0,0.0,0,0.3333333333333333,10,0.15384615384615385,1,1.0,0.0,0.8333333333333334
3,4990,has_category:Shopping Centers,,0.0,0,0.0,0,0.3333333333333333,10,0.15384615384615385,1,1.0,0.0,0.8333333333333334
3,4990,has_category:Shopping,,0.0,0,0.0,0,0.3333333333333333,10,0.15384615384615385,1,1.0,0.0,0.8333333333333334
3,4990,has_category:Local Services,,0.0,0,0.0,0,0.3333333333333333,10,0.15384615384615385,1,1.0,0.0,0.8333333333333334
3,4990,has_category:Fashion,,0.0,0,0.0,0,0.3333333333333333,10,0.15384615384615385,1,1.0,0.0,0.8333333333333334
3,4990,has_category:Restaurants,,0.25,1,0.9162907318741551,1,0.3333333333333333,10,0.15384615384615385,0,0.5,0.25,0.8333333333333334
3,4990,has_category:Accessories,,0.0,0,0.0,0,0.3333333333333333,10,0.15384615384615385,1,1.0,0.0,0.8333333333333334
3,4990,status:open,,1.0,4,0.0,4,0.3333333333333333,10,0.15384615384615385,0,0.2,1.0,0.0
3,4990,has_review_count:177 reviews,,0.0,0,0.0,0,0.3333333333333333,10,0.15384615384615385,1,1.0,0.0,0.75
3,4990,"has_coordinates:(40.3474, -75.0323)",,0.0,0,0.0,0,0.3333333333333333,10,0.15384615384615385,1,1.0,0.0,0.75
3,4990,located_in_city:Lahaska,,0.0,0,0.0,0,0.3333333333333333,10,0.15384615384615385,1,1.0,0.0,0.25
3,4990,has_postal_code:18931,,0.0,0,0.0,0,0.3333333333333333,10,0.15384615384615385,1,1.0,0.0,0.25
3,4990,in_state:PA,,1.0,4,0.0,4,0.3333333333333333,10,0.15384615384615385,0,0.2,1.0,0.0
3,4990,has_rating:4.0 stars,,0.25,1,0.9162907318741551,1,0.3333333333333333,10,0.15384615384615385,0,0.5,0.25,0.5
3,4990,has_name:Peddler's Village,,0.0,0,0.0,0,0.3333333333333333,10,0.15384615384615385,1,1.0,0.0,0.75
3,5061,in_state:LA,,0.0,0,0.0,0,0.3125,5,0.08928571428571429,1,1.0,0.0,0.0
3,5061,has_category:Parks,,0.0,0,0.0,0,0.3125,5,0.08928571428571429,1,1.0,0.0,0.8333333333333334
3,5061,has_category:Aquariums,,0.0,0,0.0,0,0.3125,5,0.08928571428571429,1,1.0,0.0,0.8333333333333334
3,5061,has_category:Tours,,0.5,2,1.0216512475319814,2,0.3125,5,0.08928571428571429,0,0.3333333333333333,0.5,0.8333333333333334
3,5061,has_category:Active Life,,0.0,0,0.0,0,0.3125,5,0.08928571428571429,1,1.0,0.0,0.8333333333333334
3,5061,has_name:Woldenberg Park,,0.0,0,0.0,0,0.3125,5,0.08928571428571429,1,1.0,0.0,0.75
3,5061,status:open,,1.0,4,0.0,4,0.3125,5,0.08928571428571429,0,0.2,1.0,0.0
3,5061,"has_coordinates:(29.9510, -90.0631)",,0.0,0,0.0,0,0.3125,5,0.08928571428571429,1,1.0,0.0,0.75
3,5061,has_postal_code:70130,,0.0,0,0.0,0,0.3125,5,0.08928571428571429,1,1.0,0.0,0.25
3,5061,has_review_count:55 reviews,,0.0,0,0.0,0,0.3125,5,0.08928571428571429,1,1.0,0.0,0.75
3,5061,has_attribute:GoodForKids=True,,0.25,1,0.9162907318741551,1,0.3125,5,0.08928571428571429,0,0.5,0.25,0.8461538461538461
3,5061,has_attribute:BusinessAcceptsCreditCards=False,,0.0,0,0.0,0,0.3125,5,0.08928571428571429,1,1.0,0.0,0.8461538461538461
3,5061,"has_attribute:BusinessParking={garage: True, street: False, validated: False, lot: False, valet: False}",,0.25,1,0.9162907318741551,1,0.3125,5,0.08928571428571429,0,0.5,0.25,0.8461538461538461
3,5061,has_attribute:BikeParking=True,,0.0,0,0.0,0,0.3125,5,0.08928571428571429,1,1.0,0.0,0.8461538461538461
3,5061,located_in_city:New Orleans,,0.0,0,0.0,0,0.3125,5,0.08928571428571429,1,1.0,0.0,0.25
3,5061,has_rating:4.0 stars,,0.25,1,0.9162907318741551,1,0.3125,5,0.08928571428571429,0,0.5,0.25,0.5
3,522,status:open,,1.0,4,0.0,4,0.29411764705882354,5,0.08771929824561403,0,0.2,1.0,0.0
3,522,has_review_count:949 reviews,,0.0,0,0.0,0,0.29411764705882354,5,0.08771929824561403,1,1.0,0.0,0.75
3,522,has_category:Transportation,,0.0,0,0.0,0,0.29411764705882354,5,0.08771929824561403,1,1.0,0.0,0.8333333333333334
3,522,has_category:Airports,,0.0,0,0.0,0,0.29411764705882354,5,0.08771929824561403,1,1.0,0.0,0.8333333333333334
3,522,has_category:Car Rental,,0.0,0,0.0,0,0.29411764705882354,5,0.08771929824561403,1,1.0,0.0,0.8333333333333334
3,522,has_rating:3.5 stars,,0.0,0,0.0,0,0.29411764705882354,5,0.08771929824561403,1,1.0,0.0,0.5
3,522,has_name:Nashville International Airport - BNA,,0.0,0,0.0,0,0.29411764705882354,5,0.08771929824561403,1,1.0,0.0,0.75
3,522,located_in_city:Nashville,,0.0,0,0.0,0,0.29411764705882354,5,0.08771929824561403,1,1.0,0.0,0.25
3,522,"has_coordinates:(36.1343, -86.6728)",,0.0,0,0.0,0,0.29411764705882354,5,0.08771929824561403,1,1.0,0.0,0.75
3,522,has_attribute:RestaurantsGoodForGroups=True,,0.0,0,0.0,0,0.29411764705882354,5,0.08771929824561403,1,1.0,0.0,0.8461538461538461
3,522,has_attribute:OutdoorSeating=False,,0.25,1,0.9162907318741551,1,0.29411764705882354,5,0.08771929824561403,0,0.5,0.25,0.8461538461538461
3,522,has_attribute:BusinessAcceptsCreditCards=True,,0.5,2,1.0216512475319814,2,0.29411764705882354,5,0.08771929824561403,0,0.3333333333333333,0.5,0.8461538461538461
3,522,has_attribute:RestaurantsPriceRange2=1,,0.0,0,0.0,0,0.29411764705882354,5,0.08771929824561403,1,1.0,0.0,0.8461538461538461
3,522,has_attribute:WiFi=free,,0.5,2,1.0216512475319814,2,0.29411764705882354,5,0.08771929824561403,0,0.3333333333333333,0.5,0.8461538461538461
3,522,has_attribute:ByAppointmentOnly=False,,0.25,1,0.9162907318741551,1,0.29411764705882354,5,0.08771929824561403,0,0.5,0.25,0.8461538461538461
3,522,in_state:TN,,0.0,0,0.0,0,0.29411764705882354,5,0.08771929824561403,1,1.0,0.0,0.0
3,522,has_postal_code:37214,,0.0,0,0.0,0,0.29411764705882354,5,0.08771929824561403,1,1.0,0.0,0.25
3,5605,has_attribute:BikeParking=True,,0.0,0,0.0,0,0.3333333333333333,7,0.11864406779661017,1,1.0,0.0,0.8461538461538461
3,5605,has_attribute:GoodForKids=True,,0.25,1,0.9162907318741551,1,0.3333333333333333,7,0.11864406779661017,0,0.5,0.25,0.8461538461538461
3,5605,"has_attribute:BusinessParking={garage: False, street: True, validated: False, lot: False, valet: False}",,0.0,0,0.0,0,0.3333333333333333,7,0.11864406779661017,1,1.0,0.0,0.8461538461538461
3,5605,has_attribute:BusinessAcceptsCreditCards=True,,0.5,2,1.0216512475319814,2,0.3333333333333333,7,0.11864406779661017,0,0.3333333333333333,0.5,0.8461538461538461
3,5605,has_attribute:ByAppointmentOnly=False,,0.25,1,0.9162907318741551,1,0.3333333333333333,7,0.11864406779661017,0,0.5,0.25,0.8461538461538461
3,5605,located_in_city:New Orleans,,0.0,0,0.0,0,0.3333333333333333,7,0.11864406779661017,1,1.0,0.0,0.25
3,5605,has_category:Zoos,,0.0,0,0.0,0,0.3333333333333333,7,0.11864406779661017,1,1.0,0.0,0.8333333333333334
3,5605,has_category:Event Planning & Services,,0.25,1,0.9162907318741551,1,0.3333333333333333,7,0.11864406779661017,0,0.5,0.25,0.8333333333333334
3,5605,has_category:Cinema,,0.0,0,0.0,0,0.3333333333333333,7,0.11864406779661017,1,1.0,0.0,0.8333333333333334
3,5605,has_category:Tours,,0.5,2,1.0216512475319814,2,0.3333333333333333,7,0.11864406779661017,0,0.3333333333333333,0.5,0.8333333333333334
3,5605,has_category:Arts & Entertainment,,0.25,1,0.9162907318741551,1,0.3333333333333333,7,0.11864406779661017,0,0.5,0.25,0.8333333333333334
3,5605,has_category:Aquariums,,0.0,0,0.0,0,0.3333333333333333,7,0.11864406779661017,1,1.0,0.0,0.8333333333333334
3,5605,has_category:Active Life,,0.0,0,0.0,0,0.3333333333333333,7,0.11864406779661017,1,1.0,0.0,0.8333333333333334
3,5605,has_category:Caterers,,0.0,0,0.0,0,0.3333333333333333,7,0.11864406779661017,1,1.0,0.0,0.8333333333333334
3,5605,"has_coordinates:(29.9510, -90.0631)",,0.0,0,0.0,0,0.3333333333333333,7,0.11864406779661017,1,1.0,0.0,0.75
3,5605,has_rating:3.5 stars,,0.0,0,0.0,0,0.3333333333333333,7,0.11864406779661017,1,1.0,0.0,0.5
3,5605,status:open,,1.0,4,0.0,4,0.3333333333333333,7,0.11864406779661017,0,0.2,1.0,0.0
3,5605,has_review_count:523 reviews,,0.0,0,0.0,0,0.3333333333333333,7,0.11864406779661017,1,1.0,0.0,0.75
3,5605,has_name:Audubon Aquarium of the Americas,,0.0,0,0.0,0,0.3333333333333333,7,0.11864406779661017,1,1.0,0.0,0.75
3,5605,in_state:LA,,0.0,0,0.0,0,0.3333333333333333,7,0.11864406779661017,1,1.0,0.0,0.0
3,5605,has_postal_code:70130,,0.0,0,0.0,0,0.3333333333333333,7,0.11864406779661017,1,1.0,0.0,0.25
3,5855,has_category:Walking Tours,,0.0,0,0.0,0,0.18181818181818182,2,0.037037037037037035,1,1.0,0.0,0.8333333333333334
3,5855,has_category:Tours,,0.5,2,1.0216512475319814,2,0.18181818181818182,2,0.037037037037037035,0,0.3333333333333333,0.5,0.8333333333333334
3,5855,has_name:Free Tours By Foot,,0.0,0,0.0,0,0.18181818181818182,2,0.037037037037037035,1,1.0,0.0,0.75
3,5855,in_state:LA,,0.0,0,0.0,0,0.18181818181818182,2,0.037037037037037035,1,1.0,0.0,0.0
3,5855,status:open,,1.0,4,0.0,4,0.18181818181818182,2,0.037037037037037035,0,0.2,1.0,0.0
3,5855,has_review_count:769 reviews,,0.0,0,0.0,0,0.18181818181818182,2,0.037037037037037035,1,1.0,0.0,0.75
3,5855,has_attribute:WiFi=no,,0.0,0,0.0,0,0.18181818181818182,2,0.037037037037037035,1,1.0,0.0,0.8461538461538461
3,5855,located_in_city:New Orleans,,0.0,0,0.0,0,0.18181818181818182,2,0.037037037037037035,1,1.0,0.0,0.25
3,5855,has_postal_code:70130,,0.0,0,0.0,0,0.18181818181818182,2,0.037037037037037035,1,1.0,0.0,0.25
3,5855,has_rating:5.0 stars,,0.0,0,0.0,0,0.18181818181818182,2,0.037037037037037035,1,1.0,0.0,0.5
3,5855,"has_coordinates:(29.9254, -90.0800)",,0.0,0,0.0,0,0.18181818181818182,2,0.037037037037037035,1,1.0,0.0,0.75
3,774,has_category:Arts & Entertainment,,0.25,1,0.9162907318741551,1,0.5294117647058824,9,0.16981132075471697,0,0.5,0.25,0.8333333333333334
3,774,has_category:Museums,,0.25,1,0.9162907318741551,1,0.5294117647058824,9,0.16981132075471697,0,0.5,0.25,0.8333333333333334
3,774,has_category:Public Services & Government,,0.75,3,0.6694306539426294,3,0.5294117647058824,9,0.16981132075471697,0,0.25,0.75,0.8333333333333334
3,774,has_category:Tours,,0.5,2,1.0216512475319814,2,0.5294117647058824,9,0.16981132075471697,0,0.3333333333333333,0.5,0.8333333333333334
3,774,has_category:Landmarks & Historical Buildings,,0.75,3,0.6694306539426294,3,0.5294117647058824,9,0.16981132075471697,0,0.25,0.75,0.8333333333333334
3,774,has_review_count:1637 reviews,,0.0,0,0.0,0,0.5294117647058824,9,0.16981132075471697,1,1.0,0.0,0.75
3,774,status:open,,1.0,4,0.0,4,0.5294117647058824,9,0.16981132075471697,0,0.2,1.0,0.0
3,774,in_state:LA,,0.0,0,0.0,0,0.5294117647058824,9,0.16981132075471697,1,1.0,0.0,0.0
3,774,has_name:The National WWII Museum,,0.0,0,0.0,0,0.5294117647058824,9,0.16981132075471697,1,1.0,0.0,0.75
3,774,has_attribute:GoodForKids=True,,0.25,1,0.9162907318741551,1,0.5294117647058824,9,0.16981132075471697,0,0.5,0.25,0.8461538461538461
3,774,has_attribute:RestaurantsAttire=casual,,0.0,0,0.0,0,0.5294117647058824,9,0.16981132075471697,1,1.0,0.0,0.8461538461538461
3,774,has_attribute:ByAppointmentOnly=False,,0.25,1,0.9162907318741551,1,0.5294117647058824,9,0.16981132075471697,0,0.5,0.25,0.8461538461538461
3,774,has_attribute:DogsAllowed=False,,0.0,0,0.0,0,0.5294117647058824,9,0.16981132075471697,1,1.0,0.0,0.8461538461538461
3,774,has_rating:4.5 stars,,0.5,2,1.0216512475319814,2,0.5294117647058824,9,0.16981132075471697,0,0.3333333333333333,0.5,0.5
3,774,has_postal_code:70130,,0.0,0,0.0,0,0.5294117647058824,9,0.16981132075471697,1,1.0,0.0,0.25
3,774,located_in_city:New Orleans,,0.0,0,0.0,0,0.5294117647058824,9,0.16981132075471697,1,1.0,0.0,0.25
3,774,"has_coordinates:(29.9427, -90.0704)",,0.0,0,0.0,0,0.5294117647058824,9,0.16981132075471697,1,1.0,0.0,0.75
3,888,has_category:Party & Event Planning,,0.0,0,0.0,0,0.3793103448275862,11,0.1746031746031746,1,1.0,0.0,0.8333333333333334
3,888,has_category:Venues & Event Spaces,,0.0,0,0.0,0,0.3793103448275862,11,0.1746031746031746,1,1.0,0.0,0.8333333333333334
3,888,has_category:Restaurants,,0.25,1,0.9162907318741551,1,0.3793103448275862,11,0.1746031746031746,0,0.5,0.25,0.8333333333333334
3,888,has_category:Event Planning & Services,,0.25,1,0.9162907318741551,1,0.3793103448275862,11,0.1746031746031746,0,0.5,0.25,0.8333333333333334
3,888,has_attribute:ByAppointmentOnly=False,,0.25,1,0.9162907318741551,1,0.3793103448275862,11,0.1746031746031746,0,0.5,0.25,0.8461538461538461
3,888,has_attribute:RestaurantsGoodForGroups=True,,0.0,0,0.0,0,0.3793103448275862,11,0.1746031746031746,1,1.0,0.0,0.8461538461538461
3,888,has_attribute:GoodForKids=True,,0.25,1,0.9162907318741551,1,0.3793103448275862,11,0.1746031746031746,0,0.5,0.25,0.8461538461538461
3,888,has_attribute:RestaurantsTakeOut=False,,0.25,1,0.9162907318741551,1,0.3793103448275862,11,0.1746031746031746,0,0.5,0.25,0.8461538461538461
3,888,has_attribute:RestaurantsReservations=True,,0.25,1,0.9162907318741551,1,0.3793103448275862,11,0.1746031746031746,0,0.5,0.25,0.8461538461538461
3,888,has_attribute:WiFi=paid,,0.0,0,0.0,0,0.3793103448275862,11,0.1746031746031746,1,1.0,0.0,0.8461538461538461
3,888,has_attribute:RestaurantsPriceRange2=2,,0.25,1,0.9162907318741551,1,0.3793103448275862,11,0.1746031746031746,0,0.5,0.25,0.8461538461538461
3,888,has_attribute:NoiseLevel=average,,0.0,0,0.0,0,0.3793103448275862,11,0.1746031746031746,1,1.0,0.0,0.8461538461538461
3,888,"has_attribute:BusinessParking={garage: False, street: False, validated: False, lot: False, valet: True}",,0.0,0,0.0,0,0.3793103448275862,11,0.1746031746031746,1,1.0,0.0,0.8461538461538461
3,888,has_attribute:DogsAllowed=True,,0.0,0,0.0,0,0.3793103448275862,11,0.1746031746031746,1,1.0,0.0,0.8461538461538461
3,888,has_attribute:BusinessAcceptsCreditCards=True,,0.5,2,1.0216512475319814,2,0.3793103448275862,11,0.1746031746031746,0,0.3333333333333333,0.5,0.8461538461538461
3,888,has_attribute:HasTV=True,,0.0,0,0.0,0,0.3793103448275862,11,0.1746031746031746,1,1.0,0.0,0.8461538461538461
3,888,has_attribute:Alcohol=full_bar,,0.0,0,0.0,0,0.3793103448275862,11,0.1746031746031746,1,1.0,0.0,0.8461538461538461
3,888,"has_attribute:Ambience={romantic: False, intimate: False, touristy: False, hipster: False, divey: False, classy: False, trendy: False, upscale: False, casual: False}",,0.0,0,0.0,0,0.3793103448275862,11,0.1746031746031746,1,1.0,0.0,0.8461538461538461
3,888,has_attribute:RestaurantsDelivery=False,,0.25,1,0.9162907318741551,1,0.3793103448275862,11,0.1746031746031746,0,0.5,0.25,0.8461538461538461
3,888,has_attribute:RestaurantsAttire=casual,,0.0,0,0.0,0,0.3793103448275862,11,0.1746031746031746,1,1.0,0.0,0.8461538461538461
3,888,has_attribute:OutdoorSeating=False,,0.25,1,0.9162907318741551,1,0.3793103448275862,11,0.1746031746031746,0,0.5,0.25,0.8461538461538461
3,888,"has_coordinates:(29.9451, -90.0662)",,0.0,0,0.0,0,0.3793103448275862,11,0.1746031746031746,1,1.0,0.0,0.75
3,888,has_rating:2.5 stars,,0.0,0,0.0,0,0.3793103448275862,11,0.1746031746031746,1,1.0,0.0,0.5
3,888,located_in_city:New Orleans,,0.0,0,0.0,0,0.3793103448275862,11,0.1746031746031746,1,1.0,0.0,0.25
3,888,status:open,,1.0,4,0.0,4,0.3793103448275862,11,0.1746031746031746,0,0.2,1.0,0.0
3,888,has_name:Embassy Suites by Hilton New Orleans,,0.0,0,0.0,0,0.3793103448275862,11,0.1746031746031746,1,1.0,0.0,0.75
3,888,has_review_count:276 reviews,,0.0,0,0.0,0,0.3793103448275862,11,0.1746031746031746,1,1.0,0.0,0.75
3,888,in_state:LA,,0.0,0,0.0,0,0.3793103448275862,11,0.1746031746031746,1,1.0,0.0,0.0
3,888,has_postal_code:70130,,0.0,0,0.0,0,0.3793103448275862,11,0.1746031746031746,1,1.0,0.0,0.25
3,901,"has_coordinates:(39.9490, -75.1478)",,0.0,0,0.0,0,0.5,8,0.1509433962264151,1,1.0,0.0,0.75
3,901,has_name:Renaissance Philadelphia Downtown Hotel,,0.0,0,0.0,0,0.5,8,0.1509433962264151,1,1.0,0.0,0.75
3,901,status:open,,1.0,4,0.0,4,0.5,8,0.1509433962264151,0,0.2,1.0,0.0
3,901,has_attribute:BusinessAcceptsCreditCards=True,,0.5,2,1.0216512475319814,2,0.5,8,0.1509433962264151,0,0.3333333333333333,0.5,0.8461538461538461
3,901,has_attribute:WheelchairAccessible=True,,0.0,0,0.0,0,0.5,8,0.1509433962264151,1,1.0,0.0,0.8461538461538461
3,901,has_attribute:DogsAllowed=True,,0.0,0,0.0,0,0.5,8,0.1509433962264151,1,1.0,0.0,0.8461538461538461
3,901,has_attribute:BusinessAcceptsBitcoin=False,,0.0,0,0.0,0,0.5,8,0.1509433962264151,1,1.0,0.0,0.8461538461538461
3,901,has_attribute:WiFi=free,,0.5,2,1.0216512475319814,2,0.5,8,0.1509433962264151,0,0.3333333333333333,0.5,0.8461538461538461
3,901,has_attribute:RestaurantsPriceRange2=3,,0.0,0,0.0,0,0.5,8,0.1509433962264151,1,1.0,0.0,0.8461538461538461
3,901,has_review_count:46 reviews,,0.0,0,0.0,0,0.5,8,0.1509433962264151,1,1.0,0.0,0.75
3,901,has_postal_code:19106,,0.75,3,0.6694306539426294,3,0.5,8,0.1509433962264151,0,0.25,0.75,0.25
3,901,located_in_city:Philadelphia,,0.75,3,0.6694306539426294,3,0.5,8,0.1509433962264151,0,0.25,0.75,0.25
3,901,in_state:PA,,1.0,4,0.0,4,0.5,8,0.1509433962264151,0,0.2,1.0,0.0
3,901,has_rating:3.0 stars,,0.25,1,0.9162907318741551,1,0.5,8,0.1509433962264151,0,0.5,0.25,0.5
3,901,has_category:Venues & Event Spaces,,0.0,0,0.0,0,0.5,8,0.1509433962264151,1,1.0,0.0,0.8333333333333334
3,901,has_category:Event Planning & Services,,0.25,1,0.9162907318741551,1,0.5,8,0.1509433962264151,0,0.5,0.25,0.8333333333333334
3,907,has_category:Venues & Event Spaces,,0.0,0,0.0,0,0.7222222222222222,13,0.26,1,1.0,0.0,0.8333333333333334
3,907,has_category:Museums,,0.25,1,0.9162907318741551,1,0.7222222222222222,13,0.26,0,0.5,0.25,0.8333333333333334
3,907,has_category:Event Planning & Services,,0.25,1,0.9162907318741551,1,0.7222222222222222,13,0.26,0,0.5,0.25,0.8333333333333334
3,907,has_category:Tours,,0.5,2,1.0216512475319814,2,0.7222222222222222,13,0.26,0,0.3333333333333333,0.5,0.8333333333333334
3,907,has_category:Arts & Entertainment,,0.25,1,0.9162907318741551,1,0.7222222222222222,13,0.26,0,0.5,0.25,0.8333333333333334
3,907,has_attribute:DogsAllowed=False,,0.0,0,0.0,0,0.7222222222222222,13,0.26,1,1.0,0.0,0.8461538461538461
3,907,has_attribute:GoodForKids=True,,0.25,1,0.9162907318741551,1,0.7222222222222222,13,0.26,0,0.5,0.25,0.8461538461538461
3,907,has_attribute:BusinessAcceptsCreditCards=True,,0.5,2,1.0216512475319814,2,0.7222222222222222,13,0.26,0,0.3333333333333333,0.5,0.8461538461538461
3,907,has_attribute:ByAppointmentOnly=False,,0.25,1,0.9162907318741551,1,0.7222222222222222,13,0.26,0,0.5,0.25,0.8461538461538461
3,907,has_attribute:WiFi=free,,0.5,2,1.0216512475319814,2,0.7222222222222222,13,0.26,0,0.3333333333333333,0.5,0.8461538461538461
3,907,in_state:PA,,1.0,4,0.0,4,0.7222222222222222,13,0.26,0,0.2,1.0,0.0
3,907,located_in_city:Philadelphia,,0.75,3,0.6694306539426294,3,0.7222222222222222,13,0.26,0,0.25,0.75,0.25
3,907,has_review_count:180 reviews,,0.0,0,0.0,0,0.7222222222222222,13,0.26,1,1.0,0.0,0.75
3,907,status:open,,1.0,4,0.0,4,0.7222222222222222,13,0.26,0,0.2,1.0,0.0
3,907,"has_coordinates:(39.9539, -75.1491)",,0.0,0,0.0,0,0.7222222222222222,13,0.26,1,1.0,0.0,0.75
3,907,has_name:National Constitution Center,,0.0,0,0.0,0,0.7222222222222222,13,0.26,1,1.0,0.0,0.75
3,907,has_rating:4.0 stars,,0.25,1,0.9162907318741551,1,0.7222222222222222,13,0.26,0,0.5,0.25,0.5
3,907,has_postal_code:19106,,0.75,3,0.6694306539426294,3,0.7222222222222222,13,0.26,0,0.25,0.75,0.25
