user_id,business_id,rating
3,1783,5.0
3,457,4.0
3,2513,4.0
35,4326,5.0
35,5767,4.0
35,2989,5.0
35,2344,2.0
276,880,3.0
276,4656,3.0
276,558,4.0
276,558,4.0
276,558,3.0
276,558,3.0
276,4656,3.0
276,3438,1.0
276,592,3.0
276,4088,2.0
276,5360,4.0
276,3143,4.0
276,4326,5.0
276,1356,2.0
276,104,4.0
276,1442,2.0
339,2109,4.0
339,5360,4.0
339,3620,4.0
339,880,3.0
376,2083,4.0
376,1260,2.0
376,3806,3.0
376,2589,4.0
698,837,3.0
698,837,2.0
698,5654,5.0
698,4088,5.0
722,5045,1.0
722,5045,1.0
722,5045,1.0
722,5045,1.0
722,5045,1.0
722,5045,1.0
852,2006,3.0
852,3412,4.0
852,4184,4.0
852,723,3.0
926,880,4.0
926,1442,4.0
926,5516,4.0
926,45,2.0
926,4183,4.0
926,5647,3.0
926,2660,2.0
926,596,3.0
926,5292,4.0
982,522,4.0
982,2424,5.0
982,514,4.0
982,5617,4.0
987,4882,5.0
987,4882,5.0
987,4882,5.0
987,4882,5.0
991,45,3.0
991,2089,5.0
991,2480,3.0
991,3209,5.0
991,5685,2.0
991,4624,3.0
991,4989,2.0
991,4430,3.0
991,93,3.0
991,4693,3.0
991,4326,5.0
991,2086,2.0
991,1002,3.0
991,2907,3.0
991,3086,4.0
991,5267,5.0
1018,757,5.0
1018,4208,5.0
1018,5450,1.0
1018,1189,1.0
1052,3,3.0
1052,4567,5.0
1052,3119,5.0
1052,1164,4.0
1052,1819,4.0
1119,1332,4.0
1119,4541,4.0
1119,1332,2.0
1119,4541,5.0
1140,4212,4.0
1140,1820,3.0
1140,1186,4.0
1140,1442,3.0
1140,5260,4.0
1140,250,4.0
1223,4747,5.0
1223,2373,5.0
1223,104,3.0
1223,61,4.0
1483,880,1.0
1483,4123,3.0
1483,522,5.0
1483,3945,4.0
1483,3732,5.0
1483,5576,4.0
1483,45,2.0
1483,1190,1.0
1507,5059,4.0
1507,5639,4.0
1507,3944,5.0
1507,1337,1.0
1613,4550,4.0
1613,4550,4.0
1613,4550,4.0
1613,4550,4.0
1619,185,2.0
1619,3999,3.0
1619,2618,2.0
1619,774,5.0
1663,2255,5.0
1663,4717,5.0
1663,4184,4.0
1663,4157,4.0
1695,4671,4.0
1695,4369,3.0
1695,819,4.0
1695,3398,2.0
1768,2557,5.0
1768,3503,4.0
1768,4119,3.0
1768,604,5.0
1768,1152,4.0
1768,3732,4.0
1768,5055,1.0
1768,1598,4.0
1768,5168,4.0
1768,1411,5.0
1793,3523,4.0
1793,5585,2.0
1793,2463,1.0
1793,1870,1.0
1793,3586,1.0
1793,2463,5.0
1801,1820,5.0
1801,774,5.0
1801,1442,3.0
1801,1186,5.0
1801,1442,1.0
1801,2468,4.0
1801,3732,3.0
1881,3136,4.0
1881,1442,5.0
1881,4471,3.0
1881,4795,4.0
1893,45,3.0
1893,3732,4.0
1893,5250,4.0
1893,5312,3.0
2082,3178,3.0
2082,3178,1.0
2082,262,3.0
2082,3313,5.0
2103,4359,4.0
2103,4634,4.0
2103,4589,2.0
2103,2344,5.0
2160,1756,5.0
2160,4031,5.0
2160,369,3.0
2160,2041,2.0
2160,2557,4.0
2247,170,4.0
2247,3732,4.0
2247,5454,4.0
2247,5304,5.0
2274,1356,5.0
2274,904,5.0
2274,2045,4.0
2274,3143,5.0
2377,1442,2.0
2377,3637,2.0
2377,2015,2.0
2377,3165,3.0
2458,1260,5.0
2458,2618,4.0
2458,4576,4.0
2458,5605,5.0
2473,2109,4.0
2473,5360,4.0
2473,2781,3.0
2473,2417,4.0
2473,5111,4.0
2473,4580,4.0
2473,904,5.0
2473,3143,5.0
2473,1356,5.0
2473,2085,5.0
2473,25,5.0
2486,681,3.0
2486,5061,4.0
2486,1442,3.0
2486,129,3.0
2486,1186,3.0
2486,1442,3.0
2486,1881,3.0
2486,5755,4.0
2486,1442,5.0
2486,5081,4.0
2695,1022,5.0
2695,2480,2.0
2695,3840,4.0
2695,4990,4.0
2736,904,5.0
2736,4761,3.0
2736,185,2.0
2736,2344,4.0
2736,858,4.0
2736,2933,4.0
2790,3523,5.0
2790,2245,5.0
2790,5037,4.0
2790,4143,4.0
2856,1056,1.0
2856,1487,4.0
2856,5772,2.0
2856,5625,3.0
2856,4543,4.0
2856,5772,2.0
2856,24,3.0
2856,2344,4.0
2856,514,3.0
2856,24,3.0
2856,522,3.0
2856,2344,4.0
2886,4671,4.0
2886,3732,4.0
2886,2426,4.0
2886,2775,4.0
2886,1631,4.0
2886,2450,3.0
2886,3252,5.0
2886,522,4.0
2886,5215,3.0
2886,3801,4.0
2886,3417,4.0
2886,3453,4.0
2886,5168,5.0
2886,2557,5.0
2886,2452,5.0
2886,2662,5.0
2940,3717,5.0
2940,2761,3.0
2940,5379,5.0
2940,1876,4.0
2948,446,5.0
2948,1743,3.0
2948,4632,5.0
2948,1489,5.0
2948,45,3.0
2948,5027,4.0
3076,2085,5.0
3076,904,5.0
3076,904,5.0
3076,3639,4.0
3076,5201,4.0
3087,45,4.0
3087,1310,2.0
3087,1442,3.0
3087,5781,2.0
3311,4194,1.0
3311,3143,5.0
3311,1356,5.0
3311,566,5.0
3311,4874,5.0
3312,904,5.0
3312,1178,5.0
3312,2083,3.0
3312,4220,4.0
3317,2790,5.0
3317,1093,4.0
3317,5747,4.0
3317,3944,4.0
3344,2085,5.0
3344,2085,4.0
3344,2085,5.0
3344,4292,3.0
3410,4559,3.0
3410,4559,3.0
3410,4550,3.0
3410,4559,4.0
3410,4606,3.0
3410,3165,3.0
3410,5292,3.0
3410,5855,5.0
3410,5746,4.0
3410,3330,4.0
3410,2933,4.0
3410,774,5.0
3410,5521,4.0
3481,2613,5.0
3481,3274,5.0
3481,2436,5.0
3481,5390,4.0
3483,3732,4.0
3483,837,4.0
3483,723,4.0
3483,579,5.0
3550,5336,5.0
3550,774,5.0
3550,3806,5.0
3550,2083,5.0
3550,5176,4.0
3550,4359,5.0
3550,4845,5.0
3550,1684,4.0
3562,4634,5.0
3562,4378,2.0
3562,4378,4.0
3562,24,5.0
3562,473,5.0
3587,5585,4.0
3587,5444,3.0
3587,1189,1.0
3587,3523,5.0
3587,1410,4.0
3691,3084,3.0
3691,3600,5.0
3691,1054,5.0
3691,4304,3.0
3766,4783,2.0
3766,3973,3.0
3766,3661,4.0
3766,1054,4.0
3766,4514,3.0
3766,4624,3.0
3766,4624,3.0
3766,4830,5.0
3857,3622,2.0
3857,5697,5.0
3857,3622,1.0
3857,1870,1.0
3864,504,3.0
3864,4143,3.0
3864,1870,4.0
3864,4550,4.0
3875,5607,5.0
3875,680,4.0
3875,904,5.0
3875,3637,1.0
3887,5169,5.0
3887,1629,3.0
3887,4184,5.0
3887,4717,3.0
3908,774,5.0
3908,339,4.0
3908,5656,5.0
3908,1032,1.0
3908,5658,5.0
3908,5215,4.0
3908,3637,1.0
3913,473,5.0
3913,1260,4.0
3913,3101,4.0
3913,3966,4.0
3940,1600,5.0
3940,811,4.0
3940,5605,4.0
3940,3260,5.0
3940,2436,5.0
3940,774,5.0
3940,1775,4.0
3970,3732,5.0
3970,144,5.0
3970,5398,5.0
3970,1828,4.0
3970,1676,5.0
4011,2760,3.0
4011,4673,2.0
4011,497,5.0
4011,180,1.0
4252,1442,1.0
4252,880,2.0
4252,4471,3.0
4252,5631,5.0
4425,4639,3.0
4425,2373,3.0
4425,5081,1.0
4425,3274,5.0
4518,3730,2.0
4518,5215,1.0
4518,819,1.0
4518,1498,1.0
4518,2419,1.0
4540,2955,1.0
4540,4425,5.0
4540,4610,5.0
4540,4118,2.0
4541,2821,4.0
4541,4233,3.0
4541,4550,5.0
4541,2463,4.0
4541,44,5.0
4553,2344,1.0
4553,1152,5.0
4553,3732,5.0
4553,4908,2.0
4615,5450,1.0
4615,5450,1.0
4615,5450,1.0
4615,5450,1.0
4626,2775,3.0
4626,789,1.0
4626,1687,5.0
4626,1190,1.0
4688,1312,4.0
4688,45,3.0
4688,3736,3.0
4688,4653,4.0
4688,1442,2.0
4688,3209,5.0
4735,2227,4.0
4735,473,4.0
4735,2391,4.0
4735,5752,4.0
4818,4464,5.0
4818,5259,4.0
4818,5035,3.0
4818,3228,5.0
4927,3523,5.0
4927,5450,2.0
4927,5585,4.0
4927,4550,4.0
4927,1870,4.0
4927,3586,3.0
4927,2463,4.0
4927,4143,4.0
4927,1870,2.0
4927,2536,5.0
4931,566,4.0
4931,880,2.0
4931,339,2.0
4931,3951,4.0
4931,1442,3.0
4931,880,3.0
4931,3136,4.0
4931,3705,2.0
4931,5571,1.0
4931,4749,4.0
4931,566,5.0
4931,4650,3.0
4931,3123,4.0
4931,3850,3.0
4931,1442,4.0
4931,1730,4.0
4931,2129,4.0
4931,3260,5.0
4931,3165,3.0
4931,1178,5.0
4931,5081,2.0
4931,2844,4.0
4931,522,5.0
4931,3572,3.0
4931,912,4.0
4931,4020,5.0
4931,2138,4.0
4931,3974,5.0
4932,5215,3.0
4932,1152,4.0
4932,792,4.0
4932,3069,5.0
4932,3732,5.0
4932,1590,5.0
4932,45,3.0
4932,344,2.0
4932,4003,3.0
4932,2362,2.0
4932,4565,2.0
4932,2313,4.0
4932,4005,2.0
4932,2182,3.0
4932,512,3.0
4932,863,4.0
4951,5259,5.0
4951,852,3.0
4951,3916,4.0
4951,1998,5.0
5060,3136,5.0
5060,5521,5.0
5060,3974,4.0
5060,5746,4.0
5060,2325,5.0
5060,4795,3.0
5060,1820,5.0
5060,5605,4.0
5060,5081,5.0
5060,774,5.0
5060,4567,5.0
5060,3119,4.0
5060,1600,5.0
5060,2325,5.0
5060,250,4.0
5060,3119,5.0
5060,1302,4.0
5060,2436,5.0
5060,1442,4.0
5060,1164,4.0
5060,1676,4.0
5060,1820,5.0
5060,5061,4.0
5060,4591,4.0
5060,25,5.0
5060,522,4.0
5060,1385,4.0
5060,1442,4.0
5060,522,4.0
5060,4184,5.0
5060,5292,3.0
5060,2436,5.0
5060,104,3.0
5060,1297,3.0
5301,144,4.0
5301,4184,3.0
5301,1164,4.0
5301,4144,4.0
5301,1637,5.0
5330,725,4.0
5330,2138,4.0
5330,4364,4.0
5330,958,4.0
5330,5292,2.0
5330,755,3.0
5330,4143,4.0
5330,4550,3.0
5394,4143,4.0
5394,980,2.0
5394,2126,3.0
5394,3275,3.0
5502,1442,2.0
5502,1600,4.0
5502,144,3.0
5502,4639,3.0
5534,2557,4.0
5534,1066,3.0
5534,5454,4.0
5534,3732,3.0
5534,4971,3.0
5534,5753,4.0
5534,2419,4.0
5534,4850,5.0
5534,4464,4.0
5534,4889,4.0
5534,4569,4.0
5534,2359,4.0
5684,2992,4.0
5684,3209,4.0
5684,1056,2.0
5684,4183,4.0
5706,1770,4.0
5706,357,4.0
5706,3064,5.0
5706,774,3.0
5785,5840,4.0
5785,683,5.0
5785,1940,5.0
5785,4220,2.0
5819,4212,5.0
5819,2403,5.0
5819,3732,5.0
5819,1442,5.0
5819,2937,5.0
5882,1373,5.0
5882,522,5.0
5882,1373,5.0
5882,4123,5.0
5984,369,3.0
5984,4673,2.0
5984,3143,5.0
5984,2109,4.0
6037,5176,4.0
6037,5083,3.0
6037,1960,2.0
6037,596,1.0
6038,3843,1.0
6038,2557,4.0
6038,798,5.0
6038,4220,1.0
6038,2085,4.0
6038,2118,4.0
6038,138,1.0
6038,4661,4.0
6062,1306,1.0
6062,1306,1.0
6062,1306,1.0
6062,1306,1.0
6062,1306,1.0
6062,1306,1.0
6062,1306,1.0
6062,1306,1.0
6062,1306,1.0
6073,3398,3.0
6073,1190,2.0
6073,4359,5.0
6073,3780,4.0
6155,185,3.0
6155,163,4.0
6155,1968,5.0
6155,5031,4.0
6230,5515,1.0
6230,5515,1.0
6230,5515,1.0
6230,5515,2.0
6283,1442,4.0
6283,1442,3.0
6283,3143,5.0
6283,5586,4.0
6349,4220,5.0
6349,4566,2.0
6349,522,5.0
6349,1183,5.0
6359,5423,4.0
6359,5499,4.0
6359,2704,1.0
6359,1436,4.0
6372,5444,4.0
6372,3523,4.0
6372,3455,4.0
6372,1020,1.0
6381,5360,5.0
6381,3143,5.0
6381,3117,4.0
6381,2109,3.0
6381,4749,3.0
6381,566,5.0
6381,3732,3.0
6416,5779,1.0
6416,2450,1.0
6416,5779,1.0
6416,5779,1.0
6421,4088,3.0
6421,904,3.0
6421,1840,2.0
6421,725,4.0
6421,3143,5.0
6421,3840,3.0
6421,880,3.0
6571,522,4.0
6571,3732,5.0
6571,2426,5.0
6571,4074,4.0
6757,5398,1.0
6757,2257,4.0
6757,5398,5.0
6757,1641,5.0
6897,2085,5.0
6897,1356,5.0
6897,1542,3.0
6897,3143,4.0
6897,5654,2.0
7040,1189,4.0
7040,4251,5.0
7040,4550,4.0
7040,465,4.0
7069,1684,5.0
7069,4191,5.0
7069,4088,5.0
7069,104,5.0
7074,3583,4.0
7074,5585,4.0
7074,3310,3.0
7074,4184,3.0
7151,4729,4.0
7151,1702,4.0
7151,3081,4.0
7151,1702,5.0
7220,25,3.0
7220,104,3.0
7220,681,2.0
7220,3974,5.0
7220,4639,2.0
7222,2257,3.0
7222,1399,2.0
7222,3165,4.0
7222,3119,5.0
7233,4169,1.0
7233,2946,3.0
7233,24,5.0
7233,473,5.0
7345,4088,5.0
7345,2864,4.0
7345,45,2.0
7345,2344,4.0
7345,25,5.0
7345,2773,5.0
7345,4086,4.0
7345,1804,4.0
7345,880,3.0
7345,4505,4.0
7345,3732,5.0
7345,4523,3.0
7421,3165,4.0
7421,888,4.0
7421,1820,4.0
7421,2781,3.0
7421,2417,4.0
7421,844,3.0
7421,9,4.0
7421,4355,4.0
7460,4749,1.0
7460,4749,1.0
7460,3620,2.0
7460,4749,5.0
7515,3523,5.0
7515,5169,5.0
7515,5705,5.0
7515,3622,2.0
7644,45,3.0
7644,45,4.0
7644,4097,4.0
7644,2610,5.0
7644,2610,3.0
7644,344,4.0
7644,721,5.0
7644,3777,4.0
7644,2248,3.0
7644,575,5.0
7674,4088,3.0
7674,5111,4.0
7674,3913,4.0
7674,3143,5.0
7674,9,4.0
7735,167,2.0
7735,4463,3.0
7735,2757,2.0
7735,250,5.0
7735,4406,3.0
7735,1093,4.0
7735,4610,4.0
7735,3004,5.0
7753,1020,5.0
7753,3889,3.0
7753,3586,3.0
7753,5444,4.0
7753,3009,4.0
7756,1442,3.0
7756,5767,3.0
7756,3758,3.0
7756,104,3.0
7756,25,5.0
7756,774,4.0
7756,1404,3.0
7780,2417,4.0
7780,1380,4.0
7780,4968,4.0
7780,1066,4.0
7780,880,5.0
7883,5260,1.0
7883,1332,3.0
7883,104,4.0
7883,1637,4.0
7883,774,5.0
7883,4184,3.0
7883,2436,4.0
7883,4747,5.0
7883,25,4.0
8086,4140,5.0
8086,3649,4.0
8086,1770,2.0
8086,2931,3.0
8271,579,5.0
8271,522,5.0
8271,61,4.0
8271,342,1.0
8325,45,2.0
8325,2373,5.0
8325,2430,3.0
8325,3064,3.0
8325,5521,4.0
8325,357,3.0
8325,104,4.0
8483,4088,5.0
8483,478,3.0
8483,3550,4.0
8483,9,4.0
8556,891,3.0
8556,5044,4.0
8556,3828,5.0
8556,1489,5.0
8591,3209,3.0
8591,4364,4.0
8591,1442,3.0
8591,5113,4.0
8591,1969,4.0
8591,4097,2.0
8591,3247,3.0
8591,2006,5.0
8591,3313,5.0
8591,1637,4.0
8634,3136,5.0
8634,1385,4.0
8634,3999,1.0
8634,1820,4.0
8735,1687,4.0
8735,4074,4.0
8735,5702,3.0
8735,5419,3.0
8740,2704,2.0
8740,1093,5.0
8740,4251,5.0
8740,1093,5.0
8758,3737,4.0
8758,1903,4.0
8758,2187,5.0
8758,2513,5.0
8823,5278,4.0
8823,1631,3.0
8823,3732,3.0
8823,3885,5.0
8888,1442,2.0
8888,2138,4.0
8888,4455,5.0
8888,2942,4.0
8888,3123,4.0
8888,5081,4.0
8888,1302,4.0
8888,5390,3.0
8888,4591,3.0
8888,2129,3.0
8888,774,4.0
8888,3951,4.0
8888,5061,4.0
8888,1820,5.0
8888,25,4.0
8888,3119,5.0
8888,4712,4.0
8888,2325,4.0
8888,1164,4.0
8888,1385,4.0
8888,3165,3.0
8888,3136,4.0
8888,1730,3.0
8888,104,3.0
8888,5746,3.0
8888,4184,4.0
8888,2257,3.0
8888,1637,3.0
8888,811,4.0
8888,5605,3.0
8888,1819,4.0
8888,2872,5.0
8888,1961,3.0
8888,3367,3.0
8888,3974,3.0
8891,5168,5.0
8891,3732,4.0
8891,900,5.0
8891,3991,5.0
8891,2013,4.0
8891,2775,3.0
8891,1555,4.0
8891,5454,5.0
8891,1598,4.0
8891,4074,4.0
8891,2662,4.0
8891,423,5.0
8891,2199,5.0
8891,522,5.0
8920,774,5.0
8920,4184,3.0
8920,5647,2.0
8920,24,5.0
8920,4359,5.0
8983,522,4.0
8983,4165,4.0
8983,2417,4.0
8983,2417,4.0
9025,3661,4.0
9025,5113,3.0
9025,907,4.0
9025,5228,3.0
9025,45,3.0
9025,3209,4.0
9025,3517,4.0
9025,3732,4.0
9025,1289,4.0
9025,4364,3.0
9052,4534,4.0
9052,5254,5.0
9052,3503,4.0
9052,5259,5.0
9052,2557,5.0
9099,2089,5.0
9099,860,4.0
9099,1332,4.0
9099,4541,4.0
9099,5275,4.0
9099,4097,2.0
9099,4541,2.0
9099,3488,4.0
9168,4634,3.0
9168,1260,4.0
9168,4566,3.0
9168,3966,4.0
9275,5585,5.0
9275,2463,4.0
9275,5700,5.0
9275,1306,4.0
9275,4523,3.0
9275,3736,5.0
9275,34,4.0
9275,912,5.0
9275,45,4.0
9275,514,5.0
9275,522,3.0
9275,24,4.0
9355,465,2.0
9355,5037,3.0
9355,4143,3.0
9355,1103,3.0
9355,1410,3.0
9355,5585,3.0
9355,5450,2.0
9355,3736,3.0
9355,4436,3.0
9433,3586,5.0
9433,3586,5.0
9433,3586,5.0
9433,2245,5.0
9433,3586,5.0
9433,3586,5.0
9482,1306,1.0
9482,5700,4.0
9482,1190,1.0
9482,447,5.0
9535,473,4.0
9535,5728,4.0
9535,522,4.0
9535,1260,5.0
9535,5083,4.0
9720,566,5.0
9720,2014,4.0
9720,978,4.0
9720,2462,4.0
9730,725,3.0
9730,2612,4.0
9730,1613,5.0
9730,686,5.0
9730,5201,5.0
9736,1450,5.0
9736,1733,2.0
9736,3133,5.0
9736,765,4.0
9783,412,5.0
9783,569,4.0
9783,3209,5.0
9783,1733,3.0
9783,4543,5.0
9783,1331,4.0
9784,2403,4.0
9784,4717,5.0
9784,2334,5.0
9784,3758,2.0
9916,2182,3.0
9916,1133,3.0
9916,3732,4.0
9916,5359,3.0
9944,5168,4.0
9944,1631,4.0
9944,2383,4.0
9944,5491,5.0
9999,774,5.0
9999,5169,1.0
9999,3119,2.0
9999,450,3.0
9999,1637,4.0
9999,1442,4.0
9999,1302,4.0
10103,2168,4.0
10103,5833,4.0
10103,2182,2.0
10103,837,5.0
10103,2182,1.0
10103,4543,3.0
10160,4693,3.0
10160,5062,5.0
10160,1886,1.0
10160,4208,1.0
10248,4543,2.0
10248,5183,2.0
10248,4387,4.0
10248,904,5.0
10248,3398,5.0
10248,4220,3.0
10367,3165,5.0
10367,4673,3.0
10367,1593,3.0
10367,2044,4.0
10512,4514,5.0
10512,907,3.0
10512,104,3.0
10512,1164,5.0
10512,5484,4.0
10512,3178,3.0
10512,5757,5.0
10512,3398,4.0
10514,880,3.0
10514,2781,3.0
10514,4779,3.0
10514,4194,2.0
10546,2884,4.0
10546,5450,3.0
10546,2770,5.0
10546,5037,3.0
10546,2770,2.0
10546,3455,3.0
10660,2085,5.0
10660,4314,4.0
10660,4194,4.0
10660,2792,3.0
10660,904,5.0
10710,4990,5.0
10710,5559,2.0
10710,4693,4.0
10710,2827,3.0
10710,5559,1.0
10710,5275,4.0
10720,566,4.0
10720,904,5.0
10720,3732,5.0
10720,3643,4.0
10786,989,4.0
10786,4968,4.0
10786,5484,3.0
10786,1039,2.0
10961,3330,5.0
10961,5605,5.0
10961,5292,5.0
10961,1820,5.0
10974,3764,4.0
10974,522,4.0
10974,2617,3.0
10974,2083,2.0
10974,2083,2.0
10974,2344,5.0
10974,2083,3.0
10974,3398,4.0
11008,3647,5.0
11008,4550,1.0
11008,5585,4.0
11008,2463,2.0
11008,2770,3.0
11017,4571,4.0
11017,2362,4.0
11017,4715,5.0
11017,3611,5.0
11101,1765,4.0
11101,1765,4.0
11101,4119,4.0
11101,5285,4.0
11101,5769,4.0
11101,5055,3.0
11101,3732,5.0
11101,799,4.0
11101,2557,4.0
11101,1420,4.0
11137,5499,5.0
11137,4610,5.0
11137,4432,5.0
11137,4326,4.0
11137,1436,1.0
11149,4326,5.0
11149,4432,3.0
11149,45,3.0
11149,799,3.0
11149,2557,4.0
11149,5285,2.0
11149,1056,4.0
11149,958,2.0
11149,2360,5.0
11149,2616,4.0
11149,2723,4.0
11149,1436,4.0
11149,3703,3.0
11149,4463,4.0
11149,1436,5.0
11149,1713,1.0
11162,5168,5.0
11162,2078,2.0
11162,864,4.0
11162,792,2.0
11162,697,2.0
11264,3069,2.0
11264,5700,3.0
11264,3069,5.0
11264,3732,1.0
11264,3796,1.0
11264,4569,3.0
11264,2403,3.0
11264,4654,5.0
11366,1890,3.0
11366,2086,2.0
11366,5559,4.0
11366,2086,2.0
11366,2878,2.0
11366,3737,4.0
11366,2086,1.0
11366,1783,5.0
11366,3209,5.0
11366,3178,4.0
11366,4232,3.0
11366,2089,3.0
11366,1579,3.0
11366,457,2.0
11366,907,3.0
11366,3737,5.0
11366,2513,3.0
11366,45,4.0
11369,1743,3.0
11369,3686,3.0
11369,3686,3.0
11369,5059,2.0
11369,1337,4.0
11393,2557,3.0
11393,1442,4.0
11393,2015,5.0
11393,888,4.0
11393,3165,4.0
11393,45,4.0
11393,4201,4.0
11393,2513,5.0
11393,4669,4.0
11393,757,4.0
11393,4530,5.0
11393,5725,4.0
11393,24,4.0
11393,3732,4.0
11393,4006,3.0
11393,4241,5.0
11430,24,4.0
11430,2344,4.0
11430,5176,4.0
11430,3680,5.0
11430,3732,4.0
11430,709,5.0
11430,522,4.0
11430,2097,5.0
11430,2344,4.0
11430,2617,5.0
11514,104,3.0
11514,5833,3.0
11514,683,4.0
11514,4143,3.0
11514,5390,3.0
11514,3143,5.0
11514,3119,5.0
11584,5834,4.0
11584,2450,4.0
11584,3730,4.0
11584,5834,4.0
11584,4212,4.0
11654,5656,5.0
11654,522,4.0
11654,837,5.0
11654,1436,5.0
11654,24,4.0
11660,45,4.0
11660,2817,4.0
11660,5683,4.0
11660,2773,4.0
11664,1886,1.0
11664,443,4.0
11664,3732,4.0
11664,2078,2.0
11725,5658,5.0
11725,5491,4.0
11725,3236,5.0
11725,267,1.0
11876,2118,4.0
11876,4226,2.0
11876,1464,4.0
11876,4194,4.0
11876,880,3.0
11876,4783,5.0
11955,5106,5.0
11955,497,4.0
11955,1798,3.0
11955,596,5.0
12073,522,4.0
12073,1260,4.0
12073,2083,2.0
12073,5617,3.0
12097,1941,2.0
12097,1036,4.0
12097,5027,1.0
12097,1036,4.0
12143,607,4.0
12143,3081,5.0
12143,5499,5.0
12143,2208,5.0
12143,4610,5.0
12204,798,5.0
12204,4020,2.0
12204,671,5.0
12204,3973,4.0
12229,4020,4.0
12229,522,4.0
12229,1442,2.0
12229,45,4.0
12229,45,1.0
12229,5797,4.0
12229,1442,1.0
12229,1164,5.0
12229,774,5.0
12229,1637,3.0
12229,1819,5.0
12264,812,4.0
12264,4118,5.0
12264,4559,3.0
12264,857,5.0
12264,837,4.0
12264,2955,4.0
12264,5752,4.0
12264,4241,5.0
12264,837,5.0
12264,522,4.0
12264,2617,5.0
12264,1055,4.0
12507,45,3.0
12507,4429,3.0
12507,3737,3.0
12507,4097,2.0
12507,1818,4.0
12507,5601,4.0
12507,1185,3.0
12507,2480,5.0
12581,2557,4.0
12581,4194,3.0
12581,2751,2.0
12581,904,5.0
12603,2508,2.0
12603,2417,3.0
12603,3143,4.0
12603,3658,3.0
12653,501,4.0
12653,3287,4.0
12653,4201,3.0
12653,4201,1.0
12733,2942,4.0
12733,3330,3.0
12733,25,4.0
12733,4146,4.0
12733,4567,4.0
12733,5656,5.0
12733,5062,2.0
12733,2006,4.0
12811,24,5.0
12811,3966,2.0
12811,2344,4.0
12811,5661,5.0
12934,4128,2.0
12934,4430,4.0
12934,5772,4.0
12934,344,1.0
12939,781,1.0
12939,4683,4.0
12939,4566,4.0
12939,4254,5.0
12939,3029,2.0
12939,8,4.0
12939,1629,3.0
12982,2557,4.0
12982,3209,3.0
12982,393,4.0
12982,1162,4.0
12990,5336,5.0
12990,3822,5.0
12990,5852,4.0
12990,3568,5.0
13111,104,5.0
13111,5281,5.0
13111,1108,5.0
13111,5576,4.0
13142,3806,4.0
13142,3806,5.0
13142,2083,5.0
13142,5222,5.0
13143,250,5.0
13143,4261,5.0
13143,2058,1.0
13143,4057,5.0
13175,2837,4.0
13175,2065,5.0
13175,4086,5.0
13175,2773,3.0
13175,5708,2.0
13224,4088,3.0
13224,3143,5.0
13224,904,5.0
13224,3398,5.0
13224,2581,3.0
13224,1260,4.0
13311,1442,3.0
13311,3119,5.0
13311,5081,4.0
13311,34,3.0
13379,3737,3.0
13379,45,2.0
13379,678,5.0
13379,4990,5.0
13416,1886,4.0
13416,4911,4.0
13416,2178,5.0
13416,3119,5.0
13421,2488,4.0
13421,4806,4.0
13421,5725,3.0
13421,2957,3.0
13421,3583,2.0
13421,3055,4.0
13422,2557,4.0
13422,2294,4.0
13422,4012,5.0
13422,4012,5.0
13424,45,4.0
13424,4436,4.0
13424,4942,5.0
13424,2344,4.0
13440,2661,3.0
13440,1442,3.0
13440,786,5.0
13440,514,2.0
13640,880,4.0
13640,45,3.0
13640,5360,5.0
13640,3620,5.0
13658,798,2.0
13658,473,5.0
13658,522,5.0
13658,1442,2.0
13658,4348,4.0
13717,5423,4.0
13717,5747,5.0
13717,3081,5.0
13717,5423,4.0
13720,44,4.0
13720,3586,2.0
13720,44,5.0
13720,5585,2.0
13720,5450,4.0
13850,3586,3.0
13850,2463,4.0
13850,44,4.0
13850,1870,3.0
13850,5037,1.0
13944,3084,4.0
13944,3084,4.0
13944,1843,3.0
13944,3732,4.0
13944,2775,2.0
13944,1631,4.0
13944,2419,4.0
13944,5168,4.0
13944,2426,3.0
13953,1683,3.0
13953,2942,3.0
13953,4073,4.0
13953,4543,4.0
13953,3840,3.0
13953,4088,4.0
13953,904,5.0
13953,5035,3.0
14080,2181,4.0
14080,2972,1.0
14080,361,4.0
14080,45,3.0
14091,978,5.0
14091,3639,3.0
14091,904,4.0
14091,1356,3.0
14096,1462,5.0
14096,3732,4.0
14096,5768,5.0
14096,4889,4.0
14133,44,5.0
14133,5585,4.0
14133,4550,4.0
14133,1870,5.0
14182,239,2.0
14182,5111,5.0
14182,3143,5.0
14182,1298,4.0
14307,4830,5.0
14307,1442,3.0
14307,2480,3.0
14307,104,2.0
14367,604,4.0
14367,4122,4.0
14367,1671,3.0
14367,4464,3.0
14367,2557,4.0
14367,1710,4.0
14367,361,5.0
14367,4453,4.0
14367,550,4.0
14367,4534,5.0
14367,2101,4.0
14367,2344,5.0
14367,996,3.0
14367,5068,4.0
14411,3141,3.0
14411,25,5.0
14411,5061,5.0
14411,4771,5.0
14411,1404,5.0
14411,1676,3.0
14415,3806,5.0
14415,4184,4.0
14415,774,5.0
14415,1961,5.0
14415,5656,4.0
14415,4712,4.0
14415,5163,5.0
14415,681,4.0
14415,2430,5.0
14415,2430,5.0
14415,513,5.0
14417,3686,5.0
14417,3686,5.0
14417,3686,5.0
14417,3686,5.0
14420,1442,1.0
14420,1093,4.0
14420,3123,3.0
14420,5130,4.0
14420,912,4.0
14420,1637,4.0
14420,774,4.0
14420,2487,1.0
14420,2992,2.0
14420,250,4.0
14520,989,3.0
14520,324,4.0
14520,2972,4.0
14520,522,1.0
14520,2617,5.0
14520,1199,5.0
14520,4241,4.0
14520,324,4.0
14621,2085,5.0
14621,3143,5.0
14621,5111,5.0
14621,5571,2.0
14621,3732,5.0
14621,497,1.0
14621,2781,3.0
14621,1144,3.0
14621,5631,4.0
14621,4359,4.0
14621,3398,4.0
14621,2109,5.0
14621,2085,5.0
14625,880,1.0
14625,2085,5.0
14625,2497,3.0
14625,5201,5.0
14625,4088,5.0
14625,5111,4.0
14671,1719,4.0
14671,774,5.0
14671,1442,3.0
14671,3136,4.0
14796,1103,5.0
14796,5665,5.0
14796,5585,5.0
14796,1103,5.0
14846,3732,4.0
14846,3945,4.0
14846,2775,3.0
14846,731,3.0
14846,5454,4.0
14846,3542,3.0
14846,2403,4.0
14846,3279,4.0
15148,2463,1.0
15148,5585,4.0
15148,4550,4.0
15148,1870,2.0
15268,2513,4.0
15268,25,5.0
15268,2436,5.0
15268,3949,5.0
15268,1631,4.0
15268,2383,5.0
15512,34,5.0
15512,3165,2.0
15512,3208,5.0
15512,1442,5.0
15521,5255,4.0
15521,45,2.0
15521,1713,2.0
15521,5259,3.0
15599,2344,5.0
15599,3504,2.0
15599,409,2.0
15599,5292,5.0
15621,1870,1.0
15621,44,5.0
15621,3523,5.0
15621,1410,1.0
15621,1410,1.0
15621,3455,4.0
15663,4464,5.0
15663,5111,5.0
15663,1442,2.0
15663,522,4.0
15663,2424,4.0
15663,189,2.0
15663,4088,5.0
15663,2963,4.0
15708,3277,4.0
15708,3208,4.0
15708,104,4.0
15708,1404,5.0
15708,2613,4.0
15708,25,5.0
15708,226,5.0
15732,686,5.0
15732,880,2.0
15732,4673,3.0
15732,3705,2.0
15732,4783,5.0
15732,3840,5.0
15732,725,3.0
15773,3842,5.0
15773,1775,4.0
15773,1441,2.0
15773,774,3.0
15857,918,5.0
15857,918,5.0
15857,918,5.0
15857,558,2.0
15859,3806,5.0
15859,2877,5.0
15859,2589,4.0
15859,2877,5.0
15859,2877,5.0
15943,339,4.0
15943,45,3.0
15943,5113,3.0
15943,5156,4.0
15943,104,4.0
15943,4717,4.0
15943,3123,2.0
15943,5260,2.0
16081,4254,4.0
16081,592,2.0
16081,4673,3.0
16081,4673,3.0
16084,2823,3.0
16084,1010,4.0
16084,5285,1.0
16084,4060,2.0
16234,3586,2.0
16234,2344,3.0
16234,24,5.0
16234,3586,1.0
16274,5058,3.0
16274,552,4.0
16274,2263,4.0
16274,341,4.0
16335,2417,5.0
16335,3143,5.0
16335,4088,5.0
16335,566,5.0
16335,122,5.0
16479,5270,3.0
16479,5643,4.0
16479,1940,4.0
16479,5250,3.0
16534,1442,4.0
16534,3165,4.0
16534,250,4.0
16534,1299,5.0
16559,4364,3.0
16559,2786,4.0
16559,3420,1.0
16559,1713,2.0
16559,45,3.0
16571,4464,5.0
16571,2307,5.0
16571,4012,5.0
16571,2557,4.0
16572,4550,4.0
16572,3751,4.0
16572,3455,5.0
16572,3586,3.0
16670,5169,4.0
16670,1186,4.0
16670,25,4.0
16670,1442,3.0
16681,3165,2.0
16681,1637,4.0
16681,3367,2.0
16681,4184,1.0
16821,904,5.0
16821,4088,3.0
16821,4226,3.0
16821,3143,4.0
16885,5493,3.0
16885,1260,4.0
16885,4634,4.0
16885,1178,3.0
17027,45,3.0
17027,3178,3.0
17027,1306,2.0
17027,678,5.0
17069,681,4.0
17069,3330,4.0
17069,3165,3.0
17069,5605,5.0
17118,3143,5.0
17118,904,5.0
17118,5111,5.0
17118,4088,5.0
17126,4634,4.0
17126,1477,3.0
17126,393,4.0
17126,1233,4.0
17126,3032,5.0
17126,4232,3.0
17126,1477,4.0
17126,4493,5.0
17126,4198,4.0
17126,250,4.0
17126,5855,5.0
17126,1442,4.0
17189,3732,5.0
17189,2132,4.0
17189,1631,4.0
17189,2775,4.0
17189,5278,4.0
17189,5168,4.0
17202,1914,5.0
17202,4634,4.0
17202,522,5.0
17202,24,5.0
17269,3455,1.0
17269,1870,1.0
17269,4143,4.0
17269,5812,4.0
17285,2138,4.0
17285,3590,3.0
17285,1820,3.0
17285,104,3.0
17309,5484,3.0
17309,3732,5.0
17309,1631,5.0
17309,789,4.0
17336,3949,4.0
17336,1164,5.0
17336,5746,3.0
17336,3165,4.0
17336,774,5.0
17336,5605,3.0
17336,2933,5.0
17336,1811,3.0
17336,3702,4.0
17336,5855,5.0
17336,1442,3.0
17336,104,4.0
17336,3736,1.0
17336,2513,4.0
17336,3038,3.0
17434,4634,5.0
17434,473,5.0
17434,3764,4.0
17434,2617,4.0
17434,798,3.0
17434,2344,2.0
17441,880,3.0
17441,1798,4.0
17441,4855,4.0
17441,5183,4.0
17441,880,3.0
17441,4088,4.0
17543,2141,4.0
17543,2052,5.0
17543,4729,5.0
17543,5450,4.0
17543,1093,5.0
17543,1489,5.0
17543,891,5.0
17543,4023,5.0
17543,4606,3.0
17543,1594,5.0
17570,4514,4.0
17570,3178,2.0
17570,1631,5.0
17570,5459,4.0
17578,1598,4.0
17578,522,1.0
17578,1260,3.0
17578,1373,4.0
17633,5463,1.0
17633,5463,3.0
17633,5463,1.0
17633,5463,1.0
17633,397,1.0
17633,397,2.0
17633,397,2.0
17633,397,1.0
17633,1870,5.0
17633,397,2.0
17633,397,1.0
17633,397,1.0
17633,397,1.0
17633,397,2.0
17633,44,2.0
17633,44,4.0
17633,44,5.0
17633,44,4.0
17633,3586,4.0
17633,44,2.0
17633,44,4.0
17678,4464,4.0
17678,5507,3.0
17678,4201,5.0
17678,2837,4.0
17680,2245,4.0
17680,5585,3.0
17680,5037,2.0
17680,5819,2.0
17745,5605,2.0
17745,1820,4.0
17745,774,5.0
17745,104,3.0
17816,4669,2.0
17816,39,1.0
17816,1312,3.0
17816,4669,1.0
17816,725,3.0
17824,2557,4.0
17824,522,4.0
17824,2946,4.0
17824,2284,3.0
17824,2294,4.0
18002,5268,4.0
18002,5528,4.0
18002,5112,4.0
18002,409,4.0
18228,2480,3.0
18228,4855,5.0
18228,4355,4.0
18228,880,5.0
18228,566,5.0
18228,5654,5.0
18228,4661,5.0
18234,3455,5.0
18234,5484,5.0
18234,1066,3.0
18234,1631,5.0
18234,1631,5.0
18280,150,4.0
18280,2718,3.0
18280,880,3.0
18280,3620,4.0
18280,4088,4.0
18280,9,3.0
18280,4254,4.0
18347,1707,3.0
18347,5725,4.0
18347,1824,3.0
18347,2957,3.0
18362,2307,4.0
18362,4802,4.0
18362,473,5.0
18362,137,3.0
18362,4845,5.0
18425,144,4.0
18425,4786,1.0
18425,104,5.0
18425,5260,3.0
18425,648,5.0
18444,1940,4.0
18444,4212,5.0
18444,1332,4.0
18444,3282,3.0
18452,4425,4.0
18452,809,1.0
18452,1199,4.0
18452,809,1.0
18482,1719,3.0
18482,4184,5.0
18482,1442,4.0
18482,104,5.0
18482,4567,5.0
18482,4165,4.0
18482,1924,4.0
18482,4359,5.0
18482,522,4.0
18482,3806,5.0
18482,1186,3.0
18482,880,4.0
18494,566,5.0
18494,5168,4.0
18494,3732,4.0
18494,3367,3.0
18494,4683,4.0
18494,1598,4.0
18494,4618,3.0
18512,566,4.0
18512,4485,2.0
18512,5710,4.0
18512,1798,2.0
18512,1798,2.0
18512,221,2.0
18512,5443,2.0
18512,2083,3.0
18516,880,2.0
18516,3732,5.0
18516,45,4.0
18516,4749,1.0
18516,1440,4.0
18539,3967,4.0
18539,1442,2.0
18539,2933,4.0
18539,774,5.0
18539,1413,3.0
18539,522,4.0
18612,2753,4.0
18612,4212,5.0
18612,4359,4.0
18612,2508,3.0
18681,3999,3.0
18681,2612,5.0
18681,1461,4.0
18681,2344,4.0
18763,4590,1.0
18763,4241,5.0
18763,2574,3.0
18763,4934,5.0
18779,2044,4.0
18779,799,3.0
18779,2307,4.0
18779,2557,4.0
18779,4671,5.0
18952,2294,4.0
18952,5843,4.0
18952,3228,5.0
18952,799,5.0
18952,369,4.0
18952,2612,4.0
18952,1413,4.0
18952,5292,4.0
19070,45,2.0
19070,3777,3.0
19070,989,3.0
19070,1093,3.0
19070,4143,3.0
19070,1870,2.0
19070,5585,3.0
19070,522,3.0
19070,5454,4.0
19100,2014,1.0
19100,4495,5.0
19100,904,5.0
19100,345,5.0
19142,3165,4.0
19142,3165,4.0
19142,5585,4.0
19142,1870,3.0
19142,4550,3.0
19142,3586,3.0
19142,3967,5.0
19142,5037,3.0
19142,3647,4.0
19142,1575,4.0
19142,614,5.0
19142,4143,4.0
19142,5450,3.0
19142,2010,5.0
19142,5851,3.0
19142,2463,5.0
19164,904,5.0
19164,5571,3.0
19164,3550,5.0
19164,2781,4.0
19164,3143,5.0
19167,2355,3.0
19167,4074,3.0
19167,1701,4.0
19167,3084,5.0
19201,5585,1.0
19201,3586,1.0
19201,1870,1.0
19201,4550,1.0
19201,5037,3.0
19201,2463,2.0
19201,1870,1.0
19201,5585,1.0
19238,5697,4.0
19238,5037,2.0
19238,5585,4.0
19238,4550,4.0
19254,3732,5.0
19254,2775,4.0
19254,1003,2.0
19254,5215,4.0
19254,1152,3.0
19266,490,2.0
19266,3889,1.0
19266,3889,1.0
19266,3455,5.0
19311,2622,4.0
19311,1940,4.0
19311,5112,3.0
19311,683,5.0
19311,4683,4.0
19311,596,4.0
19311,522,3.0
19311,1178,4.0
19311,3055,5.0
19328,5649,2.0
19328,5649,2.0
19328,607,1.0
19328,4506,3.0
19347,2109,4.0
19347,4088,4.0
19347,2373,4.0
19347,5746,3.0
19385,4593,4.0
19385,3732,4.0
19385,2426,2.0
19385,5278,4.0
19385,789,4.0
19385,5431,4.0
19437,2775,1.0
19437,4850,3.0
19437,3586,2.0
19437,2775,1.0
19461,3143,5.0
19461,4294,4.0
19461,104,4.0
19461,3822,5.0
19461,25,5.0
19461,2660,4.0
19461,5586,4.0
19461,880,4.0
19461,4088,5.0
19461,497,2.0
19461,5360,5.0
19508,5347,3.0
19508,652,5.0
19508,2877,3.0
19508,4359,4.0
19750,3586,2.0
19750,5585,3.0
19750,3586,4.0
19750,1870,4.0
19751,1396,3.0
19751,2344,4.0
19751,1114,4.0
19751,4791,4.0
19849,4495,5.0
19849,431,5.0
19849,4997,5.0
19849,5697,5.0
19851,4427,5.0
19851,686,5.0
19851,4427,5.0
19851,4673,4.0
19851,3620,4.0
19851,2781,3.0
19851,2191,5.0
19851,2909,1.0
19870,3398,3.0
19870,5625,3.0
19870,4495,4.0
19870,45,2.0
19881,45,4.0
19881,880,4.0
19881,1260,4.0
19881,2589,5.0
19931,4779,4.0
19931,3143,5.0
19931,5022,5.0
19931,4088,5.0
20191,345,3.0
20191,2654,5.0
20191,4656,5.0
20191,1804,1.0
20191,3438,4.0
20191,4673,4.0
20191,2781,4.0
20191,5571,4.0
20191,2109,1.0
20191,3705,5.0
20191,2417,2.0
20191,4088,5.0
20191,4088,5.0
20259,3029,5.0
20259,904,5.0
20259,2751,1.0
20259,5128,5.0
20330,2044,4.0
20330,604,4.0
20330,2557,5.0
20330,5168,5.0
20339,4673,4.0
20339,2085,5.0
20339,4673,4.0
20339,2581,4.0
20339,3705,4.0
20339,4464,4.0
20339,2109,4.0
20339,3143,5.0
20339,4673,4.0
20339,2781,4.0
20339,558,5.0
20339,5035,5.0
20429,1775,4.0
20429,1820,5.0
20429,5083,5.0
20429,4254,4.0
20450,3165,5.0
20450,3119,5.0
20450,5833,4.0
20450,723,4.0
20514,104,4.0
20514,774,3.0
20514,2430,4.0
20514,1961,3.0
20567,2355,5.0
20567,2653,3.0
20567,219,2.0
20567,1133,4.0
20567,2355,2.0
20722,3732,3.0
20722,2112,4.0
20722,2359,5.0
20722,512,2.0
20727,2255,2.0
20727,5768,4.0
20727,4073,3.0
20727,3777,3.0
20769,5044,4.0
20769,104,3.0
20769,2138,5.0
20769,2613,4.0
20855,5111,5.0
20855,5035,4.0
20855,4970,4.0
20855,2760,5.0
20986,299,3.0
20986,2643,4.0
20986,4257,3.0
20986,1343,5.0
20986,4463,3.0
20986,1093,4.0
21039,5656,5.0
21039,5052,4.0
21039,122,4.0
21039,1783,4.0
21247,4550,4.0
21247,2463,4.0
21247,2245,1.0
21247,4550,3.0
21253,1054,5.0
21253,678,4.0
21253,2513,5.0
21253,678,1.0
21253,45,3.0
21253,5772,2.0
21253,163,4.0
21371,3523,4.0
21371,44,5.0
21371,5037,4.0
21371,2463,4.0
21393,1331,3.0
21393,3287,4.0
21393,45,2.0
21393,1422,5.0
21456,5747,4.0
21456,5423,4.0
21456,1683,5.0
21456,1436,3.0
21456,5747,5.0
21544,1637,5.0
21544,5605,4.0
21544,1385,4.0
21544,5081,4.0
21544,104,5.0
21544,1820,5.0
21544,5312,4.0
21544,1442,5.0
21637,61,1.0
21637,61,4.0
21637,5641,1.0
21637,2344,4.0
21718,4123,4.0
21718,522,4.0
21718,798,3.0
21718,3651,3.0
21718,2589,5.0
21718,2178,2.0
21733,3732,4.0
21733,3178,4.0
21733,45,3.0
21733,5123,2.0
21733,262,2.0
21759,5039,4.0
21759,2083,3.0
21759,879,3.0
21759,1164,4.0
21759,104,4.0
21759,4786,3.0
21781,581,5.0
21781,478,3.0
21781,45,3.0
21781,1442,2.0
21819,4235,2.0
21819,25,5.0
21819,3310,5.0
21819,1442,4.0
21819,1304,5.0
22061,847,4.0
22061,5379,3.0
22061,5585,3.0
22061,2574,4.0
22298,3081,4.0
22298,3004,5.0
22298,3081,3.0
22298,4432,3.0
22298,2360,5.0
22348,904,5.0
22348,3143,5.0
22348,1756,3.0
22348,4088,5.0
22394,3622,5.0
22394,4847,3.0
22394,5585,5.0
22394,2848,2.0
22412,5168,4.0
22412,3241,2.0
22412,1738,4.0
22412,3806,4.0
22412,2083,3.0
22412,24,4.0
22443,1487,3.0
22443,3237,4.0
22443,907,4.0
22443,1968,5.0
22483,2463,4.0
22483,1870,5.0
22483,5819,3.0
22483,5585,3.0
22521,4565,4.0
22521,4565,4.0
22521,4505,5.0
22521,4505,5.0
22575,5443,2.0
22575,522,4.0
22575,880,3.0
22575,566,5.0
22575,4618,4.0
22575,3732,4.0
22575,1306,3.0
22664,361,5.0
22664,5605,3.0
22664,1820,5.0
22664,1450,4.0
22828,1782,1.0
22828,860,4.0
22828,2178,4.0
22828,4624,3.0
22971,3732,4.0
22971,1498,2.0
22971,45,2.0
22971,469,5.0
23009,4122,5.0
23009,2557,4.0
23009,45,2.0
23009,342,3.0
23009,774,4.0
23009,5656,5.0
23069,1298,4.0
23069,3143,5.0
23069,4994,4.0
23069,150,1.0
23192,550,5.0
23192,4671,5.0
23192,832,5.0
23192,228,5.0
23271,566,5.0
23271,1442,4.0
23271,3136,5.0
23271,4345,4.0
23271,725,4.0
23271,5083,3.0
23271,1102,5.0
23321,1767,5.0
23321,44,5.0
23321,3523,2.0
23321,1870,5.0
23376,880,3.0
23376,4523,2.0
23376,714,4.0
23376,2355,3.0
23376,5292,3.0
23376,4471,4.0
23376,1442,3.0
23376,4833,3.0
23474,904,5.0
23474,679,4.0
23474,4567,4.0
23474,5130,4.0
23476,4791,5.0
23476,1775,4.0
23476,4184,4.0
23476,3330,4.0
23539,473,5.0
23539,24,5.0
23539,2344,4.0
23539,3136,5.0
23539,1385,4.0
23539,104,2.0
23554,3143,5.0
23554,4088,5.0
23554,2085,5.0
23554,2109,3.0
23606,5450,5.0
23606,5585,1.0
23606,1759,3.0
23606,2848,5.0
23606,5585,1.0
23606,4550,1.0
23606,3647,5.0
23606,4216,3.0
23606,4847,5.0
23606,3586,5.0
23606,5037,2.0
23606,44,3.0
23606,1189,2.0
23606,465,4.0
23606,2463,4.0
23606,1870,5.0
23622,1195,4.0
23622,180,4.0
23622,478,3.0
23622,5360,5.0
23624,3967,3.0
23624,5697,5.0
23624,5585,4.0
23624,44,3.0
23870,980,1.0
23870,5585,4.0
23870,5585,4.0
23870,5585,3.0
23881,71,1.0
23881,765,3.0
23881,5168,3.0
23881,5168,4.0
23892,2933,2.0
23892,51,5.0
23892,1637,5.0
23892,5398,5.0
23899,3944,4.0
23899,4610,5.0
23899,3081,4.0
23899,5499,3.0
23926,1729,5.0
23926,4634,4.0
23926,24,5.0
23926,5268,4.0
23985,596,5.0
23985,3999,5.0
23985,122,5.0
23985,4911,5.0
24074,522,4.0
24074,4023,2.0
24074,2622,4.0
24074,2617,4.0
24099,2468,4.0
24099,1133,3.0
24099,1152,4.0
24099,2508,4.0
24182,5062,5.0
24182,1332,4.0
24182,104,4.0
24182,2257,4.0
24363,5374,4.0
24363,3282,3.0
24363,1332,4.0
24363,1961,3.0
24363,3568,4.0
24363,1332,4.0
24363,4198,3.0
24363,5625,3.0
24363,3840,5.0
24363,901,4.0
24363,907,3.0
24363,3405,3.0
24462,5585,4.0
24462,1189,4.0
24462,3647,4.0
24462,5037,3.0
24510,3732,5.0
24510,4369,4.0
24510,566,4.0
24510,686,4.0
24510,880,3.0
24510,522,4.0
24520,5398,5.0
24520,1828,5.0
24520,4683,5.0
24520,3927,5.0
24620,2325,4.0
24620,1399,4.0
24620,2618,3.0
24620,5605,3.0
24620,1399,4.0
24620,1442,3.0
24620,5390,4.0
24620,681,4.0
24627,2450,4.0
24627,2775,3.0
24627,5168,5.0
24627,3732,5.0
24627,2184,5.0
24627,45,2.0
24627,1417,3.0
24627,5027,3.0
24627,45,3.0
24627,5454,3.0
24627,1631,4.0
24627,3417,3.0
24627,1478,4.0
24627,1555,5.0
24678,5201,5.0
24678,5360,5.0
24678,2085,5.0
24678,2581,4.0
24678,3143,5.0
24678,904,5.0
24678,2781,3.0
24723,5292,4.0
24723,1442,4.0
24723,774,4.0
24723,104,3.0
24732,5605,4.0
24732,1676,4.0
24732,239,1.0
24732,3949,4.0
24941,5037,3.0
24941,2245,2.0
24941,5819,2.0
24941,5585,3.0
24989,2463,4.0
24989,44,5.0
24989,4550,5.0
24989,3412,5.0
24989,2344,4.0
24989,4359,2.0
24989,440,4.0
24989,3939,5.0
25058,3801,4.0
25058,2541,5.0
25058,522,4.0
25058,1949,5.0
25075,1442,3.0
25075,2015,4.0
25075,3165,4.0
25075,4455,5.0
25213,4251,5.0
25213,4326,3.0
25213,473,5.0
25213,522,4.0
25213,1178,5.0
25213,3764,4.0
25213,24,4.0
25213,5302,4.0
25213,5617,5.0
25213,473,5.0
25213,2083,3.0
25213,1178,5.0
25213,2617,4.0
25213,4464,4.0
25213,5661,4.0
25213,798,3.0
25213,798,4.0
25345,5081,3.0
25345,3165,5.0
25345,879,4.0
25345,1186,1.0
25401,3133,4.0
25401,1312,3.0
25401,2284,2.0
25401,2524,3.0
25402,3209,3.0
25402,4825,3.0
25402,1919,2.0
25402,5643,2.0
25402,2006,3.0
25402,5449,3.0
25402,3737,3.0
25439,5001,5.0
25439,1310,5.0
25439,5488,5.0
25439,1432,5.0
25454,3165,5.0
25454,1385,4.0
25454,104,3.0
25454,3330,4.0
25503,2781,4.0
25503,3732,5.0
25503,2328,5.0
25503,880,5.0
25503,4855,4.0
25503,1917,5.0
25925,4534,5.0
25925,2557,5.0
25925,2307,5.0
25925,1710,5.0
25961,5585,3.0
25961,3933,4.0
25961,2463,4.0
25961,5585,3.0
26005,4406,1.0
26005,4550,2.0
26005,2182,2.0
26005,4227,3.0
26005,4406,3.0
26060,4183,1.0
26060,4183,1.0
26060,4254,2.0
26060,497,1.0
26066,4232,4.0
26066,2344,2.0
26066,522,4.0
26066,4755,4.0
26087,45,3.0
26087,45,4.0
26087,45,4.0
26087,5623,4.0
26087,4075,4.0
26087,3705,4.0
26087,2497,4.0
26087,5035,5.0
26087,5035,5.0
26087,880,4.0
26087,5454,4.0
26087,1812,4.0
26087,4227,3.0
26087,3335,4.0
26087,5528,4.0
26087,3582,3.0
26087,4088,5.0
26087,5111,5.0
26087,725,5.0
26087,2656,3.0
26087,786,4.0
26087,3777,4.0
26087,1093,4.0
26087,5160,4.0
26087,5658,5.0
26087,1152,5.0
26087,5690,5.0
26087,2109,4.0
26087,1348,4.0
26087,714,4.0
26087,978,5.0
26087,667,4.0
26087,891,4.0
26087,4896,2.0
26087,1713,3.0
26087,1739,2.0
26087,4779,4.0
26087,4634,5.0
26101,3398,5.0
26101,1696,4.0
26101,4184,5.0
26101,4639,4.0
26101,5840,3.0
26101,1608,5.0
26101,2344,4.0
26101,24,4.0
26293,2344,3.0
26293,4074,3.0
26293,5148,4.0
26293,774,5.0
26308,5450,4.0
26308,1343,3.0
26308,4293,1.0
26308,5292,2.0
26442,104,3.0
26442,2933,4.0
26442,5767,3.0
26442,3134,3.0
26574,5081,4.0
26574,4184,4.0
26574,4591,3.0
26574,5605,4.0
26574,4591,4.0
26574,2844,5.0
26574,3951,5.0
26574,5521,4.0
26574,1385,5.0
26574,3136,4.0
26574,5312,2.0
26574,1186,4.0
26574,2821,4.0
26574,1178,5.0
26574,228,5.0
26608,558,1.0
26608,4254,3.0
26608,1298,4.0
26608,566,4.0
26608,2909,2.0
26627,2344,3.0
26627,4634,3.0
26627,1178,4.0
26627,1178,4.0
26627,214,3.0
26641,1820,5.0
26641,3208,4.0
26641,1442,4.0
26641,61,5.0
26650,4543,5.0
26650,5175,4.0
26650,2178,5.0
26650,4073,5.0
26683,3143,4.0
26683,4251,3.0
26683,5450,2.0
26683,5044,3.0
26683,5336,4.0
26715,5528,2.0
26715,2248,4.0
26715,1093,4.0
26715,1190,3.0
26868,2463,3.0
26868,4495,4.0
26868,880,3.0
26868,4783,4.0
26868,4088,4.0
26868,857,4.0
26879,1239,5.0
26879,5571,2.0
26879,1756,4.0
26879,3143,5.0
26879,4673,2.0
26935,678,1.0
26935,3247,3.0
26935,1312,3.0
26935,723,2.0
27020,104,3.0
27020,483,4.0
27020,1600,3.0
27020,3165,4.0
27051,180,4.0
27051,5571,3.0
27051,3143,5.0
27051,5360,4.0
27051,5111,4.0
27051,2085,5.0
27051,4783,4.0
27051,369,4.0
27051,1195,4.0
27051,880,3.0
27051,4390,4.0
27051,3800,4.0
27051,748,5.0
27051,45,4.0
27051,2085,4.0
27051,4143,3.0
27051,2344,4.0
27051,4314,4.0
27051,1356,4.0
27051,1542,4.0
27064,499,5.0
27064,4693,5.0
27064,5270,5.0
27064,4693,5.0
27075,339,5.0
27075,4184,4.0
27075,2436,2.0
27075,4235,5.0
27075,4493,2.0
27121,5683,1.0
27121,5683,2.0
27121,1450,3.0
27121,4693,4.0
27121,453,3.0
27121,4997,2.0
27121,971,4.0
27121,2071,4.0
27121,1442,1.0
27121,596,2.0
27121,1860,3.0
27121,5031,4.0
27121,1642,3.0
27121,4097,3.0
27121,1733,3.0
27121,3209,4.0
27121,1190,1.0
27121,1108,3.0
27121,4364,3.0
27121,45,4.0
27275,1442,3.0
27275,5833,4.0
27275,4086,4.0
27275,3431,4.0
27275,2065,4.0
27492,5113,4.0
27492,4755,4.0
27492,3973,4.0
27492,907,5.0
27497,2083,3.0
27497,4593,4.0
27497,3614,3.0
27497,798,2.0
27497,5148,1.0
27548,2536,2.0
27548,4550,3.0
27548,4464,4.0
27548,5551,4.0
27613,369,3.0
27613,4550,3.0
27613,4406,3.0
27613,3279,4.0
27613,2182,4.0
27619,5450,2.0
27619,5585,4.0
27619,5697,4.0
27619,1189,2.0
27638,1798,3.0
27638,71,2.0
27638,3133,3.0
27638,3732,3.0
27638,1666,3.0
27638,5528,3.0
27638,3133,2.0
27638,4855,4.0
27638,4471,3.0
27638,2557,3.0
27691,4088,3.0
27691,904,3.0
27691,2085,5.0
27691,3143,5.0
27691,2240,4.0
27869,2508,3.0
27869,1975,5.0
27869,5855,5.0
27869,1676,5.0
28075,3758,2.0
28075,189,5.0
28075,3822,3.0
28075,552,4.0
28227,5390,5.0
28227,2227,5.0
28227,104,5.0
28227,4345,3.0
28227,4717,3.0
28227,2660,5.0
28227,2487,2.0
28227,3136,3.0
28227,1960,3.0
28227,3705,5.0
28227,880,4.0
28227,2126,2.0
28227,3993,2.0
28227,2083,3.0
28227,214,4.0
28227,45,3.0
28235,880,3.0
28235,3143,3.0
28235,4550,2.0
28235,3732,5.0
28256,4357,4.0
28256,2878,3.0
28256,4201,5.0
28256,2707,3.0
28256,4201,1.0
28256,5226,4.0
28296,2513,4.0
28296,2963,4.0
28296,457,4.0
28296,4359,5.0
28296,977,4.0
28313,2417,4.0
28313,4120,4.0
28313,3703,5.0
28313,104,4.0
28501,1450,4.0
28501,4825,3.0
28501,3737,2.0
28501,4429,3.0
28501,3209,4.0
28534,3143,5.0
28534,4453,5.0
28534,4695,5.0
28534,443,2.0
28534,781,4.0
28539,4600,5.0
28539,2612,4.0
28539,799,4.0
28539,1718,3.0
28539,1798,4.0
28539,1023,4.0
28539,1718,4.0
28539,2284,5.0
28539,1162,3.0
28539,1008,5.0
28539,45,5.0
28539,3650,5.0
28539,5183,5.0
28539,3705,3.0
28539,4355,4.0
28543,1683,5.0
28543,5747,5.0
28543,1093,5.0
28543,3081,4.0
28543,989,4.0
28543,360,5.0
28543,446,5.0
28543,4251,4.0
28543,1702,4.0
28543,2360,5.0
28543,5499,5.0
28543,401,5.0
28543,1436,4.0
28543,2643,5.0
28543,871,5.0
28662,3063,3.0
28662,5168,3.0
28662,900,5.0
28662,2270,5.0
28717,5488,5.0
28717,250,5.0
28717,5656,5.0
28717,5081,4.0
28938,3193,2.0
28938,900,5.0
28938,2424,5.0
28938,2440,3.0
28987,2680,4.0
28987,163,4.0
28987,757,2.0
28987,5683,2.0
28987,5685,3.0
29163,5833,4.0
29163,4567,3.0
29163,5390,5.0
29163,774,5.0
29169,880,5.0
29169,3117,5.0
29169,2781,5.0
29169,2656,5.0
29308,2407,4.0
29308,3586,4.0
29308,1870,3.0
29308,4143,4.0
29308,44,2.0
29322,686,5.0
29322,3029,5.0
29322,5360,5.0
29322,3143,5.0
29322,725,5.0
29322,4525,3.0
29383,473,5.0
29383,2344,4.0
29383,3764,5.0
29383,614,4.0
29445,5285,3.0
29445,522,4.0
29445,3398,4.0
29445,214,2.0
29457,1066,4.0
29457,3732,3.0
29457,4097,2.0
29457,45,2.0
29457,3732,4.0
29457,5700,5.0
29609,4911,3.0
29609,3165,3.0
29609,5083,5.0
29609,24,5.0
29764,3607,5.0
29764,4550,2.0
29764,5585,2.0
29764,3523,4.0
29764,44,5.0
29764,764,2.0
29764,2884,4.0
29764,4143,4.0
29823,1870,4.0
29823,1870,3.0
29823,1870,2.0
29823,1870,4.0
29858,1332,2.0
29858,4990,5.0
29858,2086,2.0
29858,45,1.0
29858,1002,4.0
29858,5559,3.0
29858,45,1.0
29858,45,1.0
29868,558,4.0
29868,5285,5.0
29868,5768,5.0
29868,5059,3.0
29884,3209,5.0
29884,404,5.0
29884,1919,5.0
29884,1450,5.0
29967,3063,4.0
29967,819,1.0
29967,2612,1.0
29967,2617,3.0
30014,5656,4.0
30014,2622,4.0
30014,1719,3.0
30014,104,3.0
30083,5360,4.0
30083,5111,5.0
30083,1696,1.0
30083,880,1.0
30083,3143,5.0
30159,2612,5.0
30159,2612,5.0
30159,2557,5.0
30159,2109,4.0
30180,1630,4.0
30180,2963,4.0
30180,45,3.0
30180,3237,3.0
30180,748,3.0
30180,1733,3.0
30180,757,4.0
30180,3209,4.0
30180,4830,4.0
30180,262,3.0
30180,1306,4.0
30180,1860,4.0
30340,1693,4.0
30340,499,4.0
30340,942,4.0
30340,3737,3.0
30340,393,4.0
30340,4514,4.0
30340,45,3.0
30340,1331,3.0
30340,4198,4.0
30340,2413,3.0
30340,971,3.0
30340,3113,4.0
30340,2006,3.0
30340,2248,4.0
30340,1450,4.0
30340,1422,4.0
30340,2513,4.0
30340,5643,3.0
30340,1891,4.0
30340,1733,3.0
30401,1783,4.0
30401,5797,4.0
30401,3209,4.0
30401,3474,5.0
30483,2773,3.0
30483,2707,3.0
30483,3777,2.0
30483,888,5.0
30483,5357,3.0
30483,115,4.0
30616,412,5.0
30616,1331,3.0
30616,4128,4.0
30616,3178,2.0
30812,1487,3.0
30812,4530,5.0
30812,3237,4.0
30812,3247,4.0
30812,4235,5.0
30812,5292,3.0
30812,1608,5.0
30812,5605,5.0
30813,5360,5.0
30813,5525,1.0
30813,5360,5.0
30813,1798,4.0
30813,3356,1.0
30813,3143,5.0
30813,4031,5.0
31124,3165,4.0
31124,342,4.0
31124,3136,4.0
31124,4567,5.0
31140,3732,5.0
31140,2823,3.0
31140,1320,4.0
31140,2037,4.0
31178,1707,3.0
31178,4806,4.0
31178,2957,4.0
31178,3055,5.0
31265,2245,1.0
31265,2770,5.0
31265,4143,4.0
31265,3622,2.0
31265,1189,1.0
31265,5819,2.0
31409,2101,3.0
31409,443,3.0
31409,799,3.0
31409,1765,3.0
31538,3455,4.0
31538,5450,1.0
31538,4216,1.0
31538,1189,2.0
31570,144,1.0
31570,3822,5.0
31570,1637,5.0
31570,483,1.0
31596,2015,2.0
31596,2933,5.0
31596,4235,4.0
31596,1641,5.0
31609,5130,1.0
31609,5130,1.0
31609,5130,1.0
31609,5130,1.0
31866,5037,4.0
31866,112,5.0
31866,799,3.0
31866,852,4.0
31866,3527,4.0
31866,4241,5.0
31866,478,3.0
31866,880,4.0
31866,3009,5.0
31866,45,4.0
31866,867,5.0
31898,270,3.0
31898,3700,3.0
31898,4632,3.0
31898,522,4.0
31927,5834,4.0
31927,1637,5.0
31927,5292,4.0
31927,774,5.0
31987,5111,5.0
31987,1613,5.0
31987,5169,5.0
31987,4717,5.0
31987,5169,5.0
31987,4157,5.0
31987,2888,5.0
31987,4359,5.0
31987,4567,4.0
31987,3208,4.0
32000,2508,5.0
32000,361,4.0
32000,596,2.0
32000,3313,3.0
32026,497,5.0
32026,1298,5.0
32026,3143,5.0
32026,1144,5.0
32026,5360,5.0
32026,4749,3.0
32129,1183,1.0
32129,1093,4.0
32129,798,4.0
32129,5302,5.0
32130,5176,5.0
32130,4829,5.0
32130,5083,5.0
32130,24,4.0
32163,2109,4.0
32163,2792,1.0
32163,3009,2.0
32163,1798,1.0
32286,734,3.0
32286,4530,4.0
32286,4359,4.0
32286,4073,3.0
32379,506,1.0
32379,506,1.0
32379,506,1.0
32379,506,1.0
32379,267,1.0
32476,4355,3.0
32476,4088,4.0
32476,880,2.0
32476,686,4.0
32494,4912,1.0
32494,32,2.0
32494,880,4.0
32494,989,2.0
32494,5507,4.0
32651,3136,4.0
32651,683,3.0
32651,61,4.0
32651,1600,4.0
32716,5833,3.0
32716,4755,4.0
32716,2173,3.0
32716,3335,1.0
32716,880,3.0
32884,4550,4.0
32884,4550,4.0
32884,1870,4.0
32884,5037,3.0
32918,4031,5.0
32918,3303,1.0
32918,5259,5.0
32918,5583,5.0
32918,4254,5.0
32918,3143,4.0
32918,369,4.0
32918,2654,2.0
32918,1380,4.0
32918,3398,3.0
32961,1093,3.0
32961,522,5.0
32961,514,5.0
32961,1884,1.0
32995,3123,5.0
32995,3123,5.0
32995,1310,4.0
32995,450,3.0
33176,3438,3.0
33176,3732,3.0
33176,3365,4.0
33176,3365,4.0
33193,1590,3.0
33193,3732,5.0
33193,4359,4.0
33193,3398,4.0
33193,4908,3.0
33193,3236,4.0
33194,2557,4.0
33194,2133,4.0
33194,5843,3.0
33194,5259,4.0
33194,3916,3.0
33311,4220,4.0
33311,4020,3.0
33311,4359,3.0
33311,1442,3.0
33311,4319,3.0
33399,5111,5.0
33399,5241,4.0
33399,3143,5.0
33399,904,5.0
33399,3800,3.0
33421,2181,5.0
33421,3637,1.0
33421,144,5.0
33421,2373,5.0
33608,44,1.0
33608,1917,1.0
33608,3751,5.0
33608,1917,5.0
33608,1917,1.0
33619,24,3.0
33619,522,3.0
33619,2581,2.0
33619,5582,4.0
33619,3398,2.0
33622,3637,2.0
33622,3123,5.0
33622,1442,1.0
33622,5493,5.0
33622,3165,5.0
33622,4805,3.0
33622,3136,3.0
33622,1442,4.0
33622,2821,5.0
34063,3614,5.0
34063,3614,3.0
34063,3133,5.0
34063,550,3.0
34124,1631,4.0
34124,2359,5.0
34124,1066,5.0
34124,3732,5.0
34195,2245,3.0
34195,2245,3.0
34195,2245,3.0
34195,2245,3.0
34305,4369,3.0
34305,2400,5.0
34305,163,4.0
34305,5267,5.0
34386,5629,4.0
34386,2817,4.0
34386,4057,5.0
34386,1891,4.0
34600,4235,5.0
34600,4717,5.0
34600,3205,3.0
34600,2829,5.0
34600,4031,5.0
34600,1298,5.0
34600,2085,4.0
34600,5111,4.0
34624,4968,4.0
34624,5292,4.0
34624,4968,3.0
34624,4664,4.0
34799,4020,4.0
34799,522,3.0
34799,1289,4.0
34799,2344,4.0
34799,4088,4.0
34799,5035,3.0
34799,5111,4.0
34866,4183,4.0
34866,1783,3.0
34866,2613,4.0
34866,4184,4.0
34866,4650,3.0
34866,3818,4.0
34866,3967,4.0
34866,2463,3.0
34968,1733,2.0
34968,5113,3.0
34968,3737,3.0
34968,1890,5.0
34968,5625,3.0
34968,3880,3.0
34968,1056,4.0
34992,2610,2.0
34992,3973,4.0
34992,1054,5.0
34992,5270,1.0
35002,2613,5.0
35002,1442,2.0
35002,228,5.0
35002,3736,4.0
35063,1665,5.0
35063,2133,4.0
35063,1870,3.0
35063,5647,3.0
35090,1361,4.0
35090,24,5.0
35090,5585,4.0
35090,4118,5.0
35112,2757,3.0
35112,299,1.0
35112,3828,5.0
35112,5044,4.0
35141,5819,2.0
35141,5450,4.0
35141,1767,5.0
35141,531,4.0
35141,44,4.0
35141,4143,5.0
35141,3647,3.0
35141,5835,4.0
35186,1891,4.0
35186,781,5.0
35186,4406,1.0
35186,1462,5.0
35187,4683,4.0
35187,5281,5.0
35187,5292,4.0
35187,5605,4.0
35187,5336,2.0
35187,1442,4.0
35187,1441,4.0
35187,3822,4.0
35187,4183,5.0
35187,5292,4.0
35198,4031,4.0
35198,880,4.0
35198,3209,4.0
35198,5551,3.0
35263,3208,5.0
35263,2618,4.0
35263,45,3.0
35263,522,3.0
35263,1442,3.0
35396,1820,5.0
35396,1314,5.0
35396,4813,5.0
35396,3260,5.0
35396,51,1.0
35452,792,5.0
35452,3600,1.0
35452,792,3.0
35452,4912,1.0
35461,2373,4.0
35461,3119,5.0
35461,4567,4.0
35461,4911,5.0
35461,3842,5.0
35528,2061,4.0
35528,1693,4.0
35528,5559,4.0
35528,2963,3.0
35569,393,4.0
35569,5214,3.0
35569,5062,2.0
35569,3247,3.0
35664,3662,4.0
35664,3474,5.0
35664,324,5.0
35664,4495,5.0
35664,5186,3.0
35664,4368,5.0
35664,809,5.0
35664,837,5.0
35664,4366,4.0
35664,227,5.0
35755,5278,5.0
35755,3542,4.0
35755,1133,2.0
35755,1812,4.0
35755,3732,5.0
35945,1671,3.0
35945,1162,3.0
35945,686,4.0
35945,4088,5.0
35945,522,4.0
35945,189,4.0
35974,1576,4.0
35974,3659,4.0
35974,650,5.0
35974,5111,4.0
35974,4254,5.0
36003,1178,5.0
36003,857,3.0
36003,3703,2.0
36003,189,2.0
36243,5647,2.0
36243,5772,4.0
36243,2097,5.0
36243,4020,5.0
36254,3523,4.0
36254,988,4.0
36254,3622,4.0
36254,4143,4.0
36256,2948,1.0
36256,2109,4.0
36256,4656,2.0
36256,305,3.0
36262,1186,2.0
36262,1442,1.0
36262,25,3.0
36262,3119,3.0
36262,3165,5.0
36262,2972,4.0
36262,596,4.0
36262,4157,3.0
36341,1642,4.0
36341,858,4.0
36341,3732,4.0
36341,522,3.0
36341,5083,3.0
36341,473,4.0
36341,5176,4.0
36341,210,3.0
36341,4604,4.0
36341,3398,2.0
36341,3999,2.0
36341,3136,3.0
36341,1442,3.0
36352,3732,5.0
36352,1843,3.0
36352,5168,5.0
36352,2355,3.0
36456,1442,2.0
36456,4097,1.0
36456,4097,2.0
36456,45,2.0
36456,4409,4.0
36456,4364,4.0
36456,361,4.0
36456,2723,4.0
36456,1577,5.0
36469,774,4.0
36469,4791,4.0
36469,250,5.0
36469,683,3.0
36471,5169,3.0
36471,1189,2.0
36471,465,2.0
36471,5250,4.0
36474,270,3.0
36474,5083,4.0
36474,4592,4.0
36474,3967,4.0
36474,61,3.0
36576,3633,4.0
36576,61,2.0
36576,4833,2.0
36576,522,2.0
36581,2089,4.0
36581,393,4.0
36581,45,4.0
36581,858,5.0
36581,3732,4.0
36581,4543,3.0
36581,4830,4.0
36581,880,4.0
36581,904,5.0
36581,3143,5.0
36581,4965,4.0
36581,4198,4.0
36581,1332,4.0
36817,144,1.0
36817,4038,5.0
36817,1442,4.0
36817,144,3.0
36856,144,4.0
36856,5647,4.0
36856,1629,1.0
36856,697,4.0
36860,2824,3.0
36860,3279,2.0
36860,858,4.0
36860,4675,5.0
36860,3732,4.0
36860,369,2.0
36860,1442,1.0
36861,723,2.0
36861,4990,4.0
36861,522,3.0
36861,1783,4.0
36861,4436,4.0
36867,2463,4.0
36867,2463,4.0
36867,880,1.0
36867,3335,3.0
37032,3187,5.0
37032,5039,3.0
37032,1133,1.0
37032,3330,4.0
37032,1442,3.0
37032,4731,3.0
37032,3365,4.0
37032,3136,5.0
37032,5605,4.0
37074,1489,5.0
37074,2616,5.0
37074,1940,5.0
37074,1442,4.0
37074,4155,5.0
37074,226,3.0
37074,4212,4.0
37074,1637,5.0
37089,1186,3.0
37089,5312,3.0
37089,1186,3.0
37089,122,4.0
37089,4172,3.0
37320,1489,5.0
37320,5083,5.0
37320,473,5.0
37320,189,4.0
37533,812,4.0
37533,2955,4.0
37533,3481,4.0
37533,4753,4.0
37584,4664,3.0
37584,858,5.0
37584,880,3.0
37584,2085,4.0
37780,4908,5.0
37780,1330,5.0
37780,3957,4.0
37780,2101,5.0
37780,4464,3.0
37780,3957,4.0
37780,2344,5.0
37780,24,5.0
37780,4604,5.0
37780,4359,5.0
37780,473,5.0
37812,250,5.0
37812,5250,4.0
37812,3064,4.0
37812,5484,2.0
37863,4729,5.0
37863,2757,2.0
37863,3455,3.0
37863,5037,5.0
37863,4550,4.0
37863,2972,5.0
37949,1870,3.0
37949,5037,3.0
37949,3647,4.0
37949,3647,2.0
37949,5450,5.0
37949,5585,3.0
37949,44,4.0
37949,1189,2.0
37949,1870,3.0
37949,341,5.0
37949,2463,4.0
37949,5819,3.0
37949,2245,3.0
37949,1020,3.0
37949,4143,4.0
37949,3455,4.0
37949,5819,3.0
37949,5065,3.0
37949,5835,3.0
37949,44,4.0
37949,3455,4.0
37949,5585,3.0
37949,4550,3.0
37949,3647,3.0
37949,1870,3.0
37964,4208,4.0
37964,1891,4.0
37964,45,3.0
37964,534,3.0
37984,4406,2.0
37984,2168,3.0
37984,5459,3.0
37984,4896,3.0
38017,473,5.0
38017,3143,4.0
38017,4088,4.0
38017,2406,4.0
38102,1054,3.0
38102,5685,1.0
38102,440,2.0
38102,2097,2.0
38102,5278,3.0
38102,2005,2.0
38218,5683,1.0
38218,2907,5.0
38218,2413,3.0
38218,5031,4.0
38218,2480,5.0
38218,1306,1.0
38218,4543,4.0
38218,3736,4.0
38218,1190,3.0
38218,2835,5.0
38218,569,4.0
38218,4097,5.0
38218,678,1.0
38218,5153,3.0
38218,5153,4.0
38218,5375,3.0
38338,2480,5.0
38338,4825,5.0
38338,3484,5.0
38338,4304,5.0
38349,5797,3.0
38349,3603,2.0
38349,1642,1.0
38349,2837,3.0
38433,3119,2.0
38433,3119,3.0
38433,250,3.0
38433,3119,4.0
38433,3646,2.0
38548,2381,3.0
38548,522,3.0
38548,5819,2.0
38548,3586,2.0
38549,4183,5.0
38549,3999,3.0
38549,3165,4.0
38549,5833,3.0
38549,5292,3.0
38549,144,5.0
38549,1442,3.0
38549,3974,5.0
38549,4184,5.0
38549,5052,5.0
38549,339,3.0
38593,2355,2.0
38593,4904,1.0
38593,45,3.0
38593,2508,3.0
38593,3279,4.0
38611,473,5.0
38611,5176,5.0
38611,5083,5.0
38611,4359,5.0
38651,1482,5.0
38651,1442,3.0
38651,880,4.0
38651,5068,4.0
38651,45,3.0
38651,748,4.0
38651,4006,3.0
38651,3732,4.0
38754,2360,5.0
38754,5039,4.0
38754,2360,5.0
38754,5035,5.0
38794,1914,5.0
38794,1235,3.0
38794,5044,3.0
38794,5423,4.0
38913,3647,4.0
38913,4216,3.0
38913,5037,2.0
38913,4550,3.0
38923,5450,4.0
38923,5585,4.0
38923,1870,4.0
38923,5037,2.0
38951,4771,5.0
38951,3653,4.0
38951,5398,5.0
38951,25,5.0
39022,1144,5.0
39022,5037,2.0
39022,45,1.0
39022,465,2.0
39070,1133,4.0
39070,5292,3.0
39070,496,3.0
39070,496,2.0
39223,757,4.0
39223,880,2.0
39223,757,4.0
39223,45,3.0
39223,45,4.0
39230,522,1.0
39230,4677,1.0
39230,1341,4.0
39230,45,4.0
39238,3732,5.0
39238,2775,5.0
39238,5292,4.0
39238,1341,5.0
39332,189,4.0
39332,5176,4.0
39332,4359,4.0
39332,2888,3.0
39340,3084,4.0
39340,817,4.0
39340,1631,4.0
39340,3732,5.0
39340,5168,5.0
39340,3133,3.0
39340,1066,3.0
39340,5702,4.0
39340,4884,4.0
39340,2013,4.0
39340,2078,2.0
39340,5106,4.0
39415,1629,4.0
39415,357,4.0
39415,4212,5.0
39415,5833,4.0
39415,4683,2.0
39415,5037,3.0
39415,1870,4.0
39415,5112,3.0
39415,912,3.0
39415,4589,3.0
39415,714,3.0
39602,2463,5.0
39602,2463,3.0
39602,2463,5.0
39602,5585,4.0
39763,5604,1.0
39763,5604,1.0
39763,5604,1.0
39763,5604,1.0
39865,4543,5.0
39865,1683,5.0
39865,4227,3.0
39865,1093,5.0
39906,2844,5.0
39906,2844,1.0
39906,2219,1.0
39906,3123,1.0
39927,4235,1.0
39927,250,4.0
39927,4348,2.0
39927,5484,3.0
39927,888,3.0
39927,1442,3.0
39927,1189,2.0
39927,2288,4.0
39927,522,4.0
39927,45,5.0
39927,4543,4.0
39927,457,4.0
39952,5390,3.0
39952,2531,3.0
39952,5169,5.0
39952,381,3.0
39952,2362,4.0
39989,596,1.0
39989,2344,5.0
39989,4550,1.0
39989,4550,1.0
40059,4184,3.0
40059,4825,4.0
40059,2255,4.0
40059,104,3.0
40269,5083,5.0
40269,473,5.0
40269,4184,4.0
40269,3703,3.0
40269,4088,4.0
40269,24,4.0
40269,2344,4.0
40279,3661,3.0
40279,2462,4.0
40279,2992,4.0
40279,2612,4.0
40279,1738,3.0
40343,5746,1.0
40343,104,1.0
40343,144,3.0
40343,3136,4.0
40457,4464,4.0
40457,3700,3.0
40457,189,4.0
40457,1011,3.0
40457,2557,4.0
40457,1762,2.0
40457,4671,3.0
40457,3732,5.0
40464,1442,4.0
40464,1302,5.0
40464,409,4.0
40464,1820,5.0
40464,4455,5.0
40497,522,4.0
40497,522,4.0
40497,5375,2.0
40497,522,5.0
40497,522,5.0
40497,3213,2.0
40497,2083,1.0
40497,3764,5.0
40497,2424,5.0
40497,522,5.0
40497,522,5.0
40497,45,3.0
40497,45,4.0
40497,2424,5.0
40497,2344,5.0
40497,5249,2.0
40497,3806,4.0
40497,4165,5.0
40497,1714,4.0
40497,5212,1.0
40497,1714,1.0
40512,4610,2.0
40512,5725,4.0
40512,1093,4.0
40512,3716,4.0
40512,3055,5.0
40512,446,3.0
40541,221,5.0
40541,3165,4.0
40541,1399,4.0
40541,2933,5.0
40578,1201,2.0
40578,522,5.0
40578,1201,4.0
40578,45,2.0
40591,1489,5.0
40591,871,3.0
40591,4610,5.0
40591,4432,4.0
40592,5168,4.0
40592,1411,5.0
40592,3806,4.0
40592,4845,4.0
40650,2288,2.0
40650,1312,3.0
40650,3484,4.0
40650,5312,3.0
40650,2933,5.0
40650,5605,5.0
40662,3165,4.0
40662,5705,4.0
40662,1819,4.0
40662,1314,4.0
40662,4455,3.0
40756,904,5.0
40756,5344,3.0
40756,1114,2.0
40756,522,3.0
40895,1066,4.0
40895,1752,3.0
40895,5855,4.0
40895,1442,4.0
40907,2651,4.0
40907,104,3.0
40907,2138,4.0
40907,5398,2.0
41153,409,4.0
41153,2937,1.0
41153,5214,4.0
41153,4194,4.0
41176,45,1.0
41176,1190,5.0
41176,1011,3.0
41176,2417,4.0
41176,942,4.0
41176,1891,4.0
41187,1730,3.0
41187,1442,3.0
41187,3165,3.0
41187,3279,3.0
41269,5571,1.0
41269,3143,5.0
41269,904,5.0
41269,558,3.0
41276,1442,3.0
41276,596,2.0
41276,3702,4.0
41276,104,4.0
41328,2988,3.0
41328,45,3.0
41328,3209,4.0
41328,1450,4.0
41328,3247,4.0
41351,3209,3.0
41351,1733,2.0
41351,3737,3.0
41351,393,5.0
41356,522,4.0
41356,958,3.0
41356,3081,5.0
41356,880,2.0
41356,4485,4.0
41356,5111,5.0
41356,5241,5.0
41356,5710,4.0
41356,45,1.0
41356,996,4.0
41402,2775,1.0
41402,5767,5.0
41402,3971,1.0
41402,3165,1.0
41435,2832,5.0
41435,226,5.0
41435,2929,2.0
41435,5169,5.0
41456,361,4.0
41456,1002,3.0
41456,4693,2.0
41456,4198,4.0
41456,1693,4.0
41456,45,3.0
41473,1719,4.0
41473,3523,2.0
41473,4054,2.0
41473,3933,4.0
41686,1902,2.0
41686,2877,4.0
41686,522,5.0
41686,2589,5.0
41865,4235,2.0
41865,1298,5.0
41865,3590,5.0
41865,104,5.0
41875,774,3.0
41875,2417,4.0
41875,3705,4.0
41875,5168,4.0
41875,4505,3.0
41875,4398,4.0
41875,774,5.0
41875,1144,4.0
42087,4717,5.0
42087,4146,5.0
42087,4184,5.0
42087,104,4.0
42167,2085,5.0
42167,3143,5.0
42167,2085,5.0
42167,497,4.0
42209,4761,2.0
42209,2085,5.0
42209,3700,3.0
42209,904,5.0
42209,3705,2.0
42283,3732,4.0
42283,695,5.0
42283,858,5.0
42283,3732,4.0
42311,3647,1.0
42311,3586,1.0
42311,5835,5.0
42311,5585,1.0
42566,4550,4.0
42566,5585,4.0
42566,3455,4.0
42566,2245,3.0
42566,2245,2.0
42566,5819,3.0
42566,44,3.0
42566,2463,4.0
42566,1799,4.0
42601,2992,1.0
42601,1613,5.0
42601,1442,5.0
42601,45,1.0
42821,5656,4.0
42821,3134,3.0
42821,4495,3.0
42821,4364,4.0
42842,2557,4.0
42842,4534,5.0
42842,5753,4.0
42842,5496,5.0
42842,2294,4.0
42899,4673,4.0
42899,41,5.0
42899,904,3.0
42899,331,3.0
42899,5360,5.0
42899,41,5.0
42899,5554,4.0
42899,1195,4.0
43039,4771,2.0
43039,4771,2.0
43039,880,4.0
43039,4855,2.0
43039,522,5.0
43043,3586,4.0
43043,4550,4.0
43043,3647,4.0
43043,5215,2.0
43043,604,4.0
43043,4122,4.0
43043,5725,4.0
43043,566,4.0
43070,45,2.0
43070,4086,4.0
43070,1442,4.0
43070,5292,3.0
43070,522,4.0
43070,4530,3.0
43122,4717,5.0
43122,1940,4.0
43122,4235,2.0
43122,3165,2.0
43192,681,5.0
43192,774,5.0
43192,879,5.0
43192,2872,3.0
43192,3457,5.0
43192,522,5.0
43192,452,2.0
43192,24,5.0
43192,473,4.0
43192,5745,5.0
43192,4088,5.0
43192,129,4.0
43192,1395,5.0
43192,3089,5.0
43192,1576,5.0
43192,5670,3.0
43192,3806,5.0
43203,2187,5.0
43203,3737,1.0
43203,5604,5.0
43203,45,3.0
43325,2557,4.0
43325,5259,4.0
43325,2307,5.0
43325,4534,5.0
43325,4464,4.0
43325,4464,5.0
43325,3503,4.0
43325,3503,4.0
43325,4359,4.0
43325,3398,3.0
43325,2085,5.0
43325,4088,4.0
43325,904,5.0
43325,4453,5.0
43325,45,5.0
43325,1798,3.0
43325,604,5.0
43325,5254,4.0
43325,1729,5.0
43325,2557,5.0
43325,1710,5.0
43325,671,5.0
43325,5135,5.0
43325,3247,3.0
43325,1783,5.0
43336,3999,5.0
43336,1164,5.0
43336,1442,3.0
43336,4601,4.0
43383,2612,5.0
43383,2557,2.0
43383,781,4.0
43383,2109,4.0
43383,2612,5.0
43383,203,4.0
43383,1613,5.0
43383,1023,2.0
43390,1442,3.0
43390,4184,2.0
43390,4911,4.0
43390,1186,4.0
43404,4581,4.0
43404,1189,5.0
43404,4665,4.0
43404,357,5.0
43404,1404,5.0
43404,4717,5.0
43404,3974,5.0
43490,4634,4.0
43490,2344,5.0
43490,473,5.0
43490,5176,4.0
43490,5083,4.0
43490,5747,5.0
43490,5499,5.0
43554,4023,5.0
43554,25,5.0
43554,3136,5.0
43554,1940,5.0
43554,5390,5.0
43554,5521,5.0
43567,3732,5.0
43567,221,5.0
43567,1843,3.0
43567,2348,4.0
43567,5491,3.0
43567,1555,5.0
43567,4618,5.0
43567,858,5.0
43587,4872,4.0
43587,880,3.0
43587,2328,4.0
43587,497,2.0
43662,2013,4.0
43662,5419,4.0
43662,4436,4.0
43662,2344,3.0
43662,2426,3.0
43662,2877,4.0
43662,4634,4.0
43662,3342,4.0
43884,1641,5.0
43884,5112,3.0
43884,25,4.0
43884,104,3.0
43890,5723,3.0
43890,5176,4.0
43890,5753,4.0
43890,4088,4.0
43890,1730,3.0
43890,1442,3.0
43890,5605,4.0
43890,4683,3.0
43890,503,3.0
43890,221,5.0
43890,1783,3.0
43890,4453,4.0
43890,5068,3.0
43890,3143,4.0
43930,3620,4.0
43930,3620,4.0
43930,1195,3.0
43930,2781,4.0
43930,3143,5.0
43930,566,4.0
43930,2191,3.0
43930,3517,4.0
43930,4749,5.0
43930,4673,2.0
43930,686,5.0
43930,4673,2.0
43930,4525,3.0
43946,3165,4.0
43946,1442,4.0
43946,2154,4.0
43946,1783,4.0
43997,4073,5.0
43997,4194,4.0
43997,4194,4.0
43997,1593,4.0
44004,4143,4.0
44004,5851,3.0
44004,5585,4.0
44004,490,4.0
44004,2463,5.0
44004,44,5.0
44004,3523,5.0
44004,44,5.0
44038,3840,2.0
44038,5585,4.0
44038,3586,5.0
44038,1331,4.0
44068,4235,4.0
44068,4455,5.0
44068,2926,5.0
44068,4120,5.0
44068,1600,4.0
44068,4455,5.0
44068,4771,2.0
44068,2821,5.0
44068,5061,5.0
44099,5000,3.0
44099,1164,5.0
44099,3165,4.0
44099,1843,5.0
44100,3143,4.0
44100,3136,5.0
44100,5521,3.0
44100,2935,4.0
44100,888,3.0
44118,4593,4.0
44118,581,4.0
44118,4593,4.0
44118,4593,4.0
44120,1337,2.0
44120,2054,2.0
44120,1337,4.0
44120,2054,5.0
44172,4990,3.0
44172,5275,4.0
44172,2392,4.0
44172,1332,3.0
44172,2089,3.0
44172,2169,4.0
44196,279,4.0
44196,1748,4.0
44196,4304,3.0
44196,2178,4.0
44196,4304,1.0
44196,3806,4.0
44204,2307,4.0
44204,2557,5.0
44204,3241,4.0
44204,4464,5.0
44210,1702,5.0
44210,4251,4.0
44210,3081,1.0
44210,3081,1.0
44276,811,1.0
44276,1631,4.0
44276,2182,4.0
44276,2199,3.0
44276,1598,4.0
44276,3732,4.0
44276,4994,4.0
44276,1066,5.0
44339,1003,3.0
44339,2557,3.0
44339,2864,3.0
44339,3209,5.0
44339,45,3.0
44339,4430,3.0
44339,2942,4.0
44339,1442,2.0
44473,2948,4.0
44473,1312,5.0
44473,3488,3.0
44473,1637,5.0
44503,5488,4.0
44503,1600,4.0
44503,4312,4.0
44503,3136,3.0
44510,5108,4.0
44510,907,4.0
44510,4184,5.0
44510,5398,3.0
44531,3680,5.0
44531,3732,5.0
44531,3732,5.0
44531,4954,4.0
44531,3705,3.0
44531,4088,4.0
44531,2942,5.0
44531,25,5.0
44531,5454,4.0
44531,45,2.0
44531,1003,3.0
44531,1631,4.0
44531,858,5.0
44531,5168,4.0
44531,4075,4.0
44531,817,5.0
44531,789,4.0
44531,3417,4.0
44531,900,5.0
44531,1159,3.0
44531,4167,4.0
44531,2426,3.0
44531,2775,3.0
44531,5148,4.0
44534,5484,1.0
44534,3193,4.0
44534,5768,5.0
44534,3732,5.0
44534,5168,3.0
44587,4634,2.0
44587,2344,3.0
44587,3398,3.0
44587,5753,4.0
44634,2933,4.0
44634,2832,2.0
44634,4235,5.0
44634,4717,1.0
44634,2933,5.0
44694,3840,5.0
44694,4997,2.0
44694,748,5.0
44694,748,1.0
44707,1442,3.0
44707,5647,4.0
44707,5292,3.0
44707,774,5.0
44707,1164,3.0
44707,1159,5.0
44739,1637,4.0
44739,1914,5.0
44739,24,4.0
44739,3846,5.0
44739,4359,4.0
44870,4635,5.0
44870,5080,5.0
44870,2182,4.0
44870,3517,5.0
44998,4183,5.0
44998,5647,3.0
44998,1730,5.0
44998,774,5.0
45014,5139,3.0
45014,4503,3.0
45014,5139,2.0
45014,4503,3.0
45033,3,5.0
45033,1442,4.0
45033,5390,4.0
45033,4683,4.0
45098,2661,3.0
45098,2610,4.0
45098,1356,5.0
45098,880,2.0
45098,4954,3.0
45098,1713,2.0
45098,483,4.0
45098,5450,1.0
45098,5459,4.0
45105,3209,5.0
45105,3737,3.0
45105,45,3.0
45105,5683,4.0
45226,5683,3.0
45226,393,3.0
45226,1903,3.0
45226,4781,3.0
45226,1860,2.0
45230,305,4.0
45230,1195,5.0
45230,3550,2.0
45230,497,5.0
45230,904,5.0
45230,4566,5.0
45230,1348,1.0
45230,880,3.0
45262,1164,5.0
45262,4184,4.0
45262,1775,5.0
45262,24,5.0
45262,473,5.0
45312,45,1.0
45312,4201,1.0
45312,4830,4.0
45312,2396,3.0
45387,447,3.0
45387,45,2.0
45387,4997,4.0
45387,4208,4.0
45413,4505,2.0
45413,144,4.0
45413,1358,1.0
45413,5504,3.0
45501,1940,4.0
45501,558,3.0
45501,478,2.0
45501,5111,5.0
45528,4786,3.0
45528,2288,5.0
45528,1629,5.0
45528,2288,5.0
45528,5273,5.0
45528,1629,5.0
45571,1940,2.0
45571,4235,4.0
45571,5855,4.0
45571,5336,4.0
45571,1637,1.0
45572,1189,3.0
45572,1093,3.0
45572,446,2.0
45572,5585,4.0
45579,1314,2.0
45579,2373,4.0
45579,1442,2.0
45579,2661,2.0
45579,3136,5.0
45579,5755,3.0
45579,5755,2.0
45579,1314,2.0
45579,2890,2.0
45579,5605,3.0
45579,4172,3.0
45579,2058,1.0
45579,2058,3.0
45579,5312,1.0
45579,2196,5.0
45579,3202,4.0
45579,2953,4.0
45581,2557,4.0
45581,2307,5.0
45581,4073,4.0
45581,3398,4.0
45650,1442,2.0
45650,5767,1.0
45650,104,5.0
45650,5605,5.0
45650,1676,3.0
45717,774,5.0
45717,3999,3.0
45717,3064,4.0
45717,3552,4.0
45838,1239,3.0
45838,4662,1.0
45838,880,3.0
45838,2328,1.0
45862,4464,5.0
45862,1765,5.0
45862,2284,4.0
45862,858,5.0
45917,3758,2.0
45917,596,1.0
45917,561,4.0
45917,4911,4.0
45925,4717,3.0
45925,5647,3.0
45925,5278,3.0
45925,1442,4.0
45976,1268,3.0
45976,5833,3.0
45976,2373,5.0
45976,522,3.0
46026,3004,5.0
46026,2355,2.0
46026,3999,3.0
46026,3702,2.0
46026,1442,2.0
46026,1186,3.0
46026,269,4.0
46026,1133,4.0
46026,3732,3.0
46044,5037,2.0
46044,3586,4.0
46044,4143,4.0
46044,4550,3.0
46044,144,4.0
46044,1189,2.0
46044,45,3.0
46044,3586,4.0
46044,5585,4.0
46044,44,4.0
46044,757,4.0
46044,3209,4.0
46044,5819,3.0
46044,2463,2.0
46044,12,4.0
46044,2010,4.0
46044,490,4.0
46044,5585,4.0
46044,4429,4.0
46044,4681,4.0
46044,2770,3.0
46044,4143,5.0
46044,44,5.0
46044,1410,4.0
46044,3622,3.0
46044,3939,4.0
46044,3586,3.0
46044,4612,4.0
46044,2690,3.0
46044,3622,2.0
46044,5585,4.0
46044,837,4.0
46044,3603,3.0
46140,2463,4.0
46140,2245,1.0
46140,3622,2.0
46140,5585,5.0
46140,4143,5.0
46140,3523,4.0
46140,3622,3.0
46140,2838,5.0
46205,2112,2.0
46205,4971,3.0
46205,3600,5.0
46205,3732,4.0
46283,3620,4.0
46283,2085,5.0
46283,880,3.0
46283,2654,2.0
46283,5571,2.0
46283,3143,5.0
46283,4427,4.0
46283,5111,5.0
46283,4673,4.0
46283,2781,4.0
46283,686,5.0
46283,1298,4.0
46283,5360,5.0
46283,4749,4.0
46283,4625,5.0
46283,24,5.0
46283,1144,5.0
46283,150,3.0
46283,1990,4.0
46283,2909,3.0
46314,2817,2.0
46314,5031,4.0
46314,4965,4.0
46314,4989,4.0
46314,4693,5.0
46314,1054,2.0
46314,5797,3.0
46314,4825,2.0
46314,2169,4.0
46314,2988,3.0
46314,1940,4.0
46352,3933,4.0
46352,1093,5.0
46352,3081,4.0
46352,446,5.0
46373,2355,3.0
46373,1812,2.0
46373,2508,2.0
46373,1701,3.0
46373,4715,4.0
46373,473,2.0
46373,2344,3.0
46373,5083,5.0
46389,45,3.0
46389,1450,4.0
46389,1312,2.0
46389,2557,4.0
46403,5833,3.0
46403,2344,3.0
46403,5130,4.0
46403,4683,5.0
46403,5833,2.0
46403,2942,5.0
46403,2015,4.0
46403,5250,4.0
46502,2770,4.0
46502,5450,4.0
46502,531,5.0
46502,3751,5.0
46502,4143,5.0
46502,3455,5.0
46502,2245,3.0
46519,5812,1.0
46519,428,1.0
46519,5027,1.0
46519,5450,1.0
46519,3929,1.0
46638,3737,3.0
46638,1744,5.0
46638,2761,2.0
46638,1860,3.0
46638,569,5.0
46686,2344,3.0
46686,2178,3.0
46686,714,3.0
46686,24,4.0
46686,3193,2.0
46686,1152,3.0
46686,3133,4.0
46702,45,5.0
46702,2450,4.0
46702,3730,4.0
46702,3732,5.0
46702,45,5.0
46702,393,5.0
46702,4208,5.0
46702,2314,5.0
46724,5106,3.0
46724,2383,2.0
46724,2355,1.0
46724,4167,5.0
46743,2463,5.0
46743,5585,2.0
46743,2463,5.0
46743,4453,5.0
46743,2463,4.0
46743,2463,4.0
46743,2463,5.0
46894,1011,4.0
46894,2118,4.0
46894,880,4.0
46894,4194,3.0
47012,1436,5.0
47012,5423,4.0
47012,1093,5.0
47012,5423,5.0
47154,1152,4.0
47154,2344,4.0
47154,4073,4.0
47154,2942,4.0
47497,3967,2.0
47497,5835,3.0
47497,2463,3.0
47497,44,2.0
47549,4550,5.0
47549,3647,4.0
47549,1870,4.0
47549,5037,2.0
47559,4543,3.0
47559,3840,4.0
47559,3209,4.0
47559,5700,3.0
47559,45,2.0
47559,1890,4.0
47559,3840,4.0
47559,757,4.0
47559,1442,5.0
47559,4717,4.0
47559,1819,4.0
47559,2821,4.0
47560,1190,1.0
47560,1190,1.0
47560,1190,1.0
47560,1190,1.0
47560,1813,2.0
47560,1190,1.0
47583,1356,5.0
47583,3143,5.0
47583,2085,4.0
47583,5068,4.0
47600,4073,4.0
47600,2133,4.0
47600,3777,3.0
47600,1713,3.0
47600,522,4.0
47600,714,4.0
47600,3398,4.0
47600,473,4.0
47600,5259,5.0
47600,5039,3.0
47600,2344,4.0
47600,2557,4.0
47600,2045,4.0
47600,4543,3.0
47600,3732,3.0
47600,1770,3.0
47600,2617,4.0
47600,880,4.0
47600,2497,4.0
47600,2196,4.0
47618,3119,3.0
47618,4712,4.0
47618,104,4.0
47618,3646,2.0
47618,3119,4.0
47703,1902,3.0
47703,522,4.0
47703,1348,5.0
47703,1178,5.0
47703,1576,3.0
47715,864,4.0
47715,5055,3.0
47715,1631,4.0
47715,3732,5.0
47781,5775,5.0
47781,1917,5.0
47781,3732,4.0
47781,45,5.0
47815,44,4.0
47815,4143,3.0
47815,1870,2.0
47815,3523,4.0
47815,2884,3.0
47815,5026,5.0
47815,8,5.0
47824,24,5.0
47824,5083,5.0
47824,4604,5.0
47824,3700,3.0
47824,4359,4.0
47824,473,5.0
47824,5176,4.0
47824,24,5.0
47824,4589,4.0
47824,24,5.0
47824,2589,5.0
47824,934,5.0
47836,3313,4.0
47836,45,3.0
47836,1666,5.0
47836,4755,4.0
47836,4755,5.0
47836,2097,5.0
47865,1442,4.0
47865,1752,4.0
47865,25,5.0
47865,104,4.0
47985,2463,5.0
47985,3,4.0
47985,2463,5.0
47985,5819,3.0
47985,3967,4.0
47985,5585,3.0
47985,5819,1.0
48027,2613,5.0
48027,2373,4.0
48027,5833,3.0
48027,3822,4.0
48027,5336,5.0
48027,4795,5.0
48027,104,3.0
48027,1442,3.0
48027,339,4.0
48059,2884,5.0
48059,2463,3.0
48059,5450,1.0
48059,2884,1.0
48133,764,3.0
48133,2463,4.0
48133,2463,4.0
48133,4143,3.0
48133,5585,4.0
48133,3622,4.0
48133,2690,1.0
48140,2622,4.0
48140,686,5.0
48140,4783,5.0
48140,4589,4.0
48183,2622,4.0
48183,683,4.0
48183,4683,4.0
48183,1976,4.0
48187,473,5.0
48187,3764,4.0
48187,189,5.0
48187,1464,5.0
48187,4634,4.0
48187,2178,4.0
48236,678,4.0
48236,3178,4.0
48236,4771,4.0
48236,774,5.0
48236,393,5.0
48265,5037,1.0
48265,5037,1.0
48265,4550,2.0
48265,4143,4.0
48287,4909,3.0
48287,1442,2.0
48287,1114,4.0
48287,3119,4.0
48287,5035,3.0
48299,5463,1.0
48299,5463,1.0
48299,5585,2.0
48299,3266,1.0
48425,5819,4.0
48425,4550,3.0
48425,3647,3.0
48425,5585,4.0
48425,1189,2.0
48506,5037,3.0
48506,4550,4.0
48506,3586,2.0
48506,2463,5.0
48518,5625,4.0
48518,3840,5.0
48518,4543,5.0
48518,3247,5.0
48518,3777,4.0
48617,3758,5.0
48617,2373,4.0
48617,1775,5.0
48617,1676,4.0
48618,2463,4.0
48618,2463,2.0
48618,4435,4.0
48618,3286,3.0
48618,3933,3.0
48618,3286,3.0
48618,3933,2.0
48618,27,2.0
48618,27,4.0
48618,2373,1.0
48618,2581,1.0
48618,1011,3.0
48618,2360,3.0
48618,1011,2.0
48618,4720,2.0
48722,3622,1.0
48722,1652,3.0
48722,2173,4.0
48722,2707,4.0
48822,2524,3.0
48822,1478,4.0
48822,5549,4.0
48822,2359,5.0
48948,1289,5.0
48948,1693,5.0
48948,5275,3.0
48948,1693,5.0
49004,4208,3.0
49004,115,3.0
49004,907,5.0
49004,1608,4.0
49006,4232,4.0
49006,4541,3.0
49006,163,4.0
49006,45,2.0
49006,1782,5.0
49006,3732,5.0
49046,2575,1.0
49046,880,3.0
49046,5360,5.0
49046,4783,5.0
49046,4294,5.0
49046,2191,5.0
49046,9,5.0
49046,3800,3.0
49046,1542,5.0
49046,1356,3.0
49046,4427,4.0
49050,748,5.0
49050,1190,3.0
49050,3420,4.0
49050,262,2.0
49063,4088,5.0
49063,4088,5.0
49063,844,4.0
49063,2109,5.0
49063,5111,4.0
49098,1093,5.0
49098,401,5.0
49098,755,5.0
49098,4143,3.0
49168,4251,5.0
49168,2704,1.0
49168,3637,2.0
49168,3590,5.0
49277,5299,5.0
49277,3136,5.0
49277,5521,5.0
49277,774,4.0
49523,1489,5.0
49523,774,5.0
49523,1442,2.0
49523,1442,4.0
49563,3523,3.0
49563,44,4.0
49563,2463,4.0
49563,811,3.0
49563,1631,4.0
49563,2775,4.0
49563,4758,4.0
49563,3732,5.0
49563,4664,4.0
49563,1164,5.0
49755,3517,4.0
49755,3732,4.0
49755,2181,4.0
49755,5833,4.0
49894,5585,5.0
49894,2463,4.0
49894,5037,2.0
49894,5585,3.0
49904,4183,4.0
49904,4183,4.0
49904,361,4.0
49904,678,4.0
49904,144,3.0
49904,4183,4.0
49904,4911,2.0
50035,5360,5.0
50035,566,4.0
50035,880,3.0
50035,2781,3.0
50035,3143,5.0
50035,2085,4.0
50035,725,5.0
50035,9,5.0
50139,5605,4.0
50139,1940,3.0
50139,104,3.0
50139,4351,4.0
50243,3077,4.0
50243,2001,1.0
50243,1684,1.0
50243,3077,3.0
50243,3077,1.0
50243,1684,5.0
50243,2001,1.0
50243,1684,1.0
50243,1684,1.0
50243,1684,1.0
50243,1684,1.0
50243,1684,1.0
50243,1684,1.0
50243,1684,1.0
50243,1684,1.0
50243,3077,1.0
50363,2463,4.0
50363,5037,3.0
50363,3647,3.0
50363,4550,2.0
50545,4184,3.0
50545,104,2.0
50545,5112,4.0
50545,2946,4.0
50589,4234,4.0
50589,2325,4.0
50589,1399,3.0
50589,1297,4.0
50589,4872,5.0
50696,1348,2.0
50696,566,4.0
50696,1436,4.0
50696,5035,2.0
50696,880,2.0
50749,5168,5.0
50749,3279,4.0
50749,4829,5.0
50749,3241,2.0
50749,2557,4.0
50771,2942,4.0
50771,3703,3.0
50771,409,3.0
50771,3590,4.0
50910,1729,5.0
50910,5843,3.0
50910,1162,3.0
50910,5843,3.0
50997,5585,5.0
50997,2463,5.0
50997,3586,2.0
50997,2463,5.0
51040,3247,2.0
51040,5062,4.0
51040,4739,2.0
51040,4567,4.0
51040,2610,1.0
51040,725,3.0
51040,3474,4.0
51040,4183,1.0
51040,4783,3.0
51040,2992,3.0
51040,1054,4.0
51127,1298,4.0
51127,2109,4.0
51127,3736,3.0
51127,339,3.0
51188,1820,5.0
51188,2557,5.0
51188,5605,5.0
51188,2654,4.0
51188,1442,5.0
51188,3732,4.0
51188,1701,4.0
51189,3209,4.0
51189,45,4.0
51189,4232,3.0
51189,136,4.0
51264,522,4.0
51264,2344,4.0
51264,5843,3.0
51264,5843,3.0
51294,4717,4.0
51294,129,4.0
51294,4184,5.0
51294,1456,5.0
51294,5176,4.0
51422,1756,1.0
51422,2718,3.0
51422,4088,4.0
51422,1756,4.0
51422,5341,4.0
51425,5647,3.0
51425,3136,5.0
51425,3165,5.0
51425,5521,4.0
51425,25,5.0
51425,104,3.0
51425,904,5.0
51425,2085,5.0
51425,5241,4.0
51425,4673,4.0
51425,2781,4.0
51425,880,4.0
51425,5571,3.0
51514,4364,4.0
51514,45,3.0
51514,4097,4.0
51514,2184,4.0
51514,4406,3.0
51514,5459,1.0
51514,1637,5.0
51514,1442,4.0
51514,1819,5.0
51514,3646,2.0
51601,3248,3.0
51601,3038,5.0
51601,2450,5.0
51601,2508,1.0
51607,4550,2.0
51607,4550,4.0
51607,5819,2.0
51607,2463,5.0
51696,1054,4.0
51696,3603,3.0
51696,5507,3.0
51696,2391,3.0
51916,2557,4.0
51916,3603,1.0
51916,4201,1.0
51916,4179,1.0
51960,2360,5.0
51960,4304,3.0
51960,4304,2.0
51960,4304,1.0
51963,596,3.0
51963,774,5.0
51963,4712,4.0
51963,45,3.0
52027,1714,5.0
52027,3651,4.0
52027,4359,5.0
52027,3651,4.0
52118,2992,4.0
52118,2557,3.0
52118,2942,5.0
52118,3247,4.0
52124,817,5.0
52124,4698,4.0
52124,5168,5.0
52124,2199,4.0
52124,1631,5.0
52124,1843,3.0
52124,4971,4.0
52124,5758,4.0
52124,2468,5.0
52124,2132,5.0
52256,3178,1.0
52256,2187,5.0
52256,393,3.0
52256,3209,5.0
52411,3119,5.0
52411,122,5.0
52411,4712,5.0
52411,1820,5.0
52411,774,5.0
52411,450,5.0
52411,5081,4.0
52411,5081,5.0
52411,5081,2.0
52411,3951,5.0
52411,4234,5.0
52411,4591,3.0
52411,1302,4.0
52411,3974,5.0
52411,2373,1.0
52411,5111,4.0
52468,2344,4.0
52468,4143,2.0
52468,369,4.0
52468,5697,1.0
52513,1442,3.0
52513,3703,4.0
52513,4146,5.0
52513,1819,4.0
52513,4220,4.0
52611,5168,5.0
52611,789,3.0
52611,423,4.0
52611,1841,3.0
52662,1442,3.0
52662,4717,4.0
52662,774,4.0
52662,3165,4.0
52795,2622,3.0
52795,683,3.0
52795,4683,4.0
52795,683,3.0
52795,4911,3.0
52795,3119,5.0
52795,5746,2.0
52795,561,5.0
52795,3906,5.0
52795,2618,5.0
52795,2618,5.0
52795,2929,4.0
52795,2929,4.0
52795,2775,2.0
52974,5697,5.0
52974,3523,4.0
52974,5444,4.0
52974,2463,4.0
52999,2707,5.0
52999,5683,5.0
52999,1164,4.0
52999,3136,2.0
53071,5835,5.0
53071,4143,5.0
53071,490,5.0
53071,1652,4.0
53071,2182,5.0
53490,5521,3.0
53490,3637,4.0
53490,5767,2.0
53490,5781,3.0
53490,1442,3.0
53490,61,3.0
53490,3136,4.0
53490,25,4.0
53490,522,3.0
53490,214,3.0
53490,3457,4.0
53490,2406,4.0
53502,3736,2.0
53502,5641,3.0
53502,3398,5.0
53502,4634,4.0
53550,723,2.0
53550,5577,3.0
53550,2497,2.0
53550,880,3.0
53550,202,2.0
53550,1442,4.0
53661,781,4.0
53661,61,5.0
53661,3136,5.0
53661,1820,5.0
53661,1164,4.0
53661,5605,4.0
53661,4038,5.0
53661,3974,5.0
53661,1721,4.0
53682,5083,5.0
53682,5635,5.0
53682,5631,4.0
53682,2888,4.0
53722,4241,4.0
53722,1799,4.0
53722,2651,3.0
53722,3241,3.0
53722,1162,3.0
53722,369,4.0
53722,5843,4.0
53771,2403,5.0
53771,1332,5.0
53771,1188,5.0
53771,2086,1.0
53771,3732,5.0
53771,5797,5.0
53905,4074,3.0
53905,858,5.0
53905,858,5.0
53905,900,5.0
53969,5268,2.0
53969,692,5.0
53969,2557,5.0
53969,1442,5.0
54055,2245,4.0
54055,5585,4.0
54055,5037,3.0
54055,4590,3.0
54066,163,5.0
54066,2610,3.0
54066,4128,2.0
54066,5062,3.0
54066,5797,4.0
54066,1891,3.0
54066,3209,4.0
54183,2770,4.0
54183,2770,2.0
54183,1870,1.0
54183,4550,1.0
54183,5037,3.0
54289,1870,3.0
54289,4550,4.0
54289,2463,4.0
54289,44,4.0
54310,2613,5.0
54310,2728,3.0
54310,3906,3.0
54310,3353,4.0
54310,2622,5.0
54310,888,2.0
54310,3951,4.0
54310,4212,5.0
54310,5214,3.0
54310,2334,5.0
54310,4683,4.0
54310,4023,4.0
54310,2196,3.0
54310,496,5.0
54310,3732,5.0
54310,2626,4.0
54525,1886,3.0
54525,3967,4.0
54525,5037,3.0
54525,880,3.0
54525,1870,4.0
54525,1264,5.0
54549,1066,3.0
54549,3205,4.0
54549,3732,5.0
54549,3801,4.0
54549,2132,5.0
54549,2931,4.0
54549,3038,4.0
54549,3700,3.0
54624,3523,5.0
54624,1767,5.0
54624,2770,3.0
54624,1652,4.0
54624,3622,4.0
54624,4143,5.0
54890,5605,4.0
54890,1763,4.0
54890,1164,4.0
54890,4293,4.0
54890,891,2.0
54906,1820,5.0
54906,4235,3.0
54906,1775,5.0
54906,3136,5.0
54906,1676,4.0
54906,1637,5.0
54906,5605,4.0
54906,5746,4.0
54979,4128,3.0
54979,501,4.0
54979,1487,4.0
54979,4251,3.0
54979,4251,4.0
54979,5747,4.0
55221,5450,2.0
55221,2886,5.0
55221,2886,3.0
55221,2886,4.0
55415,221,5.0
55415,5292,4.0
55415,235,4.0
55415,250,4.0
55435,4618,3.0
55435,1631,4.0
55435,4880,5.0
55435,226,5.0
55435,1404,4.0
55435,4184,4.0
55702,122,4.0
55702,5052,4.0
55702,1637,5.0
55702,2373,4.0
55763,4717,4.0
55763,2622,4.0
55763,4771,4.0
55763,5641,4.0
55763,3165,4.0
55778,2373,4.0
55778,2933,5.0
55778,2463,4.0
55778,4884,3.0
55852,4570,3.0
55852,3143,4.0
55852,2344,4.0
55852,904,5.0
55949,522,4.0
55949,1201,4.0
55949,934,5.0
55949,5336,5.0
55949,1442,2.0
56098,5747,4.0
56098,4749,4.0
56098,1093,5.0
56098,4251,5.0
56149,3603,3.0
56149,1642,4.0
56149,1214,5.0
56149,2817,4.0
56158,1399,3.0
56158,1302,4.0
56158,4234,4.0
56158,1637,4.0
56221,2374,2.0
56221,279,5.0
56221,5504,3.0
56221,2462,5.0
56270,522,4.0
56270,3732,4.0
56270,1442,4.0
56270,5755,2.0
56293,522,3.0
56293,714,4.0
56293,2089,5.0
56293,3279,4.0
56331,2138,5.0
56331,2963,5.0
56331,4942,5.0
56331,579,5.0
56331,774,5.0
56331,5398,5.0
56331,3822,5.0
56331,5336,5.0
56332,24,5.0
56332,2025,5.0
56332,5443,5.0
56332,648,5.0
56421,4550,4.0
56421,1870,4.0
56421,1870,5.0
56421,3586,4.0
56421,2463,3.0
56421,3586,1.0
56421,2463,5.0
56421,1410,5.0
56421,5665,2.0
56421,4550,1.0
56720,3004,5.0
56720,1093,4.0
56720,4257,3.0
56720,401,5.0
56720,4143,4.0
56816,596,4.0
56816,3999,4.0
56816,5390,4.0
56816,4567,5.0
56816,4717,5.0
56893,3853,2.0
56893,3853,2.0
56893,3822,5.0
56893,4717,4.0
57015,2085,5.0
57015,4031,5.0
57015,5753,4.0
57015,904,5.0
57218,3523,4.0
57218,3967,4.0
57218,3523,4.0
57218,4143,3.0
57218,5115,4.0
57218,1870,4.0
57218,5115,4.0
57218,2636,3.0
57218,3586,3.0
57218,44,4.0
57218,490,4.0
57218,614,3.0
57218,2636,4.0
57218,1870,4.0
57218,2463,3.0
57218,5835,4.0
57218,5585,3.0
57218,3939,4.0
57218,5115,4.0
57274,1631,4.0
57274,3417,4.0
57274,3732,5.0
57274,4850,5.0
57523,860,3.0
57523,2381,5.0
57523,522,4.0
57523,4232,4.0
57523,45,2.0
57523,5267,5.0
57523,4097,2.0
57523,5507,4.0
57611,4304,3.0
57611,2653,3.0
57611,58,3.0
57611,4971,2.0
57611,1066,3.0
57611,2610,3.0
57611,2775,2.0
57611,3133,3.0
57611,5278,2.0
57611,3119,4.0
57611,3165,4.0
57611,4971,2.0
57611,2468,4.0
57734,3064,3.0
57734,1940,4.0
57734,1637,4.0
57734,4911,3.0
57734,1940,4.0
57734,1637,3.0
57734,3064,3.0
57734,25,3.0
57734,5605,2.0
57734,250,5.0
57734,4717,3.0
57734,1299,3.0
57734,774,4.0
57734,5052,4.0
57734,1637,3.0
57734,260,5.0
57734,5718,5.0
57866,3279,2.0
57866,2775,5.0
57866,5285,2.0
57866,4565,3.0
57866,1790,1.0
57866,3279,2.0
57866,2622,4.0
57866,4569,3.0
57866,3730,3.0
57866,2653,3.0
57866,3649,3.0
57866,5168,4.0
57866,2403,5.0
57981,880,4.0
57981,4194,3.0
57981,2654,3.0
57981,4194,4.0
57981,4333,5.0
57981,5843,5.0
58060,2581,1.0
58060,5571,1.0
58060,3143,5.0
58060,4088,4.0
58175,1891,2.0
58175,3247,2.0
58175,596,3.0
58175,5605,3.0
58214,4241,5.0
58214,45,1.0
58214,748,3.0
58214,832,2.0
58250,522,4.0
58250,5471,5.0
58250,5585,4.0
58250,5322,4.0
58279,45,4.0
58279,2325,5.0
58279,3572,4.0
58279,5061,4.0
58279,5605,4.0
58279,1442,4.0
58353,4550,4.0
58353,2463,3.0
58353,5819,3.0
58353,1870,4.0
58424,4927,4.0
58424,2109,5.0
58424,904,5.0
58424,5111,5.0
58447,858,4.0
58447,3279,5.0
58447,2078,4.0
58447,2355,4.0
58512,888,2.0
58512,3089,4.0
58512,579,5.0
58512,2942,4.0
58512,2612,2.0
58512,1921,4.0
58550,1820,5.0
58550,5605,4.0
58550,3019,5.0
58550,235,2.0
58560,4134,1.0
58560,5379,1.0
58560,227,5.0
58560,1055,2.0
58583,2089,5.0
58583,2963,5.0
58583,3209,4.0
58583,757,4.0
58612,2814,5.0
58612,3732,4.0
58612,45,4.0
58612,5658,5.0
58726,907,2.0
58726,361,5.0
58726,2373,5.0
58726,3842,5.0
58806,3647,1.0
58806,1855,3.0
58806,360,4.0
58806,891,3.0
58845,2325,5.0
58845,1820,4.0
58845,5605,5.0
58845,3165,3.0
58845,774,5.0
58845,1399,4.0
58845,1385,3.0
58845,4234,4.0
58845,5390,4.0
58845,1385,4.0
58845,1442,4.0
58845,5521,4.0
58845,45,2.0
58845,3260,5.0
58845,1302,4.0
58851,566,5.0
58851,45,2.0
58851,2940,4.0
58851,3732,4.0
58943,2413,3.0
58943,2586,4.0
58943,880,2.0
58943,3732,4.0
58943,45,2.0
59013,3756,3.0
59013,4146,4.0
59013,5390,4.0
59013,450,3.0
59026,907,5.0
59026,4530,3.0
59026,5658,2.0
59026,522,5.0
59038,5259,3.0
59038,1089,3.0
59038,2097,4.0
59038,798,4.0
59038,45,4.0
59038,880,3.0
59118,31,5.0
59118,3973,2.0
59118,907,4.0
59118,45,3.0
59123,25,5.0
59123,2622,5.0
59123,3209,4.0
59123,3945,3.0
59123,4364,4.0
59123,104,5.0
59123,1487,5.0
59123,4097,5.0
59196,817,5.0
59196,1489,5.0
59196,4326,3.0
59196,2463,4.0
59196,1411,5.0
59196,2989,4.0
59196,1093,4.0
59196,5630,2.0
59218,1637,5.0
59218,5081,4.0
59218,5110,4.0
59218,1462,4.0
59228,3241,5.0
59228,934,5.0
59228,24,4.0
59228,2344,3.0
59238,1399,3.0
59238,5605,4.0
59238,1413,4.0
59238,250,4.0
59238,5052,5.0
59238,5169,5.0
59238,4182,5.0
59238,2325,5.0
59238,1961,5.0
59252,3737,2.0
59252,45,2.0
59252,4909,4.0
59252,5168,5.0
59258,45,2.0
59258,4429,4.0
59258,4429,1.0
59258,4429,4.0
59258,907,5.0
59258,2187,5.0
59258,5062,5.0
59258,3209,5.0
59258,678,4.0
59258,2827,5.0
59258,3287,1.0
59258,361,5.0
59258,3398,4.0
59258,4942,4.0
59258,4020,5.0
59258,4830,4.0
59358,3622,4.0
59358,5697,4.0
59358,2463,3.0
59358,5026,3.0
59384,3310,5.0
59384,1442,4.0
59384,3165,4.0
59384,3637,4.0
59434,3413,1.0
59434,3413,2.0
59434,880,3.0
59434,3413,3.0
59434,4712,5.0
59434,3064,5.0
59434,5605,3.0
59434,3413,3.0
59434,3413,4.0
59434,1721,2.0
59434,2582,4.0
59434,880,3.0
59451,5183,1.0
59451,1738,2.0
59451,3598,3.0
59451,2536,4.0
59554,1144,5.0
59554,5855,5.0
59554,2154,4.0
59554,5035,2.0
59729,3310,3.0
59729,4908,4.0
59729,3703,4.0
59729,2078,3.0
59752,774,2.0
59752,5292,4.0
59752,5843,2.0
59752,4487,5.0
59752,4634,4.0
59757,45,1.0
59757,3661,4.0
59757,45,1.0
59757,1108,3.0
59757,45,1.0
59757,45,1.0
59757,2133,2.0
59800,1729,4.0
59800,1819,5.0
59800,4455,5.0
59800,4335,5.0
59824,1093,5.0
59824,3004,5.0
59824,2360,5.0
59824,1436,4.0
59970,4353,3.0
59970,2933,4.0
59970,25,5.0
59970,3277,4.0
59970,1442,3.0
59970,8,4.0
59970,2574,4.0
59970,1411,5.0
60263,44,4.0
60263,5037,3.0
60263,465,2.0
60263,5697,4.0
60263,3586,2.0
60263,1870,2.0
60263,4550,3.0
60263,5322,3.0
60263,5585,4.0
60263,4606,2.0
60376,1093,2.0
60376,880,3.0
60376,2109,4.0
60376,5833,4.0
60376,3165,1.0
60379,1442,3.0
60379,1975,4.0
60379,45,4.0
60379,1940,3.0
60379,5336,4.0
60379,774,5.0
60379,2626,3.0
60379,4212,5.0
60379,5130,4.0
60379,3732,4.0
60379,4505,2.0
60379,4398,3.0
60394,4592,4.0
60394,4016,1.0
60394,4016,1.0
60394,4016,1.0
60466,2622,3.0
60466,683,4.0
60466,1819,5.0
60466,5833,5.0
60466,5112,4.0
60466,4683,4.0
60466,4212,5.0
60466,4656,3.0
60466,1442,3.0
60466,3330,4.0
60470,1937,4.0
60470,4514,5.0
60470,3178,2.0
60470,45,2.0
60694,1159,5.0
60694,58,5.0
60694,817,5.0
60694,2334,5.0
60766,2373,5.0
60766,3703,5.0
60766,5521,4.0
60766,1940,2.0
60766,3572,5.0
60766,1637,4.0
60766,1164,5.0
60766,1302,4.0
60766,3202,5.0
60766,3202,5.0
60766,2325,4.0
60766,1819,5.0
60766,1831,5.0
60766,5707,5.0
60766,5817,4.0
60791,5585,5.0
60791,2463,5.0
60791,1189,5.0
60791,2636,5.0
60791,3647,5.0
60791,3266,5.0
60791,3266,5.0
60791,3266,5.0
60791,3266,5.0
60791,3266,1.0
60791,3266,5.0
60791,3266,5.0
60791,3266,5.0
60791,3266,1.0
60791,3266,1.0
60791,3266,5.0
60791,3266,5.0
60791,3266,1.0
60791,628,5.0
60791,3266,5.0
60791,3266,5.0
60791,3266,5.0
60791,628,5.0
60791,628,5.0
60908,150,2.0
60908,4749,3.0
60908,2406,5.0
60908,1914,4.0
60908,4220,5.0
60975,2557,4.0
60975,1442,4.0
60975,912,4.0
60975,1343,2.0
61189,2294,1.0
61189,799,3.0
61189,3582,1.0
61189,4683,3.0
61244,812,3.0
61244,812,4.0
61244,1819,5.0
61244,2942,4.0
61244,1629,3.0
61244,2942,3.0
61244,122,5.0
61244,3123,5.0
61244,250,4.0
61244,1637,3.0
61244,1763,4.0
61244,1164,2.0
61244,1961,2.0
61437,4610,4.0
61437,3662,1.0
61437,4559,5.0
61437,3662,1.0
61534,566,2.0
61534,2781,3.0
61534,4314,5.0
61534,2656,4.0
61534,880,4.0
61534,5360,5.0
61534,2085,5.0
61534,880,4.0
61534,4673,3.0
61534,4749,2.0
61534,5031,4.0
61534,45,2.0
61712,4120,5.0
61712,2816,5.0
61712,5071,5.0
61712,4120,5.0
61742,3951,5.0
61742,4073,4.0
61742,45,2.0
61742,2173,3.0
61742,1093,4.0
61764,604,5.0
61764,4487,5.0
61764,2557,5.0
61764,692,5.0
61801,5423,4.0
61801,4293,4.0
61801,1144,5.0
61801,1356,5.0
61801,880,3.0
61801,4294,4.0
61801,4673,2.0
61801,4314,5.0
61897,2101,5.0
61897,2557,5.0
61897,4464,5.0
61897,888,3.0
62019,880,2.0
62019,45,3.0
62019,4304,2.0
62019,5647,3.0
62109,857,4.0
62109,3885,2.0
62109,918,4.0
62109,3999,1.0
62149,966,4.0
62149,3285,5.0
62149,3055,4.0
62149,128,4.0
62149,45,2.0
62305,170,4.0
62305,3999,2.0
62305,1442,3.0
62305,4771,5.0
62312,1054,5.0
62312,2248,3.0
62312,4543,4.0
62312,4610,5.0
62416,3205,3.0
62416,2344,4.0
62416,2344,4.0
62416,24,5.0
62431,1385,5.0
62431,1164,5.0
62431,25,5.0
62431,3208,5.0
62476,3966,3.0
62476,5255,5.0
62476,3916,3.0
62476,4589,2.0
62590,1164,3.0
62590,1775,4.0
62590,3303,4.0
62590,428,5.0
62611,4312,2.0
62611,2092,2.0
62611,5718,3.0
62611,5767,2.0
62658,3732,4.0
62658,2013,3.0
62658,4273,4.0
62658,9,5.0
62845,1298,4.0
62845,5176,4.0
62845,867,4.0
62845,2344,4.0
62845,24,5.0
62883,1306,4.0
62883,262,2.0
62883,4543,5.0
62883,5273,5.0
62883,37,3.0
62883,3794,2.0
62883,678,4.0
62883,3287,1.0
62972,3247,5.0
62972,438,5.0
62972,3209,4.0
62972,93,5.0
62972,880,4.0
62972,1593,3.0
62972,4088,2.0
63140,1870,4.0
63140,2463,4.0
63140,2463,4.0
63140,2245,4.0
63184,1054,5.0
63184,4786,2.0
63184,5604,1.0
63184,469,5.0
63215,912,4.0
63215,5605,4.0
63215,774,4.0
63215,4712,5.0
63226,2344,4.0
63226,3101,4.0
63226,473,5.0
63226,5180,5.0
63226,2672,5.0
63226,522,5.0
63327,5450,4.0
63327,2463,2.0
63327,2463,4.0
63327,2463,4.0
63422,3945,4.0
63422,1164,5.0
63422,5746,4.0
63422,683,4.0
63466,1164,4.0
63466,774,5.0
63466,5169,5.0
63466,1940,4.0
63466,2373,4.0
63528,5168,5.0
63528,1631,4.0
63528,2775,3.0
63528,1066,2.0
63528,2946,5.0
63528,1478,4.0
63528,2775,1.0
63528,5168,2.0
63708,5843,4.0
63708,1765,4.0
63708,781,5.0
63708,781,5.0
63708,3143,5.0
63708,2612,5.0
63708,1643,5.0
63708,3241,4.0
63708,2651,2.0
63713,3417,4.0
63713,9,4.0
63713,5111,4.0
63713,1756,4.0
63736,45,5.0
63736,2672,4.0
63736,2122,4.0
63736,1380,5.0
63736,522,4.0
63736,1442,3.0
63736,3732,5.0
63736,144,5.0
63736,5647,3.0
63736,104,5.0
63736,226,5.0
63736,457,3.0
63760,2935,5.0
63760,3020,5.0
63760,1679,2.0
63760,3084,2.0
63978,774,5.0
63978,1164,4.0
63978,5605,5.0
63978,1608,4.0
63978,5169,5.0
63978,1676,5.0
63978,5176,5.0
63981,2513,5.0
63981,104,4.0
63981,1164,4.0
63981,3165,2.0
63986,5658,4.0
63986,1701,4.0
63986,3655,4.0
63986,4393,1.0
64190,721,3.0
64190,4208,4.0
64190,469,5.0
64190,104,3.0
64190,61,2.0
64190,1442,4.0
64190,4989,4.0
64190,393,4.0
64190,3637,1.0
64190,3136,4.0
64190,1940,5.0
64190,832,4.0
64190,1404,5.0
64190,4212,5.0
64190,25,5.0
64190,1190,2.0
64242,5450,5.0
64242,3843,5.0
64242,1189,5.0
64242,4550,4.0
64447,2618,3.0
64447,774,5.0
64447,4712,4.0
64447,1775,4.0
64447,1164,4.0
64447,3949,4.0
64447,5605,3.0
64538,44,3.0
64538,5585,3.0
64538,3737,1.0
64538,4543,3.0
64538,2829,5.0
64546,5052,2.0
64546,122,3.0
64546,3136,4.0
64546,774,5.0
64608,438,3.0
64608,61,4.0
64608,1442,4.0
64608,5746,3.0
64608,104,4.0
64608,3143,4.0
64709,1759,4.0
64709,465,4.0
64709,3166,4.0
64709,1189,4.0
65114,45,4.0
65114,2109,3.0
65114,163,5.0
65114,3777,1.0
65201,4143,4.0
65201,1442,1.0
65201,3143,5.0
65201,5360,5.0
65338,221,5.0
65338,5109,3.0
65338,5109,1.0
65338,1268,3.0
65344,2822,4.0
65344,4873,5.0
65344,4658,4.0
65344,2475,5.0
65522,45,3.0
65522,45,3.0
65522,5284,3.0
65522,4755,3.0
65522,774,5.0
65522,1884,4.0
65522,2383,3.0
65522,1960,1.0
65522,2344,3.0
65522,4625,3.0
65522,4755,1.0
65522,4830,2.0
65609,3840,4.0
65609,789,3.0
65609,3193,5.0
65609,1593,4.0
65609,5068,3.0
65609,5302,5.0
65609,2617,3.0
65628,3806,4.0
65628,1456,1.0
65628,4875,3.0
65628,2083,5.0
65804,473,4.0
65804,24,5.0
65804,5083,5.0
65804,226,3.0
65804,4120,4.0
65804,774,5.0
65804,5398,4.0
65804,104,4.0
65804,5169,5.0
65898,3136,4.0
65898,2138,4.0
65898,2373,4.0
65898,2373,3.0
65998,5819,2.0
65998,3586,2.0
65998,1870,2.0
65998,3647,3.0
66107,1442,3.0
66107,1093,4.0
66107,3572,4.0
66107,5656,5.0
66107,4184,4.0
66107,2618,3.0
66107,522,4.0
66107,1178,5.0
66113,2006,4.0
66113,45,2.0
66113,4198,3.0
66113,1813,3.0
66113,3732,4.0
66122,5035,5.0
66122,1876,3.0
66122,2367,3.0
66122,2367,3.0
66127,4695,4.0
66127,3582,3.0
66127,5484,4.0
66127,579,5.0
66227,5169,5.0
66227,4235,4.0
66227,2344,3.0
66227,522,3.0
66227,4576,4.0
66227,5176,5.0
66227,3764,5.0
66227,3101,4.0
66327,880,3.0
66327,5111,3.0
66327,2781,4.0
66327,2612,4.0
66357,1442,2.0
66357,5605,4.0
66357,3119,5.0
66357,1820,4.0
66357,3123,3.0
66357,2325,5.0
66357,1164,4.0
66357,3330,3.0
66357,4567,4.0
66357,1385,4.0
66357,5390,5.0
66357,4712,4.0
66357,3906,4.0
66357,5836,4.0
66430,4658,4.0
66430,4934,4.0
66430,2081,2.0
66430,1787,4.0
66430,4934,4.0
66614,4241,3.0
66614,5058,4.0
66614,1442,3.0
66614,341,3.0
66614,4435,4.0
66665,4201,3.0
66665,2610,4.0
66665,5797,4.0
66665,344,3.0
66706,5819,2.0
66706,2245,2.0
66706,5819,1.0
66706,2245,1.0
66804,837,5.0
66804,522,4.0
66804,4020,5.0
66804,2344,2.0
66810,4464,3.0
66810,2307,5.0
66810,604,4.0
66810,4453,4.0
66857,279,4.0
66857,4184,4.0
66857,774,5.0
66857,104,3.0
66857,250,5.0
66864,4183,1.0
66864,725,4.0
66864,122,5.0
66864,3119,3.0
66875,45,3.0
66875,5267,5.0
66875,2557,5.0
66875,3732,5.0
66875,4167,5.0
66875,723,3.0
66944,3840,5.0
66944,1054,4.0
66944,4495,5.0
66944,2832,5.0
66944,3703,1.0
66944,473,4.0
66944,4359,4.0
66953,989,4.0
66953,1312,3.0
66953,686,5.0
66953,1643,2.0
67064,4220,4.0
67064,3732,5.0
67064,2396,5.0
67064,1739,5.0
67084,1036,5.0
67084,522,3.0
67084,4020,4.0
67084,3732,5.0
67084,880,3.0
67137,3523,5.0
67137,5471,4.0
67137,5835,4.0
67137,3310,4.0
67183,4550,4.0
67183,2462,2.0
67183,2575,3.0
67183,880,2.0
67183,5183,4.0
67183,2955,1.0
67183,5035,4.0
67183,4194,4.0
67183,1738,4.0
67183,4390,3.0
67183,4387,1.0
67183,3438,4.0
67183,3438,4.0
67183,4761,5.0
67183,1442,3.0
67183,2622,3.0
67183,514,4.0
67183,4073,3.0
67183,2122,3.0
67183,522,4.0
67183,4143,3.0
67183,214,4.0
67183,5255,3.0
67183,2557,3.0
67183,714,3.0
67183,45,3.0
67183,5625,4.0
67183,2045,4.0
67206,4097,1.0
67206,45,1.0
67206,786,4.0
67206,344,1.0
67224,4304,1.0
67224,4911,3.0
67224,3187,3.0
67224,24,5.0
67466,1373,5.0
67466,1373,5.0
67466,1373,5.0
67466,1373,5.0
67528,1903,5.0
67528,393,5.0
67528,5601,4.0
67528,678,3.0
67528,5757,5.0
67528,4830,2.0
67528,3178,3.0
67528,4990,3.0
67528,1289,4.0
67528,1608,3.0
67528,1442,2.0
67528,3350,3.0
67528,3637,2.0
67528,3949,3.0
67528,5061,4.0
67528,1404,5.0
67528,104,4.0
67528,45,3.0
67528,1948,3.0
67528,3331,4.0
67528,262,4.0
67733,1489,5.0
67733,5747,5.0
67733,4227,4.0
67733,2005,3.0
67733,360,5.0
67733,989,3.0
67733,1442,4.0
67733,5130,3.0
67733,786,4.0
67733,757,4.0
67803,5277,5.0
67803,5277,1.0
67803,5277,1.0
67803,5277,1.0
67955,1770,5.0
67955,2205,4.0
67955,3840,5.0
67955,4989,4.0
68012,844,3.0
68012,880,3.0
68012,1319,4.0
68012,45,3.0
68096,2085,5.0
68096,880,4.0
68096,2760,4.0
68096,5488,5.0
68096,1164,5.0
68096,4665,5.0
68096,5111,5.0
68100,5450,2.0
68100,2463,4.0
68100,4550,5.0
68100,5450,1.0
68514,5585,4.0
68514,2463,5.0
68514,465,2.0
68514,5585,5.0
68534,1676,5.0
68534,1775,5.0
68534,2618,5.0
68534,774,5.0
68658,5341,1.0
68658,4233,5.0
68658,339,5.0
68658,369,2.0
68723,3335,1.0
68723,880,4.0
68723,3335,1.0
68723,5035,5.0
68723,2977,5.0
68723,844,1.0
68723,203,5.0
68723,2773,4.0
68933,4088,5.0
68933,9,5.0
68933,2109,3.0
68933,3143,4.0
68944,4970,5.0
68944,5484,4.0
68944,1442,4.0
68944,4157,5.0
68954,1765,3.0
68954,386,3.0
68954,2182,3.0
68954,5055,1.0
68954,2041,3.0
68954,3732,5.0
69119,1174,3.0
69119,2751,5.0
69119,5843,4.0
69119,5259,5.0
69119,4122,4.0
69119,456,5.0
69119,2307,5.0
69119,4675,4.0
69119,2824,3.0
69119,3165,3.0
69119,604,4.0
69119,2557,4.0
69144,3842,4.0
69144,5299,5.0
69144,1600,5.0
69144,2138,3.0
69228,5080,3.0
69228,2284,2.0
69228,18,4.0
69228,2085,5.0
69228,686,4.0
69228,2656,4.0
69228,3705,4.0
69231,3474,5.0
69231,2344,4.0
69231,4359,5.0
69231,24,5.0
69316,5625,5.0
69316,3736,4.0
69316,3484,5.0
69316,1733,4.0
69316,2468,4.0
69316,858,4.0
69316,2071,3.0
69316,4911,5.0
69316,1637,5.0
69316,880,4.0
69316,3335,4.0
69316,5111,5.0
69316,5035,3.0
69316,4088,5.0
69316,2085,5.0
69316,45,4.0
69316,4097,4.0
69316,3213,4.0
69316,522,4.0
69316,5849,3.0
69362,4251,5.0
69362,891,3.0
69362,1093,4.0
69362,1489,5.0
69510,680,5.0
69510,1442,5.0
69510,774,5.0
69510,2367,5.0
69635,393,4.0
69635,5625,3.0
69635,942,3.0
69635,2963,4.0
69724,3730,5.0
69724,2182,1.0
69724,1233,3.0
69724,1713,4.0
69864,723,4.0
69864,5725,4.0
69864,4652,3.0
69864,4143,3.0
69864,1594,4.0
69864,4713,4.0
69864,4143,3.0
69864,3055,5.0
69864,3474,4.0
69864,4097,5.0
69864,45,3.0
69864,1442,3.0
69864,5360,5.0
69864,1151,3.0
69864,5037,3.0
69864,5819,3.0
69864,5840,4.0
69864,5130,4.0
69864,104,3.0
69864,25,4.0
69897,900,5.0
69897,2182,3.0
69897,5168,5.0
69897,900,5.0
69932,1693,4.0
69932,1312,2.0
69932,723,4.0
69932,4911,4.0
69932,1890,3.0
69932,4610,4.0
69932,2757,4.0
69932,2989,4.0
69932,4920,4.0
69932,4654,4.0
69932,2933,4.0
69932,3136,4.0
70034,2463,3.0
70034,4143,3.0
70034,5037,4.0
70034,490,3.0
70143,2829,4.0
70143,3398,3.0
70143,4359,5.0
70143,24,4.0
70159,4514,4.0
70159,3178,3.0
70159,3178,3.0
70159,3178,2.0
70191,2085,5.0
70191,880,2.0
70191,555,3.0
70191,5571,3.0
70191,880,3.0
70191,2085,5.0
70191,5201,4.0
70191,904,5.0
70191,5344,4.0
70191,880,2.0
70191,180,4.0
70301,122,5.0
70301,5605,4.0
70301,1637,5.0
70301,250,3.0
70389,1960,1.0
70389,5259,5.0
70389,3916,2.0
70389,3187,2.0
70445,324,5.0
70445,5283,4.0
70445,1683,5.0
70445,5160,5.0
70455,1765,4.0
70455,45,2.0
70455,1385,5.0
70455,4968,5.0
70545,5360,5.0
70545,904,5.0
70545,4673,1.0
70545,880,3.0
70545,2085,5.0
70545,918,4.0
70545,904,5.0
70545,4783,4.0
70557,1629,5.0
70557,4191,4.0
70557,5250,5.0
70557,4023,5.0
70557,4157,5.0
70557,2154,4.0
70557,144,4.0
70559,2661,4.0
70559,3646,5.0
70559,1297,5.0
70559,1442,4.0
70600,32,5.0
70600,880,3.0
70600,4471,4.0
70600,129,5.0
70600,3165,5.0
70600,4872,3.0
70671,3646,5.0
70671,1442,4.0
70671,3165,4.0
70671,5647,5.0
70758,3136,3.0
70758,774,5.0
70758,1413,4.0
70758,1164,4.0
70813,522,4.0
70813,1268,3.0
70813,45,2.0
70813,5055,3.0
70813,3732,4.0
70813,4060,3.0
70813,1462,4.0
70813,1144,5.0
70885,3113,4.0
70885,3113,4.0
70885,3178,4.0
70885,3032,4.0
70885,45,4.0
70885,1783,5.0
70911,2013,3.0
70911,4074,4.0
70911,5484,4.0
70911,3732,5.0
70911,45,3.0
70911,1937,5.0
70911,1693,4.0
70911,971,5.0
71019,5037,2.0
71019,3647,5.0
71019,522,4.0
71019,440,5.0
71019,4829,5.0
71019,1189,3.0
71019,4550,5.0
71019,4143,4.0
71019,3586,5.0
71019,5812,2.0
71045,774,5.0
71045,25,4.0
71045,4184,3.0
71045,2933,5.0
71045,104,4.0
71064,774,5.0
71064,1108,4.0
71064,1442,4.0
71064,5292,4.0
71074,5268,2.0
71074,3703,4.0
71074,2617,2.0
71074,250,5.0
71206,683,5.0
71206,4304,3.0
71206,5643,4.0
71206,4220,4.0
71206,799,2.0
71281,1914,4.0
71281,3398,4.0
71281,5641,4.0
71281,4359,5.0
71311,4550,1.0
71311,2463,3.0
71311,5037,2.0
71311,5585,3.0
71365,1870,3.0
71365,4550,2.0
71365,4143,3.0
71365,5585,3.0
71365,5037,2.0
71365,2463,2.0
71365,1870,4.0
71365,4216,3.0
71443,2257,4.0
71443,104,2.0
71443,1775,3.0
71443,2257,5.0
71443,4069,3.0
71443,4235,5.0
71443,5855,5.0
71448,522,4.0
71448,2557,5.0
71448,2381,2.0
71448,522,4.0
71467,473,4.0
71467,5083,5.0
71467,1914,5.0
71467,1442,5.0
71467,5169,5.0
71467,774,5.0
71467,1621,3.0
71538,5585,4.0
71538,4143,3.0
71538,2463,3.0
71538,5037,1.0
71538,44,3.0
71657,344,1.0
71657,2557,4.0
71657,880,4.0
71657,1442,3.0
71657,5045,3.0
71657,4220,4.0
71657,1108,2.0
71657,1739,4.0
71657,138,3.0
71657,566,4.0
71657,210,4.0
71657,4464,4.0
71657,45,3.0
71657,3398,4.0
71657,5111,2.0
71657,2355,4.0
71657,2132,4.0
71657,1108,3.0
71657,5241,3.0
71657,2191,4.0
71657,490,4.0
71753,2129,3.0
71753,1442,4.0
71753,5390,5.0
71753,3165,3.0
71771,534,4.0
71771,3603,3.0
71771,3331,5.0
71771,5601,5.0
71884,5819,4.0
71884,4378,5.0
71884,1189,4.0
71884,2245,4.0
71884,4581,3.0
71884,1189,4.0
71884,2010,4.0
71884,2972,4.0
71884,847,5.0
71884,1413,4.0
71884,4160,4.0
71884,1608,5.0
71884,1186,4.0
71884,4235,3.0
71884,1442,3.0
71884,1775,5.0
71884,774,5.0
71884,1676,4.0
71965,4183,5.0
71965,5605,3.0
71965,2325,5.0
71965,1820,5.0
71965,4712,5.0
71965,2373,3.0
71965,811,4.0
71965,4591,2.0
71965,409,4.0
71965,4911,3.0
71965,2942,4.0
71965,3330,4.0
71965,3136,5.0
71965,774,5.0
72006,5641,4.0
72006,3398,4.0
72006,4634,3.0
72006,189,4.0
72060,1413,1.0
72060,3165,4.0
72060,5605,3.0
72060,3136,4.0
72060,3165,1.0
72060,912,2.0
72109,5585,1.0
72109,3523,2.0
72109,628,4.0
72109,4143,3.0
72109,2463,4.0
72124,522,4.0
72124,4312,4.0
72124,912,3.0
72124,1940,4.0
72314,3133,4.0
72314,3732,3.0
72314,1133,5.0
72314,1133,4.0
72318,3647,5.0
72318,4550,4.0
72318,1870,3.0
72318,3586,4.0
72318,44,5.0
72318,2463,2.0
72355,1963,3.0
72355,989,3.0
72355,5747,5.0
72355,4326,4.0
72435,250,4.0
72435,3064,5.0
72435,4184,3.0
72435,250,5.0
72435,4088,4.0
72435,5111,5.0
72465,904,5.0
72465,5111,4.0
72465,1442,3.0
72465,880,4.0
72465,4911,4.0
72465,3165,4.0
72465,2656,4.0
72465,25,4.0
72465,450,4.0
72465,3136,3.0
72465,4427,3.0
72465,478,3.0
72566,2480,4.0
72566,5273,4.0
72566,104,3.0
72566,1733,2.0
72582,3586,4.0
72582,5037,3.0
72582,4550,4.0
72582,465,5.0
72582,3586,5.0
72582,5037,4.0
72588,61,5.0
72588,1613,4.0
72588,1312,3.0
72588,45,1.0
72669,725,3.0
72669,5201,3.0
72669,5360,5.0
72669,904,5.0
72669,581,4.0
72669,3143,5.0
72669,1298,4.0
72669,5341,5.0
72703,4088,3.0
72703,1358,2.0
72703,880,4.0
72703,5654,4.0
72703,2109,5.0
72703,3029,3.0
72712,1093,5.0
72712,1702,5.0
72712,4610,5.0
72712,4251,5.0
72780,5551,4.0
72780,45,3.0
72780,235,4.0
72780,1464,3.0
72780,27,5.0
72780,4600,4.0
72818,2557,5.0
72818,5641,4.0
72818,2101,4.0
72818,4675,4.0
72818,2044,3.0
72852,3134,4.0
72852,4749,3.0
72852,880,4.0
72852,5415,5.0
72852,2085,5.0
72900,2942,5.0
72900,1297,5.0
72900,4183,5.0
72900,250,4.0
72929,4927,4.0
72929,2557,3.0
72929,369,3.0
72929,5843,3.0
72955,246,5.0
72955,3055,4.0
72955,5136,4.0
72955,1707,5.0
73020,3649,4.0
73020,2199,4.0
73020,44,3.0
73020,4359,4.0
73022,3732,4.0
73022,2359,4.0
73022,2355,3.0
73022,3801,3.0
73022,4889,4.0
73022,4731,3.0
73022,4850,5.0
73022,1843,2.0
73022,3417,5.0
73022,3453,5.0
73022,3542,4.0
73048,1422,1.0
73048,4514,4.0
73048,501,4.0
73048,5683,2.0
73079,1152,5.0
73079,2355,4.0
73079,3252,5.0
73079,900,5.0
73156,1411,4.0
73156,3732,4.0
73156,5168,3.0
73156,1411,5.0
73156,3732,4.0
73156,3365,2.0
73156,4731,4.0
73156,3165,3.0
73160,3736,5.0
73160,5625,4.0
73160,569,4.0
73160,3840,5.0
73160,93,4.0
73205,1721,5.0
73205,4294,5.0
73205,5360,5.0
73205,2085,5.0
73248,2344,3.0
73248,4559,4.0
73248,5605,4.0
73248,104,2.0
73248,1940,3.0
73248,1641,4.0
73248,5292,3.0
73248,837,4.0
73248,5752,4.0
73253,3119,5.0
73253,1696,1.0
73253,2097,4.0
73253,1248,4.0
73253,226,4.0
73253,1248,5.0
73253,817,5.0
73370,2015,5.0
73370,1637,3.0
73370,1442,3.0
73370,4872,5.0
73435,4463,5.0
73435,5499,5.0
73435,1702,3.0
73435,4610,5.0
73458,5585,4.0
73458,483,5.0
73458,1164,5.0
73458,3653,4.0
73701,104,4.0
73701,25,5.0
73701,2832,5.0
73701,5336,5.0
73701,144,5.0
73817,3818,3.0
73817,4235,4.0
73817,5521,5.0
73817,45,2.0
73817,1108,4.0
73857,837,4.0
73857,4435,4.0
73857,5819,2.0
73857,3286,3.0
73857,4241,4.0
74020,4904,4.0
74020,1152,3.0
74020,4140,5.0
74020,2132,5.0
74020,1843,2.0
74034,3951,3.0
74034,3136,4.0
74034,1442,4.0
74034,5336,5.0
74100,1969,4.0
74100,163,3.0
74100,2400,5.0
74100,5267,5.0
74137,5398,5.0
74137,1940,5.0
74137,4212,5.0
74137,2933,5.0
74155,3165,4.0
74155,4191,5.0
74155,3165,1.0
74155,4229,1.0
74155,1186,5.0
74163,5062,5.0
74163,678,5.0
74163,678,4.0
74163,5757,5.0
74174,4069,4.0
74174,25,5.0
74174,4348,1.0
74174,2823,2.0
74199,379,5.0
74199,379,5.0
74199,4671,1.0
74199,2018,4.0
74209,1818,4.0
74209,4429,5.0
74209,3084,5.0
74209,3732,5.0
74209,1185,5.0
74209,5601,5.0
74209,1903,5.0
74209,1733,5.0
74209,4781,5.0
74209,2187,5.0
74310,44,5.0
74310,5283,5.0
74310,4550,2.0
74310,1870,4.0
74347,3732,5.0
74347,2508,4.0
74347,2041,4.0
74347,5702,3.0
74347,1442,3.0
74347,774,4.0
74362,3004,5.0
74362,4304,3.0
74362,1489,5.0
74362,2707,4.0
74407,1855,1.0
74407,4251,3.0
74407,1963,3.0
74407,1489,3.0
74407,2001,2.0
74479,44,4.0
74479,748,4.0
74479,45,5.0
74479,5450,3.0
74479,5855,5.0
74576,3241,3.0
74576,3732,4.0
74576,3680,4.0
74576,369,4.0
74576,5753,3.0
74585,934,5.0
74585,5302,5.0
74585,904,5.0
74585,473,5.0
74585,3966,3.0
74585,2083,3.0
74585,4020,3.0
74585,5168,5.0
74633,1312,4.0
74633,3136,5.0
74633,1054,4.0
74633,3209,4.0
74633,3123,4.0
74633,5833,2.0
74633,3165,4.0
74633,1637,4.0
74633,4683,4.0
74633,1442,3.0
74633,5746,4.0
74633,1178,5.0
74633,596,3.0
74633,1730,5.0
74633,3398,4.0
74633,522,3.0
74662,5111,4.0
74662,2612,5.0
74662,566,1.0
74662,566,5.0
74684,1798,4.0
74684,5623,3.0
74684,4566,1.0
74684,2661,3.0
74684,3646,3.0
74710,4739,5.0
74710,4184,3.0
74710,1940,4.0
74710,3064,5.0
74857,3481,4.0
74857,3662,4.0
74857,1436,4.0
74857,4610,4.0
74955,5044,4.0
74955,1093,4.0
74955,5044,2.0
74955,4257,3.0
75155,4833,2.0
75155,5109,3.0
75155,522,3.0
75155,880,3.0
75202,880,3.0
75202,904,4.0
75202,3620,2.0
75202,2781,3.0
75202,2085,5.0
75202,2189,4.0
75246,2085,5.0
75246,41,5.0
75246,5360,5.0
75246,150,5.0
75246,904,5.0
75246,2781,4.0
75246,5201,5.0
75246,5336,5.0
75287,4406,4.0
75287,2656,4.0
75287,2654,4.0
75287,880,2.0
75431,2933,5.0
75431,4184,1.0
75431,2935,4.0
75431,1631,4.0
75451,5728,4.0
75451,3806,4.0
75451,473,5.0
75451,1696,3.0
75451,1114,3.0
75451,3700,4.0
75451,3806,5.0
75451,5083,4.0
75451,150,2.0
75505,3143,5.0
75505,3732,4.0
75505,4650,4.0
75505,4754,5.0
75614,1404,5.0
75614,4813,5.0
75614,4184,4.0
75614,1442,4.0
75673,773,5.0
75673,4503,4.0
75673,522,4.0
75673,2336,3.0
75673,3600,2.0
75673,3732,4.0
75673,5148,3.0
75678,904,5.0
75678,3143,5.0
75678,2187,4.0
75678,4909,4.0
75716,3474,3.0
75716,4241,4.0
75716,3165,2.0
75716,2373,4.0
75716,2557,4.0
75716,4783,4.0
75716,4749,3.0
75716,45,2.0
75722,5639,4.0
75722,5283,5.0
75722,170,5.0
75722,2972,5.0
75722,858,5.0
75722,3732,4.0
75722,1442,4.0
75722,12,3.0
75722,880,4.0
75722,5183,4.0
75722,1332,5.0
75722,25,5.0
75722,2089,5.0
75722,104,4.0
75722,774,3.0
75722,5061,4.0
75722,4184,4.0
75794,4550,4.0
75794,2245,2.0
75794,2245,1.0
75794,504,2.0
75887,4713,4.0
75887,837,4.0
75887,4495,4.0
75887,5283,4.0
75887,5747,4.0
76028,2360,4.0
76028,4251,5.0
76028,5747,4.0
76028,360,5.0
76028,5747,4.0
76028,1436,4.0
76164,5625,4.0
76164,1306,4.0
76164,2085,4.0
76164,4673,4.0
76164,1023,3.0
76299,880,3.0
76299,5360,5.0
76299,478,2.0
76299,4671,3.0
76317,2613,5.0
76317,104,1.0
76317,4235,2.0
76317,1164,5.0
76331,369,2.0
76331,4671,4.0
76331,5292,4.0
76331,4567,4.0
76334,2083,2.0
76334,2344,3.0
76334,3398,4.0
76334,3806,2.0
76334,3806,4.0
76347,104,5.0
76347,2933,4.0
76347,3999,2.0
76347,1442,3.0
76347,774,5.0
76347,3136,5.0
76347,5390,5.0
76347,25,5.0
76395,3474,3.0
76395,3077,1.0
76395,4326,5.0
76395,5175,3.0
76400,4525,2.0
76400,4191,4.0
76400,3165,1.0
76400,888,3.0
76459,5083,3.0
76459,1941,2.0
76459,4097,2.0
76459,45,3.0
76459,3732,4.0
76459,5215,5.0
76459,4720,2.0
76593,4212,3.0
76593,483,3.0
76593,1631,3.0
76593,1152,4.0
76593,2775,2.0
76593,4618,4.0
76593,1411,5.0
76593,3732,4.0
76593,4968,3.0
76593,3417,2.0
76593,5779,4.0
76593,5215,3.0
76593,3643,4.0
76593,4671,4.0
76593,5521,4.0
76593,789,3.0
76593,5260,3.0
76692,45,1.0
76692,3777,2.0
76692,3661,5.0
76692,4543,5.0
76744,3732,5.0
76744,5769,4.0
76744,227,4.0
76744,2245,4.0
76824,104,4.0
76824,5488,5.0
76824,5260,5.0
76824,3165,4.0
77027,2775,3.0
77027,512,4.0
77027,2112,5.0
77027,1631,3.0
77027,1917,5.0
77079,214,5.0
77079,214,4.0
77079,2942,5.0
77079,1739,4.0
77094,2838,4.0
77094,2463,5.0
77094,44,3.0
77094,44,4.0
77384,4889,5.0
77384,1676,4.0
77384,4191,3.0
77384,3732,4.0
77394,857,5.0
77394,45,4.0
77394,1969,1.0
77394,3840,3.0
77394,4463,3.0
77394,1093,4.0
77534,4427,4.0
77534,3999,3.0
77534,681,5.0
77534,104,3.0
77554,3730,4.0
77554,1341,5.0
77554,5278,4.0
77554,1976,5.0
77554,879,4.0
77554,438,5.0
77575,3137,4.0
77575,2355,3.0
77575,2132,4.0
77575,3600,4.0
77575,3732,4.0
77575,3637,1.0
77575,1442,3.0
77597,2334,3.0
77597,4911,3.0
77597,2436,4.0
77597,4261,5.0
77756,2508,4.0
77756,5658,3.0
77756,3732,4.0
77756,5484,3.0
77795,1404,4.0
77795,5169,5.0
77795,1310,5.0
77795,774,5.0
77863,473,5.0
77863,2083,2.0
77863,3398,3.0
77863,798,1.0
77863,4254,4.0
78050,1361,3.0
78050,1093,4.0
78050,4251,5.0
78050,5160,4.0
78121,2617,5.0
78121,1576,4.0
78121,2888,5.0
78121,668,4.0
78217,2085,5.0
78217,3531,4.0
78217,41,5.0
78217,4427,3.0
78217,5113,4.0
78392,3143,3.0
78392,5571,1.0
78392,858,4.0
78392,3029,4.0
78421,2626,3.0
78421,5176,5.0
78421,5083,5.0
78421,104,5.0
78446,483,4.0
78446,3702,1.0
78446,3165,1.0
78446,3732,4.0
78446,1631,3.0
78446,5168,2.0
78446,5758,5.0
78446,5215,4.0
78446,1462,5.0
78446,379,5.0
78446,3730,4.0
78446,2662,5.0
78446,3417,3.0
78446,5085,4.0
78472,24,5.0
78472,2344,4.0
78472,3939,4.0
78472,25,5.0
78472,2334,4.0
78478,904,5.0
78478,4464,5.0
78478,2083,3.0
78478,799,4.0
78513,1093,4.0
78513,446,4.0
78513,1093,5.0
78513,1361,3.0
78513,3081,4.0
78513,3081,5.0
78513,5747,5.0
78513,3081,5.0
78605,5491,5.0
78605,496,4.0
78605,496,4.0
78605,3069,5.0
78605,3732,4.0
78605,1917,4.0
78647,1940,5.0
78647,4911,3.0
78647,3732,4.0
78647,832,4.0
78647,3178,4.0
78647,3602,4.0
78647,1331,3.0
78647,1891,4.0
78652,1442,2.0
78652,5840,3.0
78652,1442,3.0
78652,5840,1.0
78750,45,3.0
78750,880,4.0
78750,844,4.0
78750,5111,5.0
78750,3658,5.0
78750,3029,1.0
78750,2718,4.0
78750,2826,5.0
78986,44,5.0
78986,5797,4.0
78986,4634,4.0
78986,4359,4.0
79046,798,5.0
79046,473,5.0
79046,4634,3.0
79046,5083,5.0
79046,5176,4.0
79046,2344,4.0
79193,2463,5.0
79193,357,2.0
79193,3064,5.0
79193,1940,5.0
79229,3523,2.0
79229,1643,2.0
79229,604,5.0
79229,4143,2.0
79229,3999,3.0
79342,5571,2.0
79342,5022,3.0
79342,686,5.0
79342,1023,3.0
79426,3653,4.0
79426,774,5.0
79426,1676,3.0
79426,4312,5.0
79443,5081,4.0
79443,912,4.0
79443,1600,5.0
79443,3974,5.0
79443,3136,4.0
79443,5390,5.0
79443,1442,2.0
79443,774,5.0
79443,2660,5.0
79443,2058,4.0
79443,1302,3.0
79501,596,4.0
79501,2933,4.0
79501,5484,4.0
79501,4782,4.0
79501,1330,5.0
79690,512,4.0
79690,2383,4.0
79690,2403,5.0
79690,1843,2.0
79748,5585,5.0
79748,5697,4.0
79748,5450,3.0
79748,465,2.0
79867,4314,2.0
79867,880,2.0
79867,3117,3.0
79867,32,3.0
79942,4693,5.0
79942,4693,5.0
79942,4693,5.0
79942,4693,5.0
80015,4514,5.0
80015,3113,4.0
80015,2061,5.0
80015,2061,5.0
80015,2061,5.0
80015,3209,5.0
80067,4990,5.0
80067,2707,4.0
80067,3737,1.0
80067,1790,3.0
80067,3178,4.0
80067,45,3.0
80147,4717,5.0
80147,4235,5.0
80147,4157,4.0
80147,122,5.0
80214,1030,4.0
80214,1641,5.0
80214,104,2.0
80214,4944,3.0
80214,5585,4.0
80300,5499,4.0
80300,2933,3.0
80300,3165,3.0
80300,2138,2.0
80325,3951,5.0
80325,1730,5.0
80325,3123,4.0
80325,1820,5.0
80325,1730,5.0
80394,8,4.0
80394,3586,4.0
80394,3455,3.0
80394,3586,2.0
80432,2355,3.0
80432,3732,4.0
80432,1631,4.0
80432,3084,5.0
80432,4601,4.0
80432,2078,2.0
80432,1320,3.0
80432,1701,3.0
80432,2775,4.0
80432,4889,3.0
80432,2359,3.0
80432,5148,4.0
80432,4393,5.0
80492,4580,4.0
80492,880,3.0
80492,5035,5.0
80492,5292,4.0
80611,5836,3.0
80611,5836,3.0
80611,3165,4.0
80611,4353,4.0
80611,104,4.0
80611,4184,3.0
80611,1783,4.0
80611,45,3.0
80611,3420,2.0
80611,5685,3.0
80611,3209,4.0
80611,3398,4.0
80611,4359,5.0
80611,2617,5.0
80611,2344,3.0
80611,522,4.0
80658,3927,3.0
80658,1594,3.0
80658,3732,5.0
80658,5285,3.0
80658,1884,3.0
80715,4875,1.0
80715,2424,5.0
80715,5214,1.0
80715,5259,5.0
80715,138,5.0
80715,1546,3.0
80715,1576,5.0
80715,5174,2.0
80715,522,3.0
80715,880,1.0
80715,5035,4.0
80920,1054,4.0
80920,774,4.0
80920,1641,5.0
80920,4717,4.0
81064,2344,5.0
81064,2294,5.0
81064,1613,5.0
81064,2085,5.0
81217,3247,4.0
81217,3142,4.0
81217,2006,5.0
81217,5625,4.0
81217,1233,5.0
81217,4304,1.0
81217,45,5.0
81222,4717,5.0
81222,1404,5.0
81222,5260,5.0
81222,4235,5.0
81248,1962,4.0
81248,4348,4.0
81248,4653,4.0
81248,1940,4.0
81248,683,4.0
81248,3165,3.0
81267,3620,4.0
81267,4088,5.0
81267,4673,4.0
81267,2781,4.0
81267,5360,5.0
81339,2044,4.0
81339,1162,3.0
81339,2557,4.0
81339,2557,4.0
81339,3228,5.0
81339,4534,4.0
81339,1174,3.0
81339,1178,5.0
81339,4534,4.0
81339,4464,4.0
81372,593,4.0
81372,3732,4.0
81372,4167,3.0
81372,2775,3.0
81372,496,1.0
81372,5768,4.0
81372,2775,4.0
81449,5037,4.0
81449,5585,5.0
81449,5471,4.0
81449,1114,1.0
81458,4754,5.0
81458,4016,3.0
81458,4754,5.0
81458,4088,5.0
81458,3143,5.0
81458,4872,3.0
81458,2660,5.0
81458,4229,3.0
81458,774,5.0
81458,25,5.0
81458,3732,5.0
81458,5747,5.0
81458,1093,5.0
81525,5176,5.0
81525,5083,3.0
81525,24,5.0
81525,4220,2.0
81525,4073,4.0
81525,798,5.0
81525,3764,5.0
81525,2344,4.0
81525,522,5.0
81595,5697,5.0
81595,1450,5.0
81595,5697,5.0
81595,5697,5.0
81639,1008,4.0
81639,2612,5.0
81639,2101,5.0
81639,2557,5.0
81639,4464,5.0
81639,2109,4.0
81639,4031,4.0
81639,4610,5.0
81693,5585,4.0
81693,5697,4.0
81693,44,4.0
81693,5625,3.0
81744,2581,1.0
81744,1023,5.0
81744,2581,1.0
81744,1531,3.0
82059,1056,4.0
82059,1790,1.0
82059,1056,1.0
82059,880,3.0
82164,1056,3.0
82164,12,4.0
82164,5755,4.0
82164,1104,3.0
82175,904,4.0
82175,3143,5.0
82175,5571,3.0
82175,2085,5.0
82175,2781,3.0
82175,566,4.0
82175,4830,2.0
82175,45,2.0
82175,1093,3.0
82175,3143,4.0
82180,860,3.0
82180,1487,4.0
82180,5757,5.0
82180,1948,1.0
82185,1023,4.0
82185,2391,5.0
82185,354,2.0
82185,4671,2.0
82185,4968,2.0
82185,39,3.0
82185,3202,3.0
82185,4671,2.0
82329,4364,3.0
82329,4406,3.0
82329,2290,1.0
82329,3777,3.0
82329,3527,3.0
82525,4875,5.0
82525,4875,5.0
82525,5641,5.0
82525,4875,5.0
82525,1546,1.0
82525,366,5.0
82525,3179,5.0
82525,235,5.0
82525,1546,5.0
82525,1546,5.0
82525,1546,5.0
82525,686,5.0
82525,3179,5.0
82525,4673,5.0
82525,1546,5.0
82525,3179,5.0
82525,4355,5.0
82525,4673,2.0
82538,5068,3.0
82538,2612,5.0
82538,522,4.0
82538,2270,5.0
82538,3732,4.0
82538,900,4.0
82538,5168,4.0
82585,1637,5.0
82585,723,4.0
82585,1949,5.0
82585,1819,4.0
82620,3133,4.0
82620,5055,4.0
82620,3732,4.0
82620,5027,2.0
82651,496,4.0
82651,4990,4.0
82651,2963,4.0
82651,5153,3.0
82653,2770,3.0
82653,1189,4.0
82653,3455,4.0
82653,1870,3.0
82653,4581,2.0
82653,2463,3.0
82653,44,4.0
82653,3523,4.0
82832,1819,5.0
82832,1629,1.0
82832,5641,4.0
82832,2888,4.0
82869,1108,4.0
82869,4990,4.0
82869,2988,3.0
82869,701,3.0
82869,12,2.0
82915,2112,2.0
82915,3600,5.0
82915,2112,5.0
82915,2359,5.0
82940,1775,5.0
82940,1442,1.0
82940,3572,5.0
82940,1752,3.0
82954,4656,4.0
82954,880,4.0
82954,3143,4.0
82954,4292,3.0
82954,2781,3.0
82954,5035,4.0
83035,904,5.0
83035,4429,4.0
83035,1120,2.0
83035,4429,3.0
83070,1248,5.0
83070,4455,4.0
83070,260,5.0
83070,260,5.0
83105,2775,3.0
83105,3885,5.0
83105,4800,4.0
83105,4273,3.0
83117,3586,1.0
83117,3647,1.0
83117,5585,4.0
83117,3455,2.0
83117,2463,4.0
83117,1870,4.0
83117,4550,4.0
83117,2239,4.0
83117,5037,4.0
83117,4550,5.0
83117,3736,5.0
83117,4830,2.0
83117,45,2.0
83117,4830,2.0
83117,748,4.0
83117,3586,1.0
83117,4550,5.0
83117,44,4.0
83117,5450,4.0
83117,5450,4.0
83117,4550,5.0
83117,5585,3.0
83117,4550,5.0
83117,5585,5.0
83117,5450,2.0
83117,5585,5.0
83117,5450,1.0
83154,2307,5.0
83154,1643,5.0
83154,2557,4.0
83154,686,4.0
83161,1306,1.0
83161,1306,1.0
83161,1306,1.0
83161,1306,1.0
83192,4880,5.0
83192,3503,5.0
83192,2044,5.0
83192,4675,4.0
83197,4143,4.0
83197,5390,5.0
83197,5001,4.0
83197,3165,2.0
83203,1442,4.0
83203,3732,5.0
83203,2359,5.0
83203,1066,4.0
83203,900,4.0
83209,4875,3.0
83209,522,3.0
83209,5647,2.0
83209,2880,1.0
83209,1442,3.0
83209,2362,3.0
83209,3732,3.0
83209,5690,3.0
83209,4920,3.0
83209,5849,2.0
83209,5849,3.0
83209,2753,3.0
83209,25,4.0
83209,774,4.0
83218,5176,4.0
83218,5083,4.0
83218,473,5.0
83218,24,5.0
83218,1260,3.0
83218,522,4.0
83218,3101,4.0
83218,2406,5.0
83218,3806,4.0
83275,4997,5.0
83275,1332,2.0
83275,1002,3.0
83275,4693,3.0
83275,2086,3.0
83275,4693,4.0
83417,4639,3.0
83417,4369,4.0
83417,5299,4.0
83417,3822,4.0
83528,3178,2.0
83528,45,3.0
83528,428,4.0
83528,5757,4.0
83695,5571,3.0
83695,250,4.0
83695,4235,3.0
83695,4786,3.0
83853,2284,4.0
83853,473,3.0
83853,4845,5.0
83853,4359,5.0
84041,5585,1.0
84041,3586,1.0
84041,5450,1.0
84041,5450,1.0
84041,3586,1.0
84041,5450,1.0
84041,5585,1.0
84051,891,3.0
84051,2182,2.0
84051,1855,4.0
84051,891,4.0
84067,792,3.0
84067,731,3.0
84067,1462,5.0
84067,3732,5.0
84067,880,3.0
84067,3885,5.0
84067,2078,3.0
84067,423,4.0
84067,2199,5.0
84113,3038,4.0
84113,789,5.0
84113,2775,4.0
84113,3732,4.0
84113,1555,4.0
84113,2359,4.0
84113,1843,3.0
84113,360,5.0
84113,958,3.0
84113,4088,3.0
84173,45,3.0
84173,837,4.0
84173,272,3.0
84173,2181,3.0
84184,5585,4.0
84184,2463,4.0
84184,3586,3.0
84184,5037,2.0
84184,3647,4.0
84201,3637,1.0
84201,5169,4.0
84201,4235,5.0
84201,5783,3.0
84311,4184,4.0
84311,3141,4.0
84311,1961,5.0
84311,2872,4.0
84311,5081,4.0
84411,5833,4.0
84411,774,5.0
84411,4118,5.0
84411,5111,5.0
84469,1608,5.0
84469,457,5.0
84469,774,5.0
84469,1164,5.0
84497,522,4.0
84497,235,4.0
84497,4634,4.0
84497,1442,3.0
84497,2138,4.0
84497,880,1.0
84497,5083,5.0
84497,2344,4.0
84497,24,5.0
84497,104,3.0
84497,683,3.0
84497,144,4.0
84497,596,4.0
84497,5176,4.0
84497,3398,3.0
84497,3119,5.0
84497,3700,3.0
84543,1462,5.0
84543,5559,4.0
84543,2963,4.0
84543,262,4.0
84562,1475,5.0
84562,4747,5.0
84562,2933,4.0
84562,4717,2.0
84562,2942,3.0
84562,2135,4.0
84586,3310,5.0
84586,5260,4.0
84586,104,5.0
84586,4717,5.0
84633,5843,3.0
84633,4543,3.0
84633,2133,3.0
84633,5746,3.0
84667,2215,4.0
84667,1631,4.0
84667,3732,4.0
84667,1498,4.0
84667,2450,4.0
84767,3614,4.0
84767,3732,5.0
84767,1462,5.0
84767,1066,5.0
84767,5747,5.0
84767,958,3.0
84767,3614,4.0
84767,3732,2.0
84767,1152,3.0
84767,4610,3.0
84767,1093,3.0
84767,1489,5.0
84827,1729,5.0
84827,5259,5.0
84827,2133,3.0
84827,3503,4.0
84856,2557,5.0
84856,5496,5.0
84856,5658,5.0
84856,2044,4.0
85265,898,4.0
85265,2773,4.0
85265,4543,3.0
85265,235,4.0
85265,4589,4.0
85301,144,5.0
85301,4717,5.0
85301,2618,1.0
85301,104,3.0
85337,880,4.0
85337,5035,4.0
85337,1665,5.0
85337,1174,3.0
85337,692,3.0
85337,2751,5.0
85337,692,1.0
85337,456,2.0
85337,2557,3.0
85337,4847,2.0
85337,5037,4.0
85337,1174,3.0
85337,1174,2.0
85337,2751,3.0
85337,2751,4.0
85337,456,5.0
85337,1174,2.0
85387,5037,1.0
85387,1189,3.0
85387,2463,5.0
85387,3303,3.0
85387,1442,4.0
85387,5585,5.0
85387,2884,2.0
85387,5450,3.0
85485,4140,4.0
85485,3732,5.0
85485,3945,4.0
85485,3542,4.0
85485,4569,5.0
85485,4671,5.0
85485,2775,4.0
85551,5833,4.0
85551,1676,3.0
85551,1775,2.0
85551,5443,3.0
85551,3662,3.0
85551,5450,3.0
85551,5585,4.0
85705,934,5.0
85705,1444,4.0
85705,3993,4.0
85705,5083,5.0
85705,4845,5.0
85705,473,4.0
85705,2344,3.0
85705,1183,5.0
85705,1902,4.0
85705,522,4.0
85746,1702,4.0
85746,4326,4.0
85746,4729,2.0
85746,31,4.0
85756,45,2.0
85756,2205,3.0
85756,144,3.0
85756,5625,2.0
85756,4624,1.0
85805,3474,3.0
85805,5374,4.0
85805,3136,4.0
85805,1442,3.0
85805,5398,4.0
85805,4184,3.0
85805,774,4.0
85805,1600,3.0
85805,4717,4.0
85864,4604,4.0
85864,473,4.0
85864,3780,3.0
85864,4359,4.0
85884,2884,5.0
85884,3523,5.0
85884,3523,5.0
85884,5585,3.0
85884,44,5.0
85884,2463,4.0
85884,4143,5.0
85884,45,3.0
85884,3209,5.0
85884,4825,2.0
85884,4550,4.0
85884,1870,4.0
85884,3586,3.0
85884,3710,3.0
85884,2010,5.0
85884,5037,4.0
86068,4506,4.0
86068,3732,5.0
86068,1003,2.0
86068,3777,4.0
86141,4749,5.0
86141,2403,3.0
86141,5571,3.0
86141,4749,5.0
86141,880,2.0
86141,1442,3.0
86141,1399,4.0
86141,3165,2.0
86141,2775,2.0
86141,1629,2.0
86141,45,4.0
86280,3999,3.0
86280,1442,1.0
86280,3637,2.0
86280,5292,2.0
86343,2775,3.0
86343,1442,3.0
86343,45,3.0
86343,3732,4.0
86362,1729,5.0
86362,4453,5.0
86362,2307,5.0
86362,5176,5.0
86362,2344,4.0
86630,5259,4.0
86630,2557,5.0
86630,5658,2.0
86630,3193,4.0
86630,3732,2.0
86630,2860,4.0
86662,5035,5.0
86662,566,5.0
86662,3143,5.0
86662,1312,5.0
86938,5168,5.0
86938,3801,5.0
86938,3542,5.0
86938,1631,5.0
86972,774,4.0
86972,3136,3.0
86972,1730,4.0
86972,5746,3.0
86972,3951,4.0
86972,5081,5.0
86972,1820,3.0
86972,1385,3.0
86972,5833,3.0
87042,3241,3.0
87042,1917,4.0
87042,2450,4.0
87042,3730,4.0
87042,3732,2.0
87042,734,4.0
87042,32,2.0
87134,3523,4.0
87134,44,4.0
87134,4143,4.0
87134,2463,4.0
87134,5115,4.0
87299,2613,4.0
87299,2851,4.0
87299,4212,5.0
87299,5130,5.0
87299,1819,5.0
87299,4683,5.0
87299,3350,3.0
87341,4543,4.0
87341,2257,3.0
87341,5111,3.0
87341,857,4.0
87358,379,4.0
87358,1631,5.0
87358,2013,4.0
87358,5658,5.0
87358,2440,5.0
87429,781,5.0
87429,3019,5.0
87429,2452,5.0
87429,2557,5.0
87462,1744,2.0
87462,2992,4.0
87462,4514,3.0
87462,4073,2.0
87601,3737,2.0
87601,393,4.0
87601,1860,2.0
87601,5604,4.0
87745,1886,5.0
87745,1783,4.0
87745,4942,4.0
87745,45,3.0
87745,4505,4.0
87745,3732,4.0
87745,4150,4.0
87745,2617,5.0
87745,5083,4.0
87745,522,4.0
87745,4505,4.0
88029,5031,3.0
88029,5111,5.0
88029,3143,5.0
88029,2781,3.0
88029,880,3.0
88029,5797,3.0
88077,3209,4.0
88077,104,4.0
88077,3480,4.0
88077,45,3.0
88077,4639,4.0
88113,2245,1.0
88113,3586,5.0
88113,3586,3.0
88113,3586,3.0
88113,5819,1.0
88113,5819,1.0
88113,2245,4.0
88113,5585,5.0
88151,5484,4.0
88151,2132,4.0
88151,4698,4.0
88151,3614,4.0
88151,2396,4.0
88151,792,5.0
88225,37,1.0
88225,2168,4.0
88225,701,4.0
88225,942,4.0
88292,2141,5.0
88292,4184,5.0
88292,25,5.0
88292,3136,5.0
88292,104,2.0
88362,2083,3.0
88362,473,5.0
88362,24,5.0
88362,809,4.0
88369,2109,4.0
88369,904,5.0
88369,3705,3.0
88369,2109,5.0
88407,5585,4.0
88407,2463,4.0
88407,1870,3.0
88407,44,4.0
88449,5585,5.0
88449,3523,5.0
88449,44,5.0
88449,5697,5.0
88449,5697,5.0
88449,3578,1.0
88449,5697,5.0
88449,5697,5.0
88449,5450,5.0
88449,5585,5.0
88502,4143,4.0
88502,44,5.0
88502,2463,4.0
88502,5450,4.0
88502,2289,4.0
88554,5081,3.0
88554,5176,3.0
88554,129,3.0
88554,2434,3.0
88554,3209,4.0
88554,3050,3.0
88689,2912,3.0
88689,3412,2.0
88689,5521,4.0
88689,3136,5.0
88748,5833,1.0
88748,4097,1.0
88748,701,2.0
88748,2988,2.0
88774,5745,5.0
88774,4359,5.0
88774,1456,5.0
88774,5083,5.0
88783,1165,2.0
88783,880,2.0
88783,888,5.0
88783,4120,5.0
88828,189,4.0
88828,2888,3.0
88828,189,2.0
88828,514,1.0
88828,189,3.0
88845,5062,5.0
88845,45,1.0
88845,5700,5.0
88845,3335,5.0
88921,2626,4.0
88921,104,5.0
88921,1442,2.0
88921,3999,4.0
88965,1666,3.0
88965,3142,3.0
88965,3247,3.0
88965,511,3.0
89077,4673,3.0
89077,880,2.0
89077,180,5.0
89077,3228,5.0
89077,522,4.0
89077,1178,5.0
89077,683,3.0
89209,4304,2.0
89209,4683,5.0
89209,5797,2.0
89209,1798,4.0
89209,1819,5.0
89209,1819,5.0
89213,4487,1.0
89213,1665,5.0
89213,2417,5.0
89213,2417,5.0
89226,918,1.0
89226,1593,5.0
89226,5769,5.0
89226,880,4.0
89232,5130,4.0
89232,858,5.0
89232,1152,4.0
89232,4118,4.0
89287,2044,3.0
89287,3806,4.0
89287,1380,5.0
89287,5259,4.0
89512,4241,4.0
89512,552,2.0
89512,552,4.0
89512,880,3.0
89578,5585,5.0
89578,5585,5.0
89578,3622,5.0
89578,5835,2.0
89756,2178,5.0
89756,2178,5.0
89756,773,4.0
89756,3764,5.0
89783,2078,4.0
89783,5173,4.0
89783,4884,3.0
89783,5419,3.0
89783,2814,3.0
89783,3236,5.0
89854,2182,3.0
89854,5168,4.0
89854,5148,4.0
89854,2025,4.0
90093,4143,4.0
90093,3052,3.0
90093,3622,5.0
90093,614,4.0
90093,3607,5.0
90093,2636,4.0
90093,3586,3.0
90093,5585,5.0
90093,44,4.0
90093,4550,4.0
90093,4550,1.0
90093,3967,5.0
90093,5835,4.0
90093,1189,4.0
90093,2010,5.0
90093,5307,3.0
90093,522,4.0
90093,490,5.0
90093,2463,3.0
90249,2118,4.0
90249,3143,4.0
90249,1356,5.0
90249,904,4.0
90254,4717,5.0
90254,774,5.0
90254,3906,4.0
90254,1637,5.0
90254,5605,5.0
90254,1164,4.0
90254,3653,4.0
90254,1404,5.0
90254,1341,4.0
90254,879,5.0
90278,1870,4.0
90278,1870,5.0
90278,4550,5.0
90278,1032,1.0
90432,3991,5.0
90432,765,4.0
90432,3758,4.0
90432,2775,3.0
90432,1631,4.0
90432,5168,4.0
90432,4671,4.0
90494,1914,5.0
90494,2877,1.0
90494,3643,5.0
90494,190,4.0
90494,522,4.0
90494,366,5.0
90494,31,5.0
90494,5494,4.0
90494,3342,4.0
90502,3647,1.0
90502,1103,3.0
90502,3100,4.0
90502,904,5.0
90524,880,5.0
90524,904,5.0
90524,1356,5.0
90524,686,5.0
90555,4754,4.0
90555,3732,5.0
90555,45,3.0
90555,4896,3.0
90641,3228,4.0
90641,1178,4.0
90641,5035,4.0
90641,1413,3.0
90792,1702,5.0
90792,4753,4.0
90792,2344,5.0
90792,5360,5.0
90882,104,5.0
90882,5081,3.0
90882,4455,5.0
90882,697,3.0
90882,24,4.0
90882,5176,5.0
90883,2334,4.0
90883,4184,5.0
90883,2935,5.0
90883,1164,5.0
90889,1442,3.0
90889,3850,3.0
90889,5767,3.0
90889,3136,4.0
90889,5521,4.0
90889,104,4.0
90889,3974,4.0
90906,3405,5.0
90906,2006,4.0
90906,3405,5.0
90906,5267,4.0
91084,5769,5.0
91084,4140,1.0
91084,2204,3.0
91084,858,4.0
91084,5833,4.0
91106,1843,1.0
91106,1631,4.0
91106,496,2.0
91106,5168,4.0
91106,1917,5.0
91106,1498,2.0
91106,4782,5.0
91106,2396,5.0
91170,1693,5.0
91170,860,3.0
91170,499,5.0
91170,5270,4.0
91209,1312,4.0
91209,4128,3.0
91209,5031,3.0
91209,5071,3.0
91338,1442,3.0
91338,5605,5.0
91338,1820,5.0
91338,61,5.0
91338,5292,3.0
91338,1820,5.0
91338,774,5.0
91338,3119,5.0
91338,1752,2.0
91363,680,4.0
91363,4713,3.0
91363,2367,5.0
91363,812,5.0
91437,150,4.0
91437,3620,4.0
91437,4749,4.0
91437,4673,3.0
91455,3165,4.0
91455,1413,3.0
91455,1442,1.0
91455,5292,3.0
91543,3705,3.0
91543,32,5.0
91543,1008,4.0
91543,1023,4.0
91656,5027,2.0
91656,1312,3.0
91656,45,4.0
91656,2963,4.0
91772,2344,5.0
91772,977,4.0
91772,4530,3.0
91772,2972,4.0
91815,880,1.0
91815,880,1.0
91815,880,3.0
91815,880,3.0
91815,4830,3.0
91815,880,2.0
91815,3732,4.0
91815,2328,4.0
91840,4212,4.0
91840,5071,3.0
91840,1637,5.0
91840,250,5.0
91870,4683,4.0
91870,1752,4.0
91870,3658,3.0
91870,799,2.0
91884,2781,2.0
91884,904,5.0
91884,3143,5.0
91884,880,2.0
91884,104,2.0
91942,2424,3.0
91942,1975,3.0
91942,648,2.0
91942,4677,4.0
92049,5585,4.0
92049,5115,4.0
92049,5115,4.0
92049,5585,4.0
92133,5292,4.0
92133,144,4.0
92133,5833,4.0
92133,104,4.0
92133,1164,5.0
92133,774,4.0
92187,1442,3.0
92187,104,4.0
92187,4220,2.0
92187,522,3.0
92187,3398,3.0
92213,5585,1.0
92213,44,1.0
92213,3622,1.0
92213,4550,2.0
92348,45,3.0
92348,4143,4.0
92348,44,4.0
92348,24,5.0
92348,774,5.0
92348,1341,4.0
92348,1442,4.0
92394,2745,2.0
92394,958,2.0
92394,958,1.0
92394,4227,2.0
92394,5423,3.0
92407,129,4.0
92407,2933,5.0
92407,3119,4.0
92407,4184,2.0
92480,25,5.0
92480,1442,2.0
92480,774,5.0
92480,5605,4.0
92480,4184,4.0
92480,483,4.0
92480,104,4.0
92484,2328,2.0
92484,4550,1.0
92484,4550,3.0
92484,4326,5.0
92484,1413,3.0
92509,4086,5.0
92509,3398,4.0
92509,522,4.0
92509,5189,4.0
92555,452,3.0
92555,1464,4.0
92555,2508,3.0
92555,2508,3.0
92581,5169,4.0
92581,4208,5.0
92581,4184,3.0
92581,5062,2.0
92581,5552,4.0
92581,262,4.0
92581,45,3.0
92581,4990,3.0
92581,3637,3.0
92581,1442,3.0
92766,393,5.0
92766,2963,4.0
92766,163,4.0
92766,4031,4.0
92793,1876,4.0
92793,3662,4.0
92793,4495,5.0
92793,857,4.0
92929,2097,4.0
92929,270,3.0
92929,3732,4.0
92929,4167,4.0
92942,5552,4.0
92942,5625,5.0
92942,3906,5.0
92942,4771,5.0
92942,5169,5.0
92942,226,4.0
92975,971,5.0
92975,393,4.0
92975,4364,4.0
92975,45,5.0
93096,5186,3.0
93096,5746,4.0
93096,342,2.0
93096,3637,3.0
93096,1186,4.0
93098,2391,5.0
93098,4758,1.0
93098,4086,5.0
93098,1442,2.0
93098,1404,3.0
93098,579,5.0
93203,552,3.0
93203,4550,4.0
93203,5037,3.0
93203,3586,4.0
93203,4559,3.0
93203,1976,3.0
93203,1683,4.0
93203,1855,3.0
93290,900,4.0
93290,2450,4.0
93290,2662,5.0
93290,5278,4.0
93290,1914,5.0
93293,5819,4.0
93293,5037,3.0
93293,1189,2.0
93293,4550,3.0
93293,3647,4.0
93293,5819,1.0
93293,1870,4.0
93313,4198,2.0
93313,4693,3.0
93313,596,4.0
93313,1442,2.0
93313,2294,3.0
93313,2557,3.0
93313,5267,5.0
93376,4122,4.0
93376,5083,4.0
93376,2557,5.0
93376,1151,3.0
93403,4514,4.0
93403,1331,2.0
93403,4183,5.0
93403,774,5.0
93403,4514,3.0
93403,3840,4.0
93403,1306,4.0
93403,1937,2.0
93442,5027,1.0
93442,2541,2.0
93442,5379,4.0
93442,5250,4.0
93641,2463,4.0
93641,4143,4.0
93641,4097,3.0
93641,3243,3.0
93641,1442,4.0
93641,4023,4.0
93641,5094,4.0
93733,4729,5.0
93733,4729,5.0
93733,1093,4.0
93733,4251,4.0
93793,4157,1.0
93793,2344,4.0
93793,1637,4.0
93793,5061,5.0
93857,1144,5.0
93857,2101,5.0
93857,3117,4.0
93857,4464,4.0
93865,1593,3.0
93865,904,3.0
93865,1542,3.0
93865,774,5.0
94049,1152,5.0
94049,798,4.0
94049,2344,3.0
94049,3732,5.0
94049,5183,4.0
94049,4128,3.0
94049,219,5.0
94049,5055,5.0
94049,2204,5.0
94049,863,3.0
94049,3069,5.0
94049,2745,4.0
94142,5398,5.0
94142,5398,5.0
94142,5488,5.0
94142,4312,5.0
94200,3586,3.0
94200,4184,5.0
94200,1442,5.0
94200,129,4.0
94282,499,2.0
94282,2169,4.0
94282,4693,4.0
94282,4587,4.0
94282,1332,3.0
94282,971,4.0
94282,1120,2.0
94285,4122,4.0
94285,1643,3.0
94285,4717,5.0
94285,3999,5.0
94285,2953,5.0
94285,1962,3.0
94285,1461,2.0
94285,2612,4.0
94304,1442,4.0
94304,2660,4.0
94304,4229,4.0
94304,342,5.0
94304,1811,5.0
94409,3119,5.0
94409,5486,5.0
94409,596,5.0
94409,5214,1.0
94437,4304,4.0
94437,393,4.0
94437,1733,2.0
94437,5267,5.0
94437,723,3.0
94437,5277,5.0
94437,4543,3.0
94437,104,4.0
94437,774,3.0
94633,1189,3.0
94633,44,4.0
94633,2463,4.0
94633,5697,4.0
94633,5819,3.0
94646,5585,3.0
94646,5450,4.0
94646,2245,3.0
94646,4550,1.0
94748,4294,5.0
94748,3143,5.0
94748,5378,1.0
94748,18,3.0
94902,185,1.0
94902,24,4.0
94902,5176,4.0
94902,4829,5.0
94919,3523,5.0
94919,3019,1.0
94919,4184,5.0
94919,888,4.0
94941,5431,4.0
94941,2440,4.0
94941,3732,5.0
94941,2963,4.0
94941,1783,5.0
94941,5552,4.0
94941,45,4.0
94941,2403,4.0
94941,5359,4.0
94941,4140,4.0
94941,2270,4.0
94941,379,4.0
94941,2450,4.0
94941,3732,5.0
94941,3133,4.0
94941,5173,4.0
94966,361,5.0
94966,1738,3.0
94966,361,5.0
94966,1054,5.0
94966,1738,3.0
94975,2452,4.0
94975,4464,5.0
94975,2557,5.0
94975,604,5.0
95014,369,4.0
95014,361,4.0
95014,45,4.0
95014,5259,4.0
95235,2837,4.0
95235,3209,5.0
95235,999,4.0
95235,863,3.0
95235,2610,3.0
95235,4357,3.0
95235,999,5.0
95235,4097,1.0
95356,5292,3.0
95356,5110,4.0
95356,25,5.0
95356,5705,5.0
95384,3136,5.0
95384,1164,3.0
95384,2430,5.0
95384,357,4.0
95384,4212,2.0
95525,2775,1.0
95525,2775,3.0
95525,34,4.0
95525,2775,1.0
95564,1733,3.0
95564,3237,4.0
95564,1185,4.0
95564,4781,3.0
95764,904,5.0
95764,5201,5.0
95764,2085,5.0
95764,3143,5.0
95764,4254,4.0
95764,1144,5.0
95764,5706,5.0
95764,2760,4.0
95764,4525,4.0
95764,5571,3.0
95764,5360,5.0
95764,41,4.0
95896,2463,3.0
95896,1870,4.0
95896,5037,3.0
95896,2463,5.0
96105,4304,2.0
96105,1089,1.0
96105,1902,4.0
96105,4896,1.0
96105,5585,4.0
96105,5855,5.0
96113,5169,5.0
96113,5656,5.0
96113,4345,4.0
96113,2589,5.0
96144,1442,3.0
96144,357,4.0
96144,774,4.0
96144,3064,3.0
96207,3523,5.0
96207,490,4.0
96207,2085,5.0
96207,3356,3.0
96207,3143,5.0
96207,1356,5.0
96207,190,2.0
96207,3143,5.0
96302,5625,5.0
96302,3843,4.0
96302,4530,3.0
96302,3209,5.0
96347,1442,3.0
96347,12,3.0
96347,2557,4.0
96347,5843,5.0
96422,3843,5.0
96422,3843,5.0
96422,3843,5.0
96422,3843,5.0
96422,3843,5.0
96422,3843,5.0
96422,3843,5.0
96422,3843,5.0
96580,1440,5.0
96580,4463,2.0
96580,1436,1.0
96580,2263,1.0
96580,2912,2.0
96580,115,2.0
96653,2344,5.0
96653,3732,5.0
96653,819,3.0
96653,1442,4.0
96735,5037,4.0
96735,5585,4.0
96735,1870,4.0
96735,3647,4.0
96754,1420,4.0
96754,604,5.0
96754,1902,3.0
96754,1178,5.0
96754,1593,5.0
96809,683,4.0
96809,3340,1.0
96809,1763,3.0
96809,5746,3.0
96809,3165,3.0
96809,4683,4.0
96809,3340,2.0
96809,3136,3.0
96836,5139,2.0
96836,4269,2.0
96836,980,4.0
96836,4269,3.0
96899,3143,5.0
96899,1542,4.0
96899,2085,5.0
96899,3143,3.0
96899,2191,2.0
96899,1144,4.0
96988,3647,5.0
96988,2884,3.0
96988,2884,3.0
96988,1189,1.0
96988,1870,2.0
96988,5585,3.0
97003,1729,5.0
97003,2557,5.0
97003,2344,5.0
97003,781,5.0
97074,473,5.0
97074,522,4.0
97074,4359,5.0
97074,4073,4.0
97201,678,4.0
97201,447,4.0
97201,1190,3.0
97201,45,3.0
97201,2400,5.0
97201,4097,3.0
97201,3178,3.0
97201,4097,1.0
97201,3350,3.0
97201,4830,2.0
97201,3637,2.0
97201,1404,5.0
97201,104,4.0
97201,1608,4.0
97201,1442,3.0
97201,1255,3.0
97201,678,4.0
97201,1306,3.0
97210,3582,5.0
97210,1023,3.0
97210,5281,5.0
97210,3653,5.0
97219,5168,4.0
97219,2417,5.0
97219,24,3.0
97219,3703,5.0
97390,2513,4.0
97390,907,5.0
97390,1783,5.0
97390,1093,5.0
97390,4088,5.0
97424,4326,4.0
97424,1055,2.0
97424,1442,2.0
97424,1940,4.0
97424,5061,4.0
97424,4212,2.0
97424,250,4.0
97645,1442,2.0
97645,250,3.0
97645,4157,3.0
97645,4783,4.0
97651,5629,3.0
97651,361,4.0
97651,1487,4.0
97651,522,4.0
97685,4825,4.0
97685,3880,2.0
97685,4669,2.0
97685,4128,4.0
97685,1891,3.0
97685,262,2.0
97751,5768,2.0
97751,1151,2.0
97751,4119,4.0
97751,837,4.0
97751,1151,2.0
97837,1312,5.0
97837,4543,5.0
97837,4911,5.0
97837,5625,4.0
97837,2541,5.0
97837,511,5.0
97942,2187,5.0
97942,907,3.0
97942,3484,4.0
97942,4965,3.0
97942,3209,3.0
97942,1190,1.0
97942,2480,4.0
98024,3287,3.0
98024,1422,1.0
98024,4097,1.0
98024,3209,3.0
98024,4143,4.0
98024,2463,3.0
98024,44,3.0
98024,3523,4.0
98072,1093,5.0
98072,4326,4.0
98072,755,4.0
98072,4143,4.0
98130,692,5.0
98130,2557,5.0
98130,5753,4.0
98130,3143,3.0
98130,5111,5.0
98130,3732,4.0
98278,3325,1.0
98278,1813,5.0
98278,393,5.0
98278,4942,5.0
98295,2006,3.0
98295,3602,3.0
98295,3517,1.0
98295,4664,4.0
98423,4086,4.0
98423,1733,3.0
98423,1891,3.0
98423,3209,4.0
98423,1890,1.0
98481,45,3.0
98481,1010,4.0
98481,1701,3.0
98481,2775,2.0
98481,4675,5.0
98481,3710,2.0
98577,1306,4.0
98577,4128,3.0
98577,907,5.0
98577,4543,4.0
98577,1289,5.0
98577,1919,4.0
98577,2581,3.0
98577,45,3.0
98577,522,3.0
98815,4990,5.0
98815,1306,2.0
98815,4198,2.0
98815,361,5.0
98815,1733,3.0
98815,393,4.0
99053,904,5.0
99053,3143,5.0
99053,4427,5.0
99053,4359,5.0
99166,2900,5.0
99166,880,3.0
99166,4023,4.0
99166,596,2.0
99166,880,2.0
99252,5259,5.0
99252,2557,4.0
99252,5292,3.0
99252,1637,5.0
99354,3064,5.0
99354,357,4.0
99354,774,5.0
99354,4550,2.0
99404,2955,1.0
99404,144,3.0
99404,2622,4.0
99404,1730,4.0
99445,2255,4.0
99445,3732,5.0
99445,522,5.0
99445,522,4.0
99445,3029,4.0
99447,45,3.0
99447,522,3.0
99447,5039,4.0
99447,3398,3.0
99447,4436,1.0
99447,4364,3.0
99549,379,4.0
99549,2078,1.0
99549,2440,3.0
99549,4884,4.0
99577,1442,2.0
99577,4911,4.0
99577,1186,5.0
99577,1442,2.0
99577,1482,5.0
99577,1151,4.0
99624,446,3.0
99624,1093,5.0
99624,1743,3.0
99624,2557,1.0
99639,1855,4.0
99639,360,5.0
99639,4409,3.0
99639,5065,2.0
99734,2781,2.0
99734,1404,4.0
99734,1890,5.0
99734,45,4.0
99770,5169,5.0
99770,5061,4.0
99770,5746,4.0
99770,4471,2.0
99802,1186,1.0
99802,4872,1.0
99802,5250,4.0
99802,4997,4.0
99919,3455,5.0
99919,3455,5.0
99919,2245,4.0
99919,5585,1.0
100022,5260,5.0
100022,3951,2.0
100022,3165,4.0
100022,473,5.0
100022,24,5.0
100022,3208,4.0
100022,4845,5.0
100023,4550,3.0
100023,5585,4.0
100023,1870,3.0
100023,5037,3.0
100052,5697,4.0
100052,5585,4.0
100052,5450,3.0
100052,5168,5.0
100329,5037,5.0
100329,1870,2.0
100329,5037,5.0
100329,1870,5.0
100329,1189,2.0
100338,3828,5.0
100338,3944,5.0
100338,1702,4.0
100338,1489,5.0
100338,5044,5.0
100338,4729,5.0
100377,4398,4.0
100377,5068,4.0
100377,2336,4.0
100377,5302,4.0
100377,473,3.0
100377,24,4.0
100377,1363,5.0
100377,3143,5.0
100486,5169,5.0
100486,1676,4.0
100486,4183,5.0
100486,3999,4.0
100651,4550,4.0
100651,5819,4.0
100651,2245,2.0
100651,44,4.0
100651,1189,2.0
100651,2403,4.0
100699,4656,2.0
100699,4485,2.0
100699,4485,4.0
100699,3700,1.0
100786,858,4.0
100786,3732,4.0
100786,817,5.0
100786,2132,5.0
100839,4005,4.0
100839,2775,5.0
100839,71,5.0
100839,5168,5.0
100839,1066,4.0
100839,2775,5.0
100839,1843,5.0
100839,5080,4.0
100904,1411,5.0
100904,1843,3.0
100904,5168,4.0
100904,2199,5.0
100904,5491,4.0
100934,3916,1.0
100934,5753,2.0
100934,5849,4.0
100934,714,2.0
100966,1461,3.0
100966,5375,3.0
100966,2344,3.0
100966,522,4.0
100966,1442,2.0
100966,144,3.0
100966,2294,4.0
100966,2557,5.0
100966,2977,2.0
100966,5746,4.0
100966,5647,4.0
100966,45,2.0
100966,4097,2.0
100966,880,3.0
100966,2383,2.0
100966,3732,5.0
100966,3916,4.0
100966,3243,4.0
100966,2118,3.0
100966,1093,4.0
100966,2344,1.0
100966,1890,4.0
100966,1960,1.0
100966,3187,5.0
100991,2643,5.0
100991,2643,5.0
100991,2790,2.0
100991,2790,2.0
101050,5665,5.0
101050,3148,5.0
101050,3148,5.0
101050,3148,5.0
101099,3945,2.0
101099,2508,4.0
101099,5449,3.0
101099,5357,2.0
101114,61,4.0
101114,4543,3.0
101114,369,4.0
101114,781,3.0
101114,5843,4.0
101114,2557,4.0
101114,1665,5.0
101114,1442,3.0
101114,357,4.0
101114,2344,5.0
101114,522,4.0
101114,24,5.0
101114,45,4.0
101114,1442,3.0
101114,61,4.0
101114,104,4.0
101114,4786,3.0
101114,3165,3.0
101114,144,5.0
101114,1775,4.0
101126,2581,4.0
101126,478,3.0
101126,5571,3.0
101126,4673,2.0
101323,5111,5.0
101323,1356,5.0
101323,2085,5.0
101323,5201,5.0
101399,2424,4.0
101399,1330,5.0
101399,1411,5.0
101399,2557,5.0
101399,1676,4.0
101399,2013,4.0
101402,2775,4.0
101402,3732,5.0
101402,3252,5.0
101402,900,5.0
101638,1482,4.0
101638,1186,4.0
101638,4567,5.0
101638,3818,5.0
101638,5840,3.0
101638,104,4.0
101638,1442,4.0
101638,3702,1.0
101638,1489,4.0
101638,3208,4.0
101638,3340,4.0
101638,3141,3.0
101688,1870,4.0
101688,4550,4.0
101688,2463,3.0
101688,5585,5.0
101688,3647,5.0
101688,2463,5.0
101688,5450,3.0
101692,725,3.0
101692,2109,3.0
101692,1023,4.0
101692,214,1.0
101692,3705,3.0
101754,24,4.0
101754,189,3.0
101754,4143,1.0
101754,3840,3.0
101768,1998,5.0
101768,880,3.0
101768,4292,2.0
101768,270,3.0
101768,522,4.0
101768,4600,3.0
101768,2948,4.0
101836,3033,3.0
101836,4755,5.0
101836,45,2.0
101836,1579,3.0
101836,3732,5.0
101845,3586,3.0
101845,5585,2.0
101845,5585,1.0
101845,5585,1.0
101944,799,5.0
101944,1643,2.0
101944,4220,2.0
101944,799,2.0
101944,2284,4.0
101944,61,5.0
101944,2045,3.0
102048,4825,3.0
102048,2963,4.0
102048,2290,4.0
102048,5148,3.0
102097,1442,4.0
102097,2697,2.0
102097,3732,4.0
102097,5080,4.0
102097,1966,3.0
102097,5292,5.0
102168,5136,4.0
102168,2373,4.0
102168,5390,3.0
102168,5130,3.0
102168,1442,3.0
102168,1442,3.0
102277,1641,5.0
102277,2436,5.0
102277,774,5.0
102277,1820,5.0
102411,4143,4.0
102411,3455,4.0
102411,755,4.0
102411,5819,2.0
102411,3751,4.0
102411,531,5.0
102473,1442,3.0
102473,2933,3.0
102473,5493,1.0
102473,697,4.0
102473,2972,4.0
102473,809,5.0
102473,4368,5.0
102474,5605,1.0
102474,3653,1.0
102474,3837,1.0
102474,1255,1.0
102537,5111,4.0
102537,4783,4.0
102537,1489,5.0
102537,966,4.0
102537,2989,4.0
102554,1207,2.0
102554,5039,4.0
102554,3853,4.0
102554,2189,4.0
102554,566,4.0
102566,1066,4.0
102566,2773,4.0
102566,4634,5.0
102566,4088,5.0
102566,3143,5.0
102642,4783,4.0
102642,5183,4.0
102642,2462,3.0
102642,2948,1.0
102657,1442,1.0
102657,2613,4.0
102657,4020,4.0
102657,5169,4.0
102657,250,4.0
102657,1820,5.0
102657,1819,4.0
102657,44,3.0
102717,1195,3.0
102717,5554,5.0
102717,581,4.0
102717,2085,5.0
102717,4314,2.0
102717,880,3.0
102717,2781,3.0
102717,4254,4.0
102717,5360,5.0
102717,4387,5.0
102717,2575,3.0
102796,2109,4.0
102796,4088,4.0
102796,904,4.0
102796,5111,5.0
103158,8,4.0
103158,4559,5.0
103158,4184,5.0
103158,2156,5.0
103207,2463,2.0
103207,44,4.0
103207,1767,5.0
103207,5450,1.0
103260,5168,4.0
103260,2270,4.0
103260,2348,4.0
103260,4884,5.0
103260,3614,4.0
103271,3637,4.0
103271,3136,5.0
103271,5767,5.0
103271,409,5.0
103295,4143,3.0
103295,4550,3.0
103295,4464,4.0
103295,5201,4.0
103295,4088,4.0
103350,5450,1.0
103350,1870,4.0
103350,5585,5.0
103350,5819,1.0
103471,2832,4.0
103471,4184,3.0
103471,1962,4.0
103471,4073,4.0
103529,858,5.0
103529,2097,5.0
103529,3700,2.0
103529,2109,4.0
103577,5585,1.0
103577,5697,5.0
103577,4550,1.0
103577,5585,1.0
103747,4086,3.0
103747,5065,3.0
103747,1108,4.0
103747,2946,5.0
103788,989,3.0
103788,1436,3.0
103788,880,2.0
103788,1144,1.0
103827,879,4.0
103827,2622,4.0
103827,1442,4.0
103827,4911,3.0
103827,4653,3.0
103827,4157,5.0
103865,129,5.0
103865,4712,3.0
103865,5260,5.0
103865,5169,5.0
103874,5725,4.0
103874,2957,3.0
103874,2488,4.0
103874,5625,3.0
103963,4495,5.0
103963,45,1.0
103963,45,1.0
103963,45,1.0
103968,2013,5.0
103968,2078,3.0
103968,1444,5.0
103968,2450,5.0
103968,2314,2.0
103968,5168,5.0
103968,858,5.0
103968,2078,4.0
103968,2775,3.0
103968,4505,3.0
104039,1302,4.0
104039,1820,5.0
104039,1442,4.0
104039,1819,4.0
104043,2610,4.0
104043,4369,4.0
104043,3367,1.0
104043,774,5.0
104067,4172,4.0
104067,61,4.0
104067,34,4.0
104067,596,3.0
104067,3165,5.0
104067,3165,5.0
104067,2851,4.0
104067,1462,4.0
104207,774,5.0
104207,25,5.0
104207,104,4.0
104207,5783,4.0
104207,4653,4.0
104207,5630,4.0
104207,3136,5.0
104207,5390,5.0
104207,3702,4.0
104207,748,4.0
104207,4184,3.0
104207,5061,4.0
104242,1030,5.0
104242,2389,4.0
104242,343,4.0
104242,2557,5.0
104242,3973,4.0
104242,679,4.0
104331,2169,5.0
104331,499,5.0
104331,2169,5.0
104331,1693,5.0
104375,202,4.0
104375,1798,2.0
104375,1358,2.0
104375,880,4.0
104375,5625,4.0
104375,4143,4.0
104375,3598,4.0
104375,2463,4.0
104375,1575,4.0
104375,2204,4.0
104375,3438,2.0
104375,4600,3.0
104375,1442,2.0
104401,1531,3.0
104401,5484,1.0
104401,2419,3.0
104401,5767,4.0
104428,5259,3.0
104428,2557,4.0
104428,4122,3.0
104428,5109,3.0
104428,714,2.0
104428,3457,4.0
104428,522,3.0
104428,4073,3.0
104428,1164,4.0
104428,1442,3.0
104428,4911,4.0
104473,2942,4.0
104473,3732,4.0
104473,5755,4.0
104473,4543,4.0
104473,45,3.0
104473,2662,3.0
104525,1579,4.0
104525,45,4.0
104525,786,3.0
104525,4201,4.0
104595,5705,5.0
104595,1819,5.0
104595,2836,5.0
104595,907,2.0
104683,2557,5.0
104683,5169,5.0
104683,774,5.0
104683,2046,5.0
104708,5459,3.0
104708,748,4.0
104708,45,2.0
104708,3732,4.0
104708,522,2.0
104708,798,4.0
104708,3398,4.0
104708,2757,3.0
104708,5044,4.0
104723,3840,5.0
104723,971,3.0
104723,4530,3.0
104723,569,5.0
104727,104,4.0
104727,888,2.0
104727,774,4.0
104727,4183,4.0
104784,2044,4.0
104784,604,4.0
104784,5772,1.0
104784,5168,5.0
104961,5444,3.0
104961,5450,2.0
104961,1748,1.0
104961,45,1.0
105008,3136,4.0
105008,683,2.0
105008,1442,3.0
105008,5061,3.0
105031,1277,4.0
105031,2462,1.0
105031,4427,3.0
105031,2575,4.0
105031,1195,4.0
105031,4600,3.0
105031,4427,3.0
105031,1739,5.0
105046,880,1.0
105046,345,3.0
105046,3590,4.0
105046,3136,4.0
105171,1289,5.0
105171,774,5.0
105171,1637,3.0
105171,24,2.0
105171,1820,4.0
105171,2753,2.0
105251,2199,5.0
105251,4488,5.0
105251,5278,4.0
105251,3801,4.0
105253,3193,5.0
105253,4904,4.0
105253,858,4.0
105253,1631,4.0
105253,5278,4.0
105253,5658,4.0
105253,3732,5.0
105253,3732,4.0
105253,5278,5.0
105328,1593,5.0
105328,228,5.0
105328,2424,5.0
105328,4589,1.0
105399,3760,4.0
105399,5585,2.0
105399,5812,1.0
105399,2245,1.0
105448,2610,4.0
105448,1770,1.0
105448,1891,1.0
105448,45,2.0
105448,25,5.0
105507,3737,2.0
105507,5797,4.0
105507,4304,3.0
105507,3086,3.0
105507,3209,4.0
105507,5260,5.0
105507,4183,5.0
105507,2613,2.0
105507,3165,1.0
105621,3999,3.0
105621,1442,3.0
105621,4406,2.0
105621,4351,1.0
105668,757,5.0
105668,4387,2.0
105668,4003,5.0
105668,1442,4.0
105668,4387,2.0
105668,880,2.0
105668,5183,1.0
105668,3143,5.0
105690,5254,5.0
105690,596,4.0
105690,25,5.0
105690,2557,5.0
105769,4463,3.0
105769,1489,3.0
105769,2790,2.0
105769,5747,4.0
105777,4251,4.0
105777,446,4.0
105777,2643,4.0
105777,4729,3.0
105777,1436,4.0
105777,1093,4.0
105777,360,5.0
105777,4729,4.0
105911,812,5.0
105911,2436,5.0
105911,4712,3.0
105911,3906,4.0
105937,4712,3.0
105937,1641,4.0
105937,3165,4.0
105937,4712,4.0
106079,1576,5.0
106079,5039,4.0
106079,5255,4.0
106079,4589,2.0
106104,522,3.0
106104,3187,4.0
106104,1884,3.0
106104,2536,2.0
106111,1819,3.0
106111,4654,3.0
106111,4712,5.0
106111,1819,4.0
106123,5747,4.0
106123,4241,4.0
106123,2054,4.0
106123,3944,4.0
106133,5548,2.0
106133,4904,5.0
106133,2013,1.0
106133,2013,3.0
106133,5658,3.0
106133,1066,5.0
106133,3732,5.0
106223,2942,2.0
106223,2832,3.0
106223,3165,3.0
106223,4220,2.0
106263,2426,3.0
106263,4273,3.0
106263,1411,5.0
106263,2508,4.0
106263,2557,5.0
106263,4971,1.0
106263,1066,1.0
106263,789,3.0
106295,4675,5.0
106295,4122,5.0
106295,2513,4.0
106295,457,4.0
106350,1348,3.0
106350,5755,3.0
106350,3999,4.0
106350,2661,5.0
106576,2109,1.0
106576,4427,1.0
106576,522,4.0
106576,5174,3.0
106576,2109,3.0
106576,1436,4.0
106576,305,4.0
106576,1998,2.0
106576,4314,1.0
106576,2575,4.0
106582,3457,4.0
106582,2083,4.0
106582,4604,5.0
106582,5083,3.0
106582,3764,5.0
106582,4359,5.0
106582,3806,5.0
106582,4566,4.0
106582,934,5.0
106582,5176,4.0
106582,24,5.0
106582,24,5.0
107033,45,3.0
107033,4227,3.0
107033,1577,4.0
107033,4143,3.0
107033,522,2.0
107033,104,4.0
107151,4543,4.0
107151,695,5.0
107151,2912,3.0
107151,2662,4.0
107151,2662,3.0
107155,1442,3.0
107155,61,3.0
107155,104,3.0
107155,3119,5.0
107182,799,4.0
107182,2133,4.0
107182,2751,3.0
107182,1729,4.0
107273,250,4.0
107273,45,2.0
107273,1054,5.0
107273,5450,2.0
107433,721,3.0
107433,2610,5.0
107433,1783,5.0
107433,1748,1.0
107433,898,3.0
107433,1036,4.0
107433,2963,3.0
107433,163,5.0
107443,2933,5.0
107443,1302,4.0
107443,45,3.0
107443,1976,4.0
107443,880,3.0
107443,1442,3.0
107443,2344,3.0
107443,3119,4.0
107500,4717,5.0
107500,3165,4.0
107500,3700,3.0
107500,1310,4.0
107500,5496,4.0
107519,2119,4.0
107519,5083,3.0
107519,5176,4.0
107519,4359,4.0
107520,4183,5.0
107520,2373,4.0
107520,104,2.0
107520,3758,1.0
107603,789,2.0
107603,1843,2.0
107603,1576,4.0
107603,1546,3.0
107603,2424,4.0
107603,765,3.0
107603,1411,4.0
107603,4830,3.0
107615,1738,4.0
107615,1396,4.0
107615,202,5.0
107615,725,5.0
107620,150,1.0
107620,2781,1.0
107620,5044,1.0
107620,150,1.0
107723,45,2.0
107723,4143,3.0
107723,5641,4.0
107723,3101,5.0
107723,667,5.0
107723,3367,3.0
107723,4665,4.0
107723,3143,5.0
107726,2355,4.0
107726,3732,5.0
107726,1133,5.0
107726,4074,3.0
107726,5758,5.0
107726,5758,5.0
107726,2426,3.0
107726,2775,4.0
107726,3084,5.0
107726,5215,5.0
107726,1320,4.0
107726,1701,4.0
107726,5168,5.0
107726,900,5.0
107726,858,5.0
107726,522,3.0
107726,880,3.0
107726,3252,5.0
107726,45,3.0
107726,3717,3.0
107726,1010,4.0
107726,5278,3.0
107726,5085,4.0
107793,45,5.0
107793,3420,5.0
107793,3209,5.0
107793,1306,5.0
107846,1093,5.0
107846,269,5.0
107846,891,5.0
107846,4257,4.0
107846,4257,4.0
107846,3081,4.0
107846,4729,5.0
107846,5747,4.0
107872,5641,2.0
107872,473,5.0
107872,3993,5.0
107872,4359,5.0
107872,24,4.0
107943,3607,4.0
107943,3607,4.0
107943,1410,5.0
107943,44,4.0
107943,3607,4.0
107943,4143,4.0
107943,44,4.0
108017,522,5.0
108017,714,5.0
108017,2344,4.0
108017,2610,5.0
108033,2775,2.0
108033,4800,4.0
108033,2426,4.0
108033,789,4.0
108079,4143,3.0
108079,4610,5.0
108079,4463,4.0
108079,4326,5.0
108079,4683,4.0
108093,4198,3.0
108093,250,4.0
108093,104,3.0
108093,5169,4.0
108093,4786,2.0
108134,5378,1.0
108134,5378,1.0
108134,5378,1.0
108134,5378,1.0
108147,5108,3.0
108147,4587,4.0
108147,393,4.0
108147,1693,4.0
108217,5630,4.0
108217,342,4.0
108217,3119,3.0
108217,4795,5.0
108240,4968,4.0
108240,3033,4.0
108240,45,2.0
108240,5267,4.0
108240,2434,2.0
108240,447,4.0
108240,1733,2.0
108240,1579,3.0
108240,1860,2.0
108240,1693,4.0
108240,2434,3.0
108240,3777,3.0
108338,3732,4.0
108338,4505,4.0
108338,2344,5.0
108338,45,2.0
108338,522,4.0
108396,4677,3.0
108396,45,1.0
108396,5685,5.0
108396,4191,1.0
108438,1442,2.0
108438,104,4.0
108438,1782,4.0
108438,4184,3.0
108498,2557,4.0
108498,1442,4.0
108498,5255,3.0
108498,4683,4.0
108600,904,5.0
108600,2781,5.0
108600,1756,4.0
108600,345,4.0
108600,5360,5.0
108600,4160,5.0
108600,1442,3.0
108600,3165,2.0
108600,3999,4.0
108600,2085,5.0
108600,3143,5.0
108600,880,3.0
108649,1600,4.0
108649,144,3.0
108649,5398,5.0
108649,5130,3.0
108649,1442,2.0
108649,5605,4.0
108649,361,5.0
108649,163,5.0
108652,5819,4.0
108652,5819,4.0
108652,2245,4.0
108652,2245,4.0
108787,2775,4.0
108787,2775,5.0
108787,2738,4.0
108787,3580,3.0
108872,1442,3.0
108872,2255,4.0
108872,4235,5.0
108872,3136,5.0
108962,5176,5.0
108962,1235,4.0
108962,2613,4.0
108962,104,3.0
108962,3653,4.0
109028,3732,5.0
109028,58,4.0
109028,3417,4.0
109028,3417,4.0
109068,2775,2.0
109068,695,5.0
109068,3732,5.0
109068,1843,4.0
109068,2359,5.0
109068,5168,4.0
109087,5604,4.0
109087,45,3.0
109087,3209,4.0
109087,5643,3.0
109087,4097,3.0
109087,5273,3.0
109092,5499,5.0
109092,5521,2.0
109092,144,4.0
109092,5705,5.0
109092,2933,5.0
109129,3209,4.0
109129,1843,3.0
109129,1631,4.0
109129,3777,2.0
109168,144,1.0
109168,4235,5.0
109168,2344,4.0
109168,1775,5.0
109168,4771,5.0
109168,4717,5.0
109168,1828,5.0
109168,1608,4.0
109217,2745,3.0
109217,2757,1.0
109217,4632,2.0
109217,5113,3.0
109422,4802,2.0
109422,4731,1.0
109422,3649,4.0
109422,4671,4.0
109451,4251,5.0
109451,2085,5.0
109451,904,5.0
109451,3143,4.0
109466,604,5.0
109466,4122,4.0
109466,369,3.0
109466,3966,4.0
109472,3749,3.0
109472,3749,3.0
109472,3749,3.0
109472,3749,2.0
109475,4904,3.0
109475,817,4.0
109475,4634,1.0
109475,473,5.0
109475,1976,3.0
109475,2403,5.0
109564,858,5.0
109564,1812,4.0
109564,774,3.0
109564,1152,5.0
109751,44,5.0
109751,755,3.0
109751,4143,4.0
109751,2344,5.0
109751,4359,4.0
109751,867,3.0
109857,4990,5.0
109857,45,4.0
109857,569,5.0
109857,2513,3.0
109857,3484,4.0
109857,2480,2.0
109857,1733,4.0
109949,958,4.0
109949,522,3.0
109949,1178,3.0
109949,514,3.0
109949,4625,4.0
109949,1093,4.0
109949,880,4.0
110019,45,5.0
110019,2463,5.0
110019,864,4.0
110019,4097,1.0
110019,3730,3.0
110088,1189,5.0
110088,44,5.0
110088,4550,3.0
110088,5585,1.0
110252,1260,3.0
110252,473,5.0
110252,2344,3.0
110252,3101,4.0
110254,3488,4.0
110254,5055,3.0
110254,4167,4.0
110254,5055,1.0
110254,5747,3.0
110254,1093,4.0
110292,2344,4.0
110292,2109,4.0
110292,1804,2.0
110292,3705,3.0
110306,5031,3.0
110306,4235,4.0
110306,2851,2.0
110306,3123,5.0
110306,4791,4.0
110306,5605,3.0
110306,5260,4.0
110319,5292,3.0
110319,1442,4.0
110319,1820,1.0
110319,104,3.0
110464,4031,5.0
110464,4088,5.0
110464,5068,5.0
110464,1356,5.0
110642,2880,5.0
110642,1975,4.0
110642,3999,4.0
110642,2015,3.0
110642,4771,3.0
110642,2058,4.0
110642,1442,3.0
110642,3974,4.0
110642,3837,3.0
110642,4157,4.0
110642,4653,3.0
110642,2154,4.0
110642,3119,4.0
110651,3550,4.0
110651,1151,3.0
110651,880,2.0
110651,2582,2.0
110695,5022,5.0
110695,1023,4.0
110695,4673,5.0
110695,3705,4.0
110866,3653,4.0
110866,774,5.0
110866,1442,3.0
110866,3205,3.0
110866,1489,5.0
110866,1702,4.0
110866,1093,4.0
110950,3732,5.0
110950,354,5.0
110950,789,4.0
110950,2018,5.0
110963,5168,3.0
110963,3732,5.0
110963,1631,4.0
110963,5758,4.0
110963,2775,3.0
110996,503,4.0
110996,4453,5.0
110996,5753,4.0
110996,3732,3.0
110996,4122,4.0
110996,2314,3.0
110996,2450,3.0
111103,1442,3.0
111103,5521,3.0
111103,4567,5.0
111103,4184,5.0
111103,351,4.0
111103,3123,1.0
111103,25,5.0
111103,3123,3.0
111103,2219,4.0
111103,5071,5.0
111103,4157,4.0
111103,4229,4.0
111103,4229,4.0
111103,1442,4.0
111103,3846,3.0
111103,2344,4.0
111103,473,4.0
111103,4845,5.0
111103,5083,5.0
111103,24,5.0
111103,2227,4.0
111103,522,4.0
111103,4169,5.0
111191,4673,3.0
111191,3117,5.0
111191,3639,5.0
111191,9,5.0
111191,4783,4.0
111191,5241,4.0
111191,3143,5.0
111191,904,5.0
111191,1356,5.0
111191,2085,5.0
111191,5360,5.0
111191,5571,4.0
111272,5697,4.0
111272,5585,5.0
111272,3939,5.0
111272,4143,5.0
111294,3736,5.0
111294,1637,5.0
111294,1940,4.0
111294,3165,4.0
111428,2662,5.0
111428,144,5.0
111428,1676,4.0
111428,2118,5.0
111467,2178,5.0
111467,2178,5.0
111467,2178,3.0
111467,798,1.0
111761,1744,2.0
111761,3331,3.0
111761,1233,3.0
111761,3331,4.0
111841,3081,3.0
111841,1598,3.0
111841,5168,4.0
111841,3732,3.0
111841,2348,4.0
111841,2215,3.0
111871,2775,4.0
111871,5658,4.0
111871,5278,4.0
111871,1631,4.0
111871,774,5.0
111871,3732,5.0
111876,1201,4.0
111876,214,4.0
111876,2424,5.0
111876,2589,5.0
111876,650,4.0
111879,4652,4.0
111879,5725,4.0
111879,3285,4.0
111879,2957,3.0
111879,3055,4.0
111879,3051,5.0
111879,2822,5.0
111996,652,5.0
111996,214,3.0
111996,1914,5.0
111996,593,2.0
111996,2313,4.0
112030,45,2.0
112030,880,2.0
112030,1442,3.0
112030,3310,3.0
112128,817,5.0
112128,4968,3.0
112128,3614,4.0
112128,1312,3.0
112128,2344,3.0
112128,1450,4.0
112128,679,3.0
112128,3732,4.0
112128,25,4.0
112128,1442,3.0
112128,4184,3.0
112139,880,3.0
112139,3143,5.0
112139,5341,5.0
112139,5111,4.0
112139,1195,3.0
112139,5360,5.0
112139,1396,2.0
112279,2963,4.0
112279,5148,4.0
112279,499,4.0
112279,1002,4.0
112294,5168,5.0
112294,2078,4.0
112294,2775,2.0
112294,900,5.0
112294,386,4.0
112294,39,1.0
112352,5111,5.0
112352,1729,5.0
112352,2044,5.0
112352,4453,3.0
112483,904,5.0
112483,880,2.0
112483,3143,5.0
112483,2781,3.0
112521,798,3.0
112521,4825,3.0
112521,522,3.0
112521,5052,2.0
112521,4591,2.0
112521,3202,3.0
112780,2450,5.0
112780,512,2.0
112780,3614,1.0
112780,2419,4.0
112784,4739,3.0
112784,3806,4.0
112784,221,5.0
112784,1442,3.0
112784,4634,3.0
112784,45,3.0
112847,3999,4.0
112847,1442,3.0
112847,1763,3.0
112847,2154,4.0
113039,1594,3.0
113039,5168,4.0
113039,4712,4.0
113039,4088,4.0
113042,2935,4.0
113042,4184,4.0
113042,697,4.0
113042,3653,4.0
113151,3178,4.0
113151,3737,3.0
113151,5685,5.0
113151,4942,5.0
113151,4348,3.0
113257,2178,3.0
113257,798,4.0
113257,522,3.0
113257,522,3.0
113257,2083,2.0
113257,473,4.0
113257,3801,3.0
113257,3732,3.0
113267,2013,4.0
113267,3732,5.0
113267,2403,5.0
113267,4854,5.0
113422,3119,4.0
113422,2888,3.0
113422,1637,5.0
113422,1310,2.0
113422,2463,4.0
113422,2463,2.0
113460,4606,3.0
113460,185,3.0
113460,4366,5.0
113460,714,3.0
113460,514,1.0
113460,522,4.0
113570,3119,5.0
113570,5052,4.0
113570,1637,4.0
113570,2821,5.0
113570,4146,5.0
113570,5390,4.0
113570,2257,4.0
113570,3162,4.0
113570,3552,4.0
113570,5718,5.0
113570,5484,5.0
113570,774,5.0
113574,104,3.0
113574,3330,4.0
113574,2557,5.0
113574,2325,5.0
113658,1056,3.0
113658,4128,4.0
113658,2864,4.0
113658,37,3.0
113658,45,3.0
113658,832,3.0
113658,5347,3.0
113658,3732,4.0
113658,2314,4.0
113733,2015,2.0
113733,4717,4.0
113733,1442,4.0
113733,226,3.0
113736,3732,5.0
113736,2403,4.0
113736,1631,4.0
113736,3279,3.0
113748,2400,5.0
113748,3331,2.0
113748,3331,4.0
113748,1108,1.0
113748,2092,5.0
113748,5855,5.0
113906,3350,5.0
113906,3119,4.0
113906,774,5.0
113906,5052,4.0
113961,912,3.0
113961,5094,5.0
113961,2417,4.0
113961,5035,4.0
114333,3055,5.0
114333,5302,4.0
114333,2178,4.0
114333,5302,5.0
114390,3586,4.0
114390,1348,3.0
114390,4233,5.0
114390,683,2.0
114390,25,4.0
114395,1159,4.0
114395,2403,4.0
114395,989,5.0
114395,1093,4.0
114395,3248,3.0
114395,45,5.0
114395,1917,4.0
114395,3732,5.0
114403,45,1.0
114403,4123,4.0
114403,202,2.0
114403,4830,1.0
114403,880,5.0
114403,2417,5.0
114449,4235,5.0
114449,5169,5.0
114449,1676,4.0
114449,1164,5.0
114449,5260,3.0
114449,1975,5.0
114449,4550,4.0
114449,1775,5.0
114449,1820,4.0
114449,5605,4.0
114609,5488,4.0
114609,104,4.0
114609,681,4.0
114609,5390,5.0
114609,1600,5.0
114619,904,4.0
114619,2085,4.0
114619,5654,3.0
114619,3650,4.0
114646,4029,4.0
114646,2463,4.0
114646,4968,4.0
114646,5833,2.0
114646,3643,4.0
114646,4970,3.0
114673,880,3.0
114673,880,2.0
114673,880,1.0
114673,2041,1.0
114875,1666,2.0
114875,45,2.0
114875,344,1.0
114875,5797,3.0
114875,4357,4.0
114875,999,3.0
114875,1089,4.0
114914,4580,5.0
114914,566,4.0
114914,880,4.0
114914,2781,3.0
114914,3143,4.0
114914,786,3.0
114914,4830,4.0
114950,1189,4.0
114950,683,4.0
114950,2622,3.0
114950,2622,2.0
115075,5058,5.0
115075,4241,5.0
115075,4241,5.0
115075,4646,3.0
115203,2085,5.0
115203,1730,4.0
115203,5169,4.0
115203,5521,3.0
115203,1940,3.0
115317,5444,2.0
115317,2636,4.0
115317,2463,1.0
115317,5819,1.0
115317,614,4.0
115390,4359,5.0
115390,1461,5.0
115390,1442,4.0
115390,3703,4.0
115401,4398,4.0
115401,4031,4.0
115401,2383,5.0
115401,2344,3.0
115465,34,4.0
115465,3165,4.0
115465,2126,4.0
115465,473,3.0
115467,3330,1.0
115467,5605,4.0
115467,4184,5.0
115467,2775,4.0
115492,774,5.0
115492,25,5.0
115492,1442,4.0
115492,1820,5.0
115548,1820,5.0
115548,5605,4.0
115548,4639,5.0
115548,4639,5.0
115624,2977,3.0
115624,522,4.0
115624,473,5.0
115624,1436,5.0
115720,3517,4.0
115720,5085,4.0
115720,5168,5.0
115720,1770,3.0
115720,900,5.0
115728,2926,2.0
115728,250,4.0
115728,3951,4.0
115728,3119,5.0
115867,250,5.0
115867,774,5.0
115867,5110,3.0
115867,5488,4.0
115900,3732,5.0
115900,550,3.0
115900,1843,5.0
115900,2426,5.0
115920,1442,4.0
115920,450,4.0
115920,2942,5.0
115920,2196,4.0
115920,2196,4.0
115920,3974,5.0
115920,1186,4.0
115920,260,5.0
115920,5855,5.0
115920,5817,4.0
115933,3523,4.0
115933,1410,4.0
115933,44,3.0
115933,1314,3.0
115933,5169,3.0
115933,596,3.0
115933,2942,3.0
115945,1152,5.0
115945,357,5.0
115945,5081,5.0
115945,5168,4.0
115945,5658,4.0
115945,5278,4.0
115945,357,2.0
115980,344,1.0
115980,5708,3.0
115980,45,4.0
115980,522,4.0
115980,4625,3.0
115980,5113,5.0
115980,5292,3.0
115980,1442,2.0
115980,2672,3.0
115980,1960,4.0
116189,4567,5.0
116189,450,4.0
116189,5605,4.0
116189,3123,5.0
116189,1442,3.0
116189,1441,4.0
116189,2824,3.0
116189,4567,5.0
116189,2557,4.0
116189,450,4.0
116189,1385,3.0
116189,1385,3.0
116189,1820,5.0
116189,774,5.0
116223,1798,3.0
116223,904,5.0
116223,2781,4.0
116223,880,1.0
116223,9,3.0
116223,345,3.0
116223,4673,3.0
116223,1319,5.0
116223,2344,4.0
116223,566,4.0
116223,2109,4.0
116223,4194,3.0
116312,2463,4.0
116312,5585,4.0
116312,2463,2.0
116312,4550,2.0
116312,5585,2.0
116312,2463,1.0
116388,5111,3.0
116388,1152,5.0
116388,1631,4.0
116388,1356,4.0
116388,3143,5.0
116399,4912,5.0
116399,5585,2.0
116399,4143,4.0
116399,764,3.0
116399,531,4.0
116399,2636,5.0
116399,44,4.0
116399,4143,4.0
116399,3337,3.0
116399,490,3.0
116399,2770,3.0
116399,2770,4.0
116399,1652,4.0
116399,44,5.0
116424,4749,5.0
116424,2781,3.0
116424,5571,3.0
116424,5471,5.0
116424,686,5.0
116565,3209,4.0
116565,723,4.0
116565,3945,3.0
116565,3732,4.0
116580,5585,4.0
116580,3586,4.0
116580,5037,5.0
116580,5585,5.0
116580,4550,3.0
116580,880,4.0
116580,2463,5.0
116580,5585,2.0
116590,3951,5.0
116590,2257,3.0
116590,4073,3.0
116590,1023,4.0
116622,45,1.0
116622,3737,2.0
116622,3737,1.0
116622,3737,1.0
116622,1306,3.0
116655,2942,4.0
116655,857,5.0
116655,4610,4.0
116655,45,1.0
116701,1730,5.0
116701,1775,4.0
116701,1214,5.0
116701,2480,3.0
116701,907,5.0
116701,4232,4.0
116701,5284,4.0
116701,3209,5.0
116701,4825,5.0
116788,1260,4.0
116788,5605,4.0
116788,214,4.0
116788,2344,5.0
116919,447,5.0
116919,45,5.0
116919,3069,2.0
116919,858,2.0
116919,3732,5.0
116919,765,2.0
116919,5702,2.0
116919,45,2.0
116919,5758,4.0
116919,5285,3.0
116919,1133,4.0
116919,4664,4.0
116919,2199,4.0
116919,2613,5.0
116919,3331,3.0
116919,3142,4.0
117009,5312,1.0
117009,1442,3.0
117009,3143,4.0
117009,1260,3.0
117009,1739,3.0
117009,2101,3.0
117009,1600,3.0
117009,3703,3.0
117128,2424,4.0
117128,1373,5.0
117128,522,4.0
117128,4073,3.0
117178,3287,1.0
117178,3737,2.0
117178,4514,4.0
117178,723,4.0
117369,3622,2.0
117369,2463,5.0
117369,4143,2.0
117369,2463,4.0
117400,5156,5.0
117400,5625,5.0
117400,880,1.0
117400,3973,3.0
117400,880,1.0
117406,2988,4.0
117406,701,4.0
117406,5302,5.0
117406,5647,3.0
117406,596,4.0
117539,250,4.0
117539,25,4.0
117539,3136,4.0
117539,2344,4.0
117539,5521,4.0
117539,596,4.0
117539,2622,4.0
117539,104,3.0
117539,4845,4.0
117539,3398,4.0
117651,2463,2.0
117651,2463,5.0
117651,4550,1.0
117651,44,3.0
117651,2463,3.0
117682,1011,5.0
117682,912,4.0
117682,1395,5.0
117682,4184,5.0
117740,1770,2.0
117740,5285,3.0
117740,1462,4.0
117740,3133,5.0
117740,4569,5.0
117740,1462,5.0
117740,2468,4.0
117740,3732,5.0
117878,3417,4.0
117878,2013,4.0
117878,2078,4.0
117878,5768,5.0
117878,5168,5.0
117878,1917,4.0
117878,3732,5.0
117957,2948,4.0
117957,880,3.0
117957,4387,5.0
117957,2948,4.0
117957,2575,5.0
117957,2118,5.0
117957,607,4.0
117957,4600,4.0
117957,1023,4.0
118056,1940,4.0
118056,4927,3.0
118056,2097,5.0
118056,4086,4.0
118234,5044,4.0
118234,1039,5.0
118234,2463,5.0
118234,1763,3.0
118308,1590,4.0
118308,3275,2.0
118308,3275,4.0
118308,904,5.0
118308,4088,4.0
118308,1032,3.0
118308,1917,4.0
118308,3066,4.0
118308,4487,4.0
118308,692,4.0
118308,2557,5.0
118308,2101,4.0
118308,4464,4.0
118349,1976,5.0
118349,1763,3.0
118349,5833,1.0
118349,409,5.0
118389,958,3.0
118389,167,4.0
118389,167,1.0
118389,4463,3.0
118445,5702,1.0
118445,5419,1.0
118445,5419,1.0
118445,5702,1.0
118445,5702,3.0
118596,4212,5.0
118596,24,5.0
118596,1804,4.0
118596,1940,4.0
118596,1940,5.0
118617,1178,1.0
118617,45,1.0
118617,2344,3.0
118617,3208,4.0
118644,2972,3.0
118644,2196,3.0
118644,1442,5.0
118644,409,4.0
118644,1164,4.0
118644,1608,5.0
118644,774,5.0
118644,4160,4.0
118644,104,5.0
118644,1268,4.0
118668,5130,4.0
118668,3119,5.0
118668,5055,1.0
118668,3702,1.0
118668,5085,3.0
118668,3922,2.0
118668,3165,3.0
118774,1442,3.0
118774,1310,2.0
118774,514,2.0
118774,45,1.0
118774,522,4.0
118774,270,3.0
118774,2344,4.0
118774,934,5.0
118774,2344,2.0
118774,934,5.0
118774,2083,2.0
118774,2083,3.0
118834,1396,2.0
118834,4749,4.0
118834,2781,4.0
118834,4749,4.0
118834,3335,4.0
118834,880,2.0
118834,555,2.0
118834,71,2.0
118874,4119,1.0
118874,5083,4.0
118874,2083,5.0
118874,2083,5.0
118937,4493,3.0
118937,144,1.0
118937,1442,1.0
118937,1739,1.0
118960,1958,4.0
118960,5037,4.0
118960,3586,4.0
118960,104,4.0
118960,5061,5.0
118960,4683,4.0
118960,360,5.0
118960,5747,5.0
119045,3716,4.0
119045,1707,4.0
119045,246,5.0
119045,128,4.0
119134,774,5.0
119134,3136,5.0
119134,104,5.0
119134,457,5.0
119150,1442,5.0
119150,5746,2.0
119150,25,4.0
119150,5605,3.0
119150,1783,5.0
119150,3880,4.0
119150,5062,5.0
119150,2085,5.0
119150,4088,4.0
119150,880,3.0
119150,2654,4.0
119150,522,4.0
119150,1902,4.0
119150,1637,4.0
119150,2728,4.0
119228,1395,4.0
119228,4184,4.0
119228,4073,4.0
119228,5176,3.0
119233,3732,4.0
119233,5001,5.0
119233,721,2.0
119233,45,1.0
119320,44,4.0
119320,1189,2.0
119320,3455,3.0
119320,5450,3.0
119357,2463,5.0
119357,44,4.0
119357,2463,4.0
119357,2463,3.0
119357,2463,5.0
119555,2942,4.0
119555,473,5.0
119555,5299,1.0
119555,3637,1.0
119751,305,4.0
119751,5577,4.0
119751,880,4.0
119751,58,4.0
119751,686,5.0
119751,837,4.0
119751,3705,3.0
119771,250,4.0
119771,1299,4.0
119771,3951,3.0
119771,3119,5.0
119771,3119,5.0
119771,3974,5.0
119771,2325,5.0
119771,3165,3.0
119771,5052,5.0
119771,2373,3.0
119771,683,4.0
119771,122,5.0
119771,1164,5.0
119771,774,5.0
119771,5110,3.0
119771,1819,4.0
119771,4591,4.0
119771,1186,5.0
119802,5585,3.0
119802,2463,4.0
119802,5585,4.0
119802,3303,4.0
119950,3602,3.0
119950,5176,4.0
119950,1114,3.0
119950,3398,4.0
119950,4634,4.0
119950,24,4.0
119950,4304,3.0
120104,858,4.0
120104,3732,5.0
120104,5292,4.0
120104,2463,4.0
120104,5647,3.0
120104,774,5.0
120104,2838,4.0
120121,2661,3.0
120121,483,2.0
120121,4463,5.0
120121,4150,4.0
120138,2245,2.0
120138,5819,4.0
120138,5585,3.0
120138,4550,3.0
120138,5379,3.0
120157,686,5.0
120157,3143,5.0
120157,904,5.0
120157,3398,3.0
120228,1798,5.0
120228,465,1.0
120228,3760,3.0
120228,4590,4.0
120228,4550,4.0
120231,1831,5.0
120231,1164,5.0
120231,5071,5.0
120231,5817,5.0
120297,5212,3.0
120297,1031,2.0
120297,522,1.0
120297,2344,2.0
120336,5834,4.0
120336,4713,4.0
120336,5443,3.0
120336,2344,4.0
120498,5697,5.0
120498,44,4.0
120498,4464,5.0
120498,837,5.0
120498,764,3.0
120498,1442,3.0
120498,3951,5.0
120498,4650,3.0
120624,5031,5.0
120624,4664,4.0
120624,5819,2.0
120624,5752,3.0
120740,1876,3.0
120740,4567,5.0
120740,4183,4.0
120740,250,5.0
120746,5484,5.0
120746,3643,2.0
120746,3600,3.0
120746,3732,5.0
120746,2391,4.0
120804,2191,5.0
120804,2872,4.0
120804,5360,5.0
120804,2085,5.0
120804,4997,5.0
120804,5111,4.0
120804,478,5.0
120804,2109,5.0
120804,880,4.0
120804,5571,3.0
120804,2085,4.0
120804,1798,3.0
120804,3143,5.0
120804,2109,4.0
120804,4427,4.0
120804,5241,5.0
120804,478,5.0
120804,904,5.0
120804,3705,5.0
120804,3732,4.0
120829,2135,3.0
120829,4632,3.0
120829,5585,3.0
120829,3474,4.0
120829,4241,4.0
120829,5450,3.0
120897,61,3.0
120897,250,5.0
120897,1442,4.0
120897,1629,4.0
120944,1093,5.0
120944,1442,3.0
120944,5071,4.0
120944,774,5.0
120944,5055,3.0
120944,3732,4.0
120944,5055,4.0
120944,3680,4.0
120967,4143,3.0
120967,789,4.0
120967,24,5.0
120967,4359,5.0
120987,2622,3.0
120987,596,4.0
120987,34,4.0
120987,3165,2.0
120987,5605,2.0
120987,5000,5.0
120987,1819,4.0
120987,3119,5.0
121011,3777,3.0
121011,1289,4.0
121011,3313,4.0
121011,1462,3.0
121128,3973,5.0
121128,45,2.0
121128,228,5.0
121128,3398,3.0
121215,5031,5.0
121215,2288,1.0
121215,4543,4.0
121215,5062,3.0
121259,1120,5.0
121259,3602,2.0
121259,5065,1.0
121259,1120,5.0
121296,2610,5.0
121296,1186,1.0
121296,1442,4.0
121296,1164,4.0
121330,2044,4.0
121330,2557,5.0
121330,3736,4.0
121330,2612,4.0
121330,3732,4.0
121330,3143,5.0
121330,3705,3.0
121330,4464,5.0
121437,61,5.0
121437,1010,4.0
121437,3730,4.0
121437,667,3.0
121449,4120,5.0
121449,1676,5.0
121449,774,5.0
121449,3064,5.0
121528,2775,3.0
121528,3600,4.0
121528,789,3.0
121528,5491,4.0
121795,880,3.0
121795,4314,4.0
121795,904,5.0
121795,4749,4.0
121795,4314,3.0
121795,2781,3.0
121795,180,4.0
121795,4314,5.0
121795,2109,4.0
121795,2109,5.0
121795,180,5.0
121831,3732,4.0
121831,2078,3.0
121831,2383,3.0
121831,2775,2.0
121831,3971,3.0
121831,58,4.0
121831,3643,5.0
121831,1917,3.0
121831,2359,4.0
121831,5347,3.0
121831,4954,3.0
121831,2940,2.0
121831,1983,2.0
121831,1631,5.0
121831,2775,3.0
121831,1498,3.0
121831,58,1.0
121831,3066,4.0
121831,522,4.0
121831,214,4.0
121831,1442,3.0
121831,3796,4.0
121831,4965,3.0
122005,1598,2.0
122005,3517,2.0
122005,1598,2.0
122005,900,3.0
122057,339,5.0
122057,450,4.0
122057,4146,5.0
122057,4683,5.0
122057,483,3.0
122158,2707,1.0
122158,3973,5.0
122158,3967,5.0
122158,4875,4.0
122158,2097,5.0
122178,44,4.0
122178,2463,4.0
122178,1870,4.0
122178,1870,4.0
122178,2463,5.0
122178,2245,3.0
122178,1870,3.0
122178,3067,5.0
122178,4143,4.0
122178,2463,5.0
122178,44,5.0
122178,988,3.0
122178,5037,4.0
122178,5851,4.0
122178,5585,4.0
122178,5471,5.0
122246,2085,5.0
122246,5068,4.0
122246,904,5.0
122246,2118,4.0
122246,2126,4.0
122246,1260,3.0
122246,3143,5.0
122251,1729,5.0
122251,2557,4.0
122251,45,5.0
122251,45,3.0
122362,2452,5.0
122362,4453,5.0
122362,4088,4.0
122362,5111,4.0
122424,2178,4.0
122424,5833,4.0
122424,4896,3.0
122424,5284,3.0
122424,1637,3.0
122424,5081,4.0
122424,2373,4.0
122424,4656,4.0
122438,765,5.0
122438,3580,1.0
122438,1133,3.0
122438,858,5.0
122510,3136,5.0
122510,596,2.0
122510,3637,1.0
122510,1442,1.0
122510,1164,3.0
122538,2832,4.0
122538,1696,3.0
122538,934,5.0
122538,5083,4.0
122540,4254,5.0
122540,2417,4.0
122540,210,4.0
122540,5083,4.0
122555,2015,2.0
122555,1442,2.0
122555,5085,2.0
122555,5670,2.0
122635,2613,5.0
122635,4717,5.0
122635,2844,3.0
122635,1730,4.0
122635,4717,5.0
122635,1442,4.0
122635,2613,5.0
122635,1730,5.0
122635,1730,5.0
122682,250,3.0
122682,1961,4.0
122682,5081,3.0
122682,2618,3.0
122696,5607,5.0
122696,5571,3.0
122696,2781,3.0
122696,4783,4.0
122712,3123,1.0
122712,5605,4.0
122712,2613,4.0
122712,5292,2.0
122822,4369,4.0
122822,1962,1.0
122822,1765,4.0
122822,1436,4.0
122822,5623,3.0
122822,4463,3.0
122833,1178,5.0
122833,61,4.0
122833,5757,4.0
122833,5797,3.0
122833,4712,3.0
122833,5260,5.0
122833,104,4.0
122833,2610,5.0
122833,1969,4.0
122833,5359,5.0
122833,1133,3.0
122833,5347,2.0
122946,2827,4.0
122946,4398,2.0
122946,4088,3.0
122946,2946,2.0
122946,4845,5.0
123005,1721,5.0
123005,880,3.0
123005,392,5.0
123005,392,5.0
123195,5423,2.0
123195,4326,1.0
123195,5623,2.0
123195,1577,4.0
123265,5052,5.0
123265,250,5.0
123265,1820,5.0
123265,5605,5.0
123321,1189,1.0
123321,2463,5.0
123321,5450,2.0
123321,3455,5.0
123321,5819,1.0
123321,4550,2.0
123321,1870,4.0
123321,5037,1.0
123377,5278,3.0
123377,819,4.0
123377,3279,2.0
123377,4884,2.0
123389,5514,3.0
123389,4830,4.0
123389,3736,5.0
123389,2963,4.0
123390,3732,5.0
123390,1066,2.0
123390,4968,4.0
123390,1411,5.0
123390,3228,2.0
123390,2557,4.0
123527,5037,4.0
123527,2557,5.0
123527,4471,4.0
123527,4471,4.0
123682,1312,4.0
123682,3840,5.0
123682,1312,5.0
123682,1886,4.0
123745,1436,4.0
123745,299,3.0
123745,1093,4.0
123745,167,4.0
123759,5450,3.0
123759,5585,3.0
123759,5819,2.0
123759,2463,2.0
123759,3166,3.0
123759,3455,3.0
123759,3586,2.0
123858,2626,3.0
123858,2255,3.0
123858,1442,4.0
123858,1870,4.0
123892,3647,5.0
123892,2848,1.0
123892,1189,1.0
123892,3148,1.0
123966,4304,3.0
123966,1054,4.0
123966,1919,1.0
123966,1940,5.0
124030,683,2.0
124030,522,4.0
124030,4220,5.0
124030,5342,4.0
124048,3165,2.0
124048,483,5.0
124048,5215,4.0
124048,2775,3.0
124048,5168,3.0
124048,5758,5.0
124048,2078,3.0
124048,2823,4.0
124048,1462,5.0
124048,2450,3.0
124048,5278,3.0
124048,2078,4.0
124048,3649,4.0
124048,5085,4.0
124048,3922,3.0
124048,5658,5.0
124048,3732,5.0
124048,3248,4.0
124078,2617,4.0
124078,1730,4.0
124078,681,4.0
124078,1302,3.0
124349,214,2.0
124349,5174,3.0
124349,2753,5.0
124349,3700,2.0
124387,4758,2.0
124387,1917,5.0
124387,5278,5.0
124387,2662,5.0
124387,3614,4.0
124387,4884,4.0
124387,3732,4.0
124387,3614,4.0
124387,1598,3.0
124387,1152,5.0
124387,3649,5.0
124572,5585,4.0
124572,5819,5.0
124572,1189,5.0
124572,2245,5.0
124572,5819,5.0
124660,2626,4.0
124660,1629,4.0
124660,450,5.0
124660,2325,5.0
124660,339,4.0
124660,4650,3.0
124662,357,5.0
124662,774,5.0
124662,1676,4.0
124662,2933,4.0
124710,2468,4.0
124710,3991,5.0
124710,3078,4.0
124710,4782,4.0
124710,1679,1.0
124710,3078,4.0
124729,4683,4.0
124729,250,5.0
124729,250,5.0
124729,1637,1.0
124729,4683,4.0
124729,250,5.0
124729,2842,5.0
124729,3310,2.0
124870,3165,4.0
124870,1413,3.0
124870,1405,5.0
124870,5292,1.0
124870,3165,4.0
124971,3732,4.0
124971,2013,2.0
124971,3417,2.0
124971,3453,5.0
125126,3285,4.0
125126,5725,3.0
125126,246,5.0
125126,1707,5.0
125235,522,4.0
125235,1178,4.0
125235,4241,4.0
125235,552,4.0
125249,4717,4.0
125249,5281,5.0
125249,1442,4.0
125249,3999,5.0
125254,5375,2.0
125254,1178,4.0
125254,4359,2.0
125254,473,5.0
125291,888,3.0
125291,4355,4.0
125291,1775,5.0
125291,2335,4.0
125291,1162,3.0
125301,122,2.0
125301,1819,4.0
125301,757,3.0
125301,3209,4.0
125524,3611,5.0
125524,1631,4.0
125524,5484,2.0
125524,512,4.0
125551,3051,4.0
125551,128,5.0
125551,1787,5.0
125551,4806,4.0
125551,2822,4.0
125551,1707,5.0
125551,1824,2.0
125551,246,5.0
125551,5725,4.0
125651,5834,4.0
125651,5292,3.0
125651,2450,4.0
125651,3732,4.0
125704,360,5.0
125704,5747,3.0
125704,4378,2.0
125704,4729,4.0
125704,45,1.0
125775,2006,5.0
125775,2992,4.0
125775,1312,3.0
125775,2610,5.0
125775,4097,1.0
125775,5250,5.0
125784,4550,4.0
125784,5697,5.0
125784,2463,4.0
125784,1870,4.0
125784,3586,5.0
125784,5585,4.0
125784,5037,3.0
125839,2463,1.0
125839,5835,3.0
125839,490,1.0
125839,2688,2.0
126129,1190,2.0
126129,3209,5.0
126129,2480,3.0
126129,3209,3.0
126203,5833,5.0
126203,2890,4.0
126203,1940,3.0
126203,522,4.0
126290,4485,5.0
126290,3131,5.0
126290,5111,5.0
126290,1144,5.0
126353,3843,2.0
126353,3843,1.0
126353,3843,1.0
126353,3843,1.0
126388,1679,2.0
126388,2360,5.0
126388,4074,3.0
126388,3732,5.0
126399,5725,4.0
126399,4658,3.0
126399,3051,5.0
126399,2822,4.0
126485,2836,4.0
126485,1783,4.0
126485,5507,4.0
126485,2988,4.0
126485,2988,4.0
126485,2109,5.0
126569,2374,4.0
126569,2374,5.0
126569,2581,3.0
126569,2109,5.0
126628,2184,2.0
126628,2071,4.0
126628,4543,3.0
126628,4436,3.0
126628,1144,5.0
126628,5183,5.0
126628,2240,4.0
126629,3241,3.0
126629,2557,4.0
126629,5551,4.0
126629,5551,2.0
126629,2557,2.0
126641,4610,5.0
126641,1093,5.0
126641,4729,5.0
126641,4610,5.0
126656,5450,1.0
126656,3455,2.0
126656,5450,2.0
126656,5450,2.0
126660,3474,4.0
126660,250,5.0
126660,1404,2.0
126660,4088,4.0
126737,3732,4.0
126737,1411,5.0
126737,789,5.0
126737,4800,4.0
126737,423,5.0
126737,2199,5.0
126737,2775,4.0
126737,2013,5.0
126737,522,4.0
126737,2344,5.0
126879,4212,4.0
126879,2622,5.0
126879,3134,4.0
126879,2138,3.0
126949,354,3.0
126949,2101,5.0
126949,2101,5.0
126949,2101,5.0
126949,1442,4.0
126955,3885,5.0
126955,3614,5.0
126955,2508,4.0
126955,2078,3.0
126974,5499,3.0
126974,3828,5.0
126974,4610,2.0
126974,360,5.0
126974,5423,3.0
126974,5175,3.0
126974,3081,5.0
126974,3081,5.0
126974,1702,4.0
127012,648,4.0
127012,5176,5.0
127012,904,5.0
127012,2417,4.0
127045,5700,2.0
127045,721,3.0
127045,1590,4.0
127045,5768,4.0
127045,3732,3.0
127045,4364,4.0
127049,912,4.0
127049,774,5.0
127049,1302,5.0
127049,1302,5.0
127068,2822,4.0
127068,5725,2.0
127068,4652,2.0
127068,989,2.0
127073,185,4.0
127073,5576,5.0
127073,5582,4.0
127073,4920,4.0
127073,3614,5.0
127073,279,5.0
127073,5833,5.0
127073,1442,3.0
127077,3586,4.0
127077,5585,5.0
127077,3586,3.0
127077,5037,4.0
127077,4550,4.0
127077,4717,5.0
127082,4634,4.0
127082,1201,3.0
127082,5259,4.0
127082,2557,3.0
127082,369,3.0
127110,5843,4.0
127110,2391,4.0
127110,858,3.0
127110,45,4.0
127302,1189,4.0
127302,5037,1.0
127302,44,2.0
127302,5585,3.0
127302,1870,2.0
127302,1870,4.0
127302,2463,4.0
127302,1189,3.0
127314,5605,3.0
127314,4184,3.0
127314,2487,1.0
127314,2325,5.0
127373,1331,4.0
127373,4909,4.0
127373,4825,5.0
127373,3737,3.0
127385,3218,5.0
127385,344,5.0
127385,45,4.0
127385,453,4.0
127444,2972,2.0
127444,45,4.0
127444,4830,4.0
127444,45,4.0
127444,2513,4.0
127444,4942,3.0
127444,457,4.0
127444,1783,5.0
127596,2290,1.0
127596,522,4.0
127596,2344,3.0
127596,440,4.0
127687,5585,4.0
127687,3578,5.0
127687,3578,5.0
127687,3523,4.0
127776,5250,5.0
127776,3165,4.0
127776,2880,5.0
127776,4155,5.0
127776,4155,4.0
127776,5755,4.0
127776,1442,3.0
127776,409,5.0
127776,2661,3.0
127776,144,4.0
127776,4191,3.0
127776,4172,4.0
127776,1811,4.0
127776,1763,4.0
127776,1765,4.0
127776,1819,5.0
127776,4755,4.0
127776,1548,3.0
127776,5250,5.0
127776,5833,2.0
127776,5755,2.0
127776,4319,4.0
127776,1819,5.0
127776,3703,4.0
127776,61,3.0
127776,879,3.0
127776,5214,4.0
127776,409,4.0
127806,5583,4.0
127806,558,3.0
127806,558,3.0
127806,144,4.0
127815,3484,5.0
127815,2963,3.0
127815,5797,3.0
127815,2344,3.0
127829,2325,5.0
127829,3572,4.0
127829,2138,4.0
127829,1442,4.0
127829,104,4.0
127829,4911,4.0
127829,1297,5.0
127829,5061,5.0
127829,888,4.0
127829,1385,4.0
127829,4369,3.0
127829,5605,5.0
127829,3136,4.0
127829,1713,2.0
127829,2006,4.0
127829,1783,5.0
127829,2513,5.0
127829,5840,3.0
127829,3089,5.0
127829,3119,5.0
127829,2344,4.0
127829,2025,3.0
127829,2753,4.0
127836,2045,4.0
127836,2557,4.0
127836,1713,4.0
127836,4911,3.0
128086,5255,5.0
128086,904,5.0
128086,478,1.0
128086,3143,4.0
128152,239,2.0
128152,4683,5.0
128152,3165,3.0
128152,409,4.0
128152,3705,3.0
128152,3335,3.0
128152,2450,3.0
128152,3730,3.0
128175,61,3.0
128175,104,4.0
128175,5037,2.0
128175,3598,2.0
128175,2335,3.0
128175,3119,3.0
128175,4550,3.0
128175,1870,3.0
128175,3052,3.0
128267,24,5.0
128267,3764,5.0
128267,522,5.0
128267,522,5.0
128343,5836,3.0
128343,25,4.0
128343,3637,2.0
128343,2613,4.0
128343,342,3.0
128444,4029,4.0
128444,4075,2.0
128444,45,1.0
128444,1093,4.0
128444,3732,4.0
128444,5454,4.0
128444,4172,3.0
128444,3913,2.0
128444,3732,4.0
128444,4201,2.0
128444,5852,4.0
128444,45,1.0
128510,1637,5.0
128510,1637,5.0
128510,5488,4.0
128510,339,4.0
128510,4591,4.0
128510,25,5.0
128510,5001,5.0
128510,4335,3.0
128572,1819,5.0
128572,3165,5.0
128572,3330,4.0
128572,5605,4.0
128572,2138,3.0
128572,3136,4.0
128572,144,4.0
128572,3927,5.0
128572,4495,5.0
128572,2972,4.0
128572,4425,4.0
128572,3474,4.0
128572,324,4.0
128572,5585,5.0
128572,5450,3.0
128662,4212,4.0
128662,1940,4.0
128662,4184,1.0
128662,2933,4.0
128664,1444,1.0
128664,3517,3.0
128664,4208,4.0
128664,1548,4.0
128664,361,4.0
128664,774,5.0
128664,226,5.0
128917,2083,5.0
128917,2618,4.0
128917,4184,4.0
128917,3480,2.0
129066,3209,3.0
129066,1108,2.0
129066,2926,3.0
129066,1820,4.0
129084,4143,4.0
129084,2463,4.0
129084,1442,4.0
129084,4184,4.0
129149,45,2.0
129149,4097,1.0
129149,569,3.0
129149,5062,3.0
129149,3840,5.0
129149,3840,2.0
129149,2360,5.0
129149,3736,4.0
129271,5083,5.0
129271,2344,4.0
129271,3651,5.0
129271,2344,4.0
129400,5169,4.0
129400,1637,3.0
129400,1442,2.0
129400,250,4.0
129400,2640,3.0
129400,1631,4.0
129400,3417,4.0
129400,900,5.0
129400,817,5.0
129400,4069,3.0
129400,1164,5.0
129400,4567,3.0
129508,5585,4.0
129508,1870,3.0
129508,4216,5.0
129508,5819,2.0
129508,5450,4.0
129508,465,3.0
129508,4550,3.0
129618,4550,3.0
129618,1189,4.0
129618,2463,4.0
129618,1189,1.0
129874,3732,5.0
129874,1631,4.0
129874,2775,4.0
129874,4802,3.0
129874,2065,5.0
129874,5576,5.0
129874,907,4.0
129874,4333,4.0
129875,4854,5.0
129875,900,4.0
129875,5106,4.0
129875,5168,5.0
129875,4854,5.0
130005,1442,2.0
130005,5781,3.0
130005,4369,4.0
130005,3136,4.0
130010,199,3.0
130010,129,5.0
130010,1940,3.0
130010,786,3.0
130010,2817,1.0
130019,1840,5.0
130019,880,3.0
130019,880,3.0
130019,904,4.0
130019,2085,5.0
130019,3143,5.0
130019,3639,5.0
130019,904,5.0
130019,5241,2.0
130019,180,5.0
130019,1195,4.0
130046,5639,4.0
130046,262,1.0
130046,3737,1.0
130046,2761,1.0
130046,999,5.0
130046,3019,5.0
130119,3732,1.0
130119,4140,1.0
130119,5173,1.0
130119,1475,2.0
130119,774,4.0
130170,2307,5.0
130170,2557,5.0
130170,5259,5.0
130170,1729,5.0
130170,24,4.0
130170,2344,4.0
130170,4073,4.0
130170,5302,4.0
130170,2045,4.0
130170,4088,5.0
130170,2044,4.0
130170,4464,5.0
130170,138,5.0
130170,604,5.0
130170,4122,5.0
130170,3398,5.0
130208,5665,3.0
130208,880,3.0
130208,4783,4.0
130208,3662,3.0
130208,24,4.0
130208,221,3.0
130208,1442,2.0
130208,2557,4.0
130322,45,4.0
130322,3178,1.0
130322,4208,5.0
130322,136,3.0
130351,4198,4.0
130351,4541,5.0
130351,4208,4.0
130351,4429,2.0
130378,5514,5.0
130378,977,5.0
130378,5855,5.0
130378,3137,4.0
130378,5855,5.0
130378,3412,4.0
130378,1475,4.0
130429,2775,4.0
130429,45,2.0
130429,1233,4.0
130429,2557,4.0
130429,3504,4.0
130501,907,5.0
130501,45,3.0
130501,1487,3.0
130501,4097,4.0
130501,45,3.0
130501,3209,5.0
130501,262,2.0
130501,1860,1.0
130688,4220,3.0
130688,3438,4.0
130688,1450,5.0
130688,1475,4.0
130688,1413,4.0
130688,2355,3.0
130688,1440,4.0
130688,2406,5.0
130702,1442,3.0
130702,811,5.0
130702,811,5.0
130702,4683,4.0
130702,2844,4.0
130702,3702,2.0
130702,3136,5.0
130702,4683,4.0
130702,250,4.0
130702,811,5.0
130702,1302,2.0
130705,1380,4.0
130705,3208,3.0
130705,1940,4.0
130705,3119,4.0
130734,1133,4.0
130734,2344,5.0
130734,5176,5.0
130734,5083,4.0
130771,2775,4.0
130771,4565,4.0
130771,4671,4.0
130771,5571,3.0
130771,5022,2.0
130771,5039,3.0
130771,2626,4.0
130821,3758,4.0
130821,4020,5.0
130821,5322,3.0
130821,5322,3.0
130937,5833,3.0
130937,4550,4.0
130937,1442,3.0
130937,1442,3.0
130937,5833,4.0
130937,2081,4.0
130937,1819,4.0
130937,4143,3.0
131065,4326,4.0
131065,5226,4.0
131065,1975,5.0
131065,4183,2.0
131065,3474,3.0
131065,3474,2.0
131065,837,5.0
131065,4755,2.0
131065,3209,3.0
131065,2878,3.0
131069,5812,4.0
131069,4143,4.0
131069,490,4.0
131069,5037,3.0
131069,5450,3.0
131069,5585,4.0
131069,1189,2.0
131126,4429,4.0
131126,4781,3.0
131126,45,3.0
131126,5559,4.0
131126,1733,3.0
131173,2406,4.0
131173,24,4.0
131173,2344,3.0
131173,473,4.0
131249,3243,4.0
131249,4845,5.0
131249,2344,3.0
131249,5176,4.0
131249,24,4.0
131320,2912,5.0
131320,4086,4.0
131320,1108,3.0
131320,1108,3.0
131464,2468,5.0
131464,2538,4.0
131464,695,5.0
131464,5700,4.0
131464,45,3.0
131464,1478,4.0
131464,3732,4.0
131464,858,5.0
131464,3350,4.0
131464,1442,4.0
131464,144,5.0
131593,379,4.0
131593,379,5.0
131593,5658,5.0
131593,379,5.0
131609,4183,5.0
131609,5521,5.0
131609,4683,4.0
131609,5833,2.0
131609,1442,3.0
131609,3637,2.0
131695,2417,5.0
131695,5111,2.0
131695,1239,4.0
131695,5571,2.0
131695,2656,4.0
131760,1306,4.0
131760,5284,2.0
131760,534,1.0
131760,679,4.0
131766,2463,4.0
131766,3523,5.0
131766,3732,4.0
131766,4143,5.0
131766,5585,4.0
131766,774,5.0
131766,879,3.0
131784,507,5.0
131784,3033,5.0
131784,971,5.0
131784,4251,5.0
131802,4541,4.0
131802,534,3.0
131802,1450,4.0
131802,1886,4.0
131881,1189,1.0
131881,2463,5.0
131881,5450,4.0
131881,5037,4.0
131951,1410,5.0
131951,5450,3.0
131951,3586,3.0
131951,5450,2.0
132055,522,4.0
132055,2942,5.0
132055,668,4.0
132055,45,2.0
132055,228,5.0
132062,3758,4.0
132062,2344,5.0
132062,24,5.0
132062,4184,5.0
132068,5753,2.0
132068,4254,3.0
132068,5571,1.0
132068,904,5.0
132070,1870,1.0
132070,2463,4.0
132070,5450,3.0
132070,44,2.0
132070,5585,3.0
132070,2245,2.0
132070,2838,5.0
132070,531,5.0
132070,5585,2.0
132070,2463,3.0
132070,5585,3.0
132070,1410,1.0
132070,5819,3.0
132181,522,4.0
132181,5641,4.0
132181,4875,2.0
132181,5670,3.0
132238,4632,1.0
132238,1442,3.0
132238,774,4.0
132238,3974,4.0
132339,3209,4.0
132339,999,4.0
132339,4088,5.0
132339,4543,4.0
132350,104,3.0
132350,5605,5.0
132350,5783,2.0
132350,25,5.0
132374,4747,4.0
132374,2933,4.0
132374,3512,5.0
132374,3512,5.0
132420,863,4.0
132420,3732,5.0
132420,2413,4.0
132420,2907,5.0
132420,3661,5.0
132420,5273,5.0
132420,1108,4.0
132420,2557,4.0
132420,2688,5.0
132420,4143,4.0
132420,2413,4.0
132420,514,4.0
132420,1031,5.0
132420,522,4.0
132420,2344,4.0
132420,4855,4.0
132420,5577,4.0
132420,5183,4.0
132420,880,4.0
132420,1738,3.0
132420,1498,4.0
132420,5055,1.0
132436,3853,5.0
132436,2424,5.0
132436,1260,3.0
132436,473,5.0
132436,799,2.0
132436,522,4.0
132436,366,4.0
132436,1902,5.0
132436,214,5.0
132436,1739,5.0
132436,190,5.0
132436,1260,5.0
132520,5226,5.0
132520,45,4.0
132520,3209,4.0
132520,1482,4.0
132520,4183,4.0
132520,1442,4.0
132520,144,4.0
132570,1164,5.0
132570,1820,4.0
132570,5605,4.0
132570,3165,4.0
132656,44,4.0
132656,5697,5.0
132656,2463,5.0
132656,4143,5.0
132702,1002,5.0
132702,1002,5.0
132702,1002,5.0
132702,1002,5.0
132711,3730,5.0
132711,5833,3.0
132711,3165,2.0
132711,5769,3.0
132741,3208,4.0
132741,5260,4.0
132741,2436,5.0
132741,2933,5.0
132816,880,4.0
132816,774,5.0
132816,2344,4.0
132816,2257,5.0
132849,5068,3.0
132849,5583,5.0
132849,5037,4.0
132849,5819,1.0
132849,3586,4.0
132849,2290,1.0
132849,5585,4.0
132874,4593,5.0
132874,3614,5.0
132874,4664,5.0
132874,5169,5.0
132886,4713,3.0
132886,4143,4.0
132886,1870,4.0
132886,2344,3.0
132958,4220,3.0
132958,2006,4.0
132958,2707,3.0
132958,4830,3.0
132958,2557,5.0
133038,3620,4.0
133038,2085,5.0
133038,1756,3.0
133038,150,1.0
133063,5833,4.0
133063,4791,4.0
133063,3136,4.0
133063,5697,4.0
133063,4143,5.0
133068,1178,5.0
133068,566,5.0
133068,880,5.0
133068,725,4.0
133099,3764,4.0
133099,2344,2.0
133099,473,5.0
133099,4634,5.0
133099,2463,3.0
133099,1870,2.0
133228,1671,5.0
133228,138,5.0
133228,1671,5.0
133228,1671,5.0
133361,891,4.0
133361,1442,4.0
133361,1960,3.0
133361,596,5.0
133361,2557,5.0
133361,104,5.0
133361,3758,3.0
133361,1713,4.0
133361,4825,5.0
133361,3633,4.0
133361,2661,4.0
133539,2933,2.0
133539,3412,2.0
133539,5169,5.0
133539,3412,2.0
133564,5855,5.0
133564,697,5.0
133564,1820,4.0
133564,412,5.0
133564,2480,3.0
133613,5450,4.0
133613,977,4.0
133613,24,5.0
133613,4634,3.0
133613,5037,5.0
133613,4550,4.0
133613,5037,5.0
133613,4550,4.0
133616,5168,3.0
133616,3732,4.0
133616,5278,5.0
133616,3488,5.0
133648,4712,5.0
133648,1442,5.0
133648,1637,4.0
133648,3951,4.0
133648,1637,5.0
133679,3732,4.0
133679,1442,3.0
133679,5336,4.0
133679,144,5.0
133679,2373,5.0
133679,5833,3.0
133754,4183,5.0
133754,4097,1.0
133754,5757,4.0
133754,5683,3.0
133754,393,3.0
133824,2832,5.0
133824,774,5.0
133824,104,4.0
133824,5605,4.0
133842,4712,5.0
133842,774,5.0
133842,5081,4.0
133842,1820,5.0
133842,5605,5.0
133842,2373,5.0
133842,104,4.0
133842,1730,5.0
133842,5336,4.0
133842,3353,5.0
133842,3136,5.0
133842,25,5.0
133842,2129,4.0
133842,5390,5.0
133842,2138,2.0
133842,3165,3.0
133842,1385,5.0
133842,3119,5.0
133842,5061,4.0
133842,3123,5.0
133842,3951,4.0
133842,122,5.0
133842,351,2.0
133842,3050,3.0
133842,5630,4.0
133842,2926,3.0
133842,1881,4.0
133842,357,4.0
133842,339,3.0
133842,2586,4.0
133842,5755,4.0
133842,697,3.0
133842,1302,4.0
133842,5746,3.0
133842,1719,4.0
133842,409,5.0
133842,4183,4.0
133842,5705,5.0
133842,2844,2.0
133842,1637,5.0
133842,5292,4.0
133842,2821,4.0
133842,3703,5.0
133842,4493,4.0
133842,4880,5.0
133842,4345,4.0
133842,4335,5.0
134024,3732,5.0
134024,3066,5.0
134024,2359,5.0
134024,3732,5.0
134024,1498,5.0
134024,4971,2.0
134075,1630,4.0
134075,1630,2.0
134075,1737,3.0
134075,45,3.0
134098,2877,4.0
134098,1902,2.0
134098,1902,4.0
134098,1902,5.0
134137,5568,5.0
134137,5039,4.0
134137,4634,2.0
134137,5443,4.0
134263,5260,3.0
134263,4212,4.0
134263,104,2.0
134263,1164,3.0
134263,1637,4.0
134417,4455,5.0
134417,270,5.0
134417,5077,5.0
134417,3143,4.0
134786,774,5.0
134786,4134,3.0
134786,2660,4.0
134786,1600,5.0
134786,2890,4.0
134786,1104,5.0
134786,25,4.0
134786,465,5.0
134786,5037,4.0
134786,2245,4.0
134786,5585,4.0
134786,5585,4.0
134797,443,3.0
134797,880,3.0
134797,757,5.0
134797,5259,4.0
134863,2707,2.0
134863,2707,1.0
134863,2817,4.0
134863,5312,1.0
134877,4183,4.0
134877,1442,4.0
134877,24,5.0
134877,514,3.0
134996,4591,3.0
134996,4717,5.0
134996,3165,2.0
134996,5521,1.0
135043,3663,2.0
135043,2557,5.0
135043,1765,3.0
135043,4453,5.0
135081,2468,5.0
135081,5259,4.0
135081,3228,4.0
135081,3568,1.0
135124,3310,3.0
135124,3732,4.0
135124,4593,3.0
135124,4143,4.0
135178,45,2.0
135178,2835,3.0
135178,1190,3.0
135178,45,3.0
135178,447,4.0
135178,2513,3.0
135178,1783,3.0
135178,3209,3.0
135336,857,2.0
135336,949,4.0
135336,2723,3.0
135336,4495,3.0
135336,5284,2.0
135566,1762,4.0
135566,2775,4.0
135566,1884,4.0
135566,2344,5.0
135570,5585,3.0
135570,2940,3.0
135570,5833,3.0
135570,44,3.0
135570,1958,4.0
135570,4143,3.0
135570,3310,4.0
135570,3165,4.0
135570,1404,4.0
135574,3178,4.0
135574,3209,3.0
135574,45,3.0
135574,723,4.0
135748,2015,4.0
135748,5605,4.0
135748,3119,5.0
135748,5176,5.0
135748,4875,4.0
135748,522,4.0
135748,5083,5.0
135748,2141,5.0
135749,2097,3.0
135749,1546,3.0
135749,4088,4.0
135749,3029,4.0
135749,4634,3.0
135749,1380,3.0
135801,4235,1.0
135801,2926,2.0
135801,483,4.0
135801,5398,1.0
135813,3732,4.0
135813,45,2.0
135813,2168,3.0
135813,522,3.0
135966,5304,5.0
135966,3490,5.0
135966,3165,4.0
135966,5214,5.0
135966,5169,3.0
135966,774,5.0
135966,3732,4.0
135966,858,5.0
135966,2132,5.0
135966,4220,5.0
135966,4576,5.0
135966,5174,5.0
135966,4359,5.0
135985,4369,5.0
135985,3165,5.0
135985,1442,5.0
135985,4351,5.0
135985,104,3.0
135985,104,3.0
135985,1164,2.0
135985,1164,2.0
136031,2836,2.0
136031,4543,5.0
136031,5625,4.0
136031,5174,2.0
136031,305,2.0
136031,2344,1.0
136085,44,4.0
136085,3586,5.0
136085,5585,3.0
136085,1870,5.0
136160,150,3.0
136160,1940,5.0
136160,3165,4.0
136160,880,4.0
136160,4673,4.0
136321,2613,4.0
136321,4235,3.0
136321,4632,4.0
136321,2006,3.0
136321,3973,4.0
136321,2086,3.0
136321,5757,4.0
136321,342,3.0
136522,8,1.0
136522,5139,5.0
136522,3578,4.0
136522,1410,4.0
136538,5617,4.0
136538,2381,5.0
136538,2126,4.0
136538,5045,3.0
136538,3101,4.0
136538,2344,5.0
136615,1976,3.0
136615,1442,3.0
136615,25,5.0
136615,5605,4.0
136638,2942,4.0
136638,4911,5.0
136638,2942,5.0
136638,1442,5.0
136638,4406,5.0
136638,1442,1.0
136638,5833,1.0
136638,1442,4.0
136638,1442,4.0
136638,4406,1.0
136638,1302,3.0
136638,3353,4.0
136696,4241,4.0
136696,4505,4.0
136696,5507,1.0
136696,2707,4.0
136696,45,3.0
136696,5752,3.0
136720,1442,3.0
136720,648,3.0
136720,522,4.0
136720,4241,5.0
136720,5058,4.0
136720,2005,4.0
136720,1093,4.0
136720,4054,4.0
136853,3643,5.0
136853,5484,2.0
136853,5586,2.0
136853,1631,2.0
136853,354,4.0
136853,379,5.0
136853,1983,5.0
136907,5260,3.0
136907,3136,5.0
136907,3165,4.0
136907,144,4.0
136907,2373,2.0
136907,5035,3.0
136907,5833,4.0
136922,3143,5.0
136922,41,5.0
136922,2085,5.0
136922,71,4.0
136925,5843,5.0
136925,1442,4.0
136925,5292,5.0
136925,774,5.0
136938,3586,4.0
136938,2884,3.0
136938,764,3.0
136938,3586,4.0
136938,3586,4.0
136938,1870,4.0
136938,3647,3.0
136964,361,5.0
136964,860,3.0
136964,1054,5.0
136964,3840,5.0
136964,361,5.0
136993,4739,1.0
136993,4739,1.0
136993,596,4.0
136993,5110,5.0
136999,3165,3.0
136999,792,3.0
136999,2937,5.0
136999,144,3.0
136999,2775,5.0
137016,2463,5.0
137016,5585,5.0
137016,2245,2.0
137016,2245,2.0
137071,4012,5.0
137071,671,5.0
137071,2557,5.0
137071,5254,5.0
137071,1008,4.0
137071,2101,4.0
137071,4464,5.0
137182,2781,3.0
137182,2109,4.0
137182,1396,3.0
137182,2191,4.0
137182,1195,4.0
137182,880,2.0
137207,2426,3.0
137207,4005,4.0
137207,1631,5.0
137207,2508,4.0
137302,1487,5.0
137302,3586,2.0
137302,1958,4.0
137302,2463,5.0
137302,1003,3.0
137302,465,3.0
137302,2884,4.0
137302,4590,2.0
137302,5450,1.0
137311,473,4.0
137311,5661,4.0
137311,5083,5.0
137311,5745,5.0
137311,5336,4.0
137311,5855,4.0
137446,4712,5.0
137446,129,4.0
137446,3,5.0
137446,4632,4.0
137446,3136,5.0
137506,5091,1.0
137506,5431,4.0
137506,2963,3.0
137506,1152,4.0
137574,2775,4.0
137574,2557,4.0
137574,1643,5.0
137574,3209,4.0
137574,757,3.0
137574,25,4.0
137574,5292,4.0
137574,104,4.0
137574,5454,4.0
137738,3945,3.0
137738,24,5.0
137738,2355,5.0
137738,3732,4.0
137756,5260,3.0
137756,4712,5.0
137756,1820,5.0
137756,5605,4.0
137765,3009,4.0
137765,555,2.0
137765,1713,1.0
137765,3572,4.0
137936,3165,4.0
137936,1819,5.0
137936,1302,3.0
137936,5081,4.0
138032,3474,4.0
138032,324,3.0
138032,3474,4.0
138032,4755,5.0
138032,412,4.0
138116,683,3.0
138116,1637,5.0
138116,5833,4.0
138116,4683,3.0
138116,4183,3.0
138263,4227,4.0
138263,1811,5.0
138263,3999,3.0
138263,2344,4.0
138263,522,4.0
138263,5375,3.0
138303,5585,3.0
138303,2536,1.0
138303,2463,5.0
138303,4550,4.0
138326,734,3.0
138326,774,5.0
138326,473,5.0
138326,24,5.0
138331,966,3.0
138331,4717,3.0
138331,1730,4.0
138331,679,3.0
138331,4912,1.0
138395,5683,4.0
138395,3032,5.0
138395,1886,5.0
138395,1312,3.0
138589,5819,4.0
138589,2745,4.0
138589,1489,5.0
138589,2046,3.0
138785,45,2.0
138785,3840,5.0
138785,262,1.0
138785,2413,2.0
138880,2463,3.0
138880,44,3.0
138880,2884,1.0
138880,5037,2.0
138880,3822,3.0
138932,1860,4.0
138932,4429,4.0
138932,3737,2.0
138932,4781,3.0
138975,4565,3.0
138975,4351,3.0
138975,1164,4.0
138975,4075,2.0
139053,4809,5.0
139053,604,5.0
139053,2557,5.0
139053,44,5.0
139080,1413,4.0
139080,342,3.0
139080,2618,1.0
139080,888,1.0
139096,4183,5.0
139096,3703,5.0
139096,250,3.0
139096,2374,5.0
139127,4123,4.0
139127,473,4.0
139127,2972,2.0
139127,3661,4.0
139127,45,1.0
139127,522,3.0
139127,2156,3.0
139127,75,4.0
139127,5516,3.0
139225,5081,1.0
139225,144,3.0
139225,4212,4.0
139225,2373,5.0
139330,904,5.0
139330,4088,3.0
139330,2085,4.0
139330,3143,5.0
139357,522,4.0
139357,2424,4.0
139357,1442,2.0
139357,4683,4.0
139357,3165,4.0
139357,369,3.0
139505,3143,5.0
139505,4783,4.0
139505,2085,5.0
139505,1356,4.0
139582,1631,3.0
139582,550,4.0
139582,3843,5.0
139582,2403,4.0
139687,1093,4.0
139687,5843,4.0
139687,3228,5.0
139687,71,5.0
139687,4031,5.0
139687,4592,3.0
139687,2688,5.0
139687,668,5.0
139738,1629,4.0
139738,774,5.0
139738,1770,4.0
139738,3801,4.0
139738,4212,3.0
139738,2139,3.0
139738,2355,4.0
139738,2139,3.0
139790,1341,1.0
139790,1921,4.0
139790,1962,1.0
139790,1921,2.0
140009,496,4.0
140009,2775,1.0
140009,2775,1.0
140009,2041,2.0
140028,3602,2.0
140028,393,4.0
140028,5559,3.0
140028,1693,5.0
140028,2988,4.0
140028,3661,4.0
140040,3777,4.0
140040,3218,3.0
140040,344,1.0
140040,4896,4.0
140040,5160,4.0
140040,5747,4.0
140040,3777,3.0
140040,45,3.0
140092,2463,5.0
140092,2463,2.0
140092,4550,4.0
140092,2463,5.0
140109,1436,5.0
140109,3840,4.0
140109,3228,4.0
140109,3633,2.0
140109,857,5.0
140109,2942,4.0
140109,2933,3.0
140109,4220,3.0
140109,2178,4.0
140109,5039,3.0
140109,2738,4.0
140109,1637,3.0
140187,45,3.0
140187,4326,2.0
140187,1093,4.0
140187,3165,4.0
140187,1442,5.0
140187,1598,5.0
140187,3732,5.0
140188,5521,1.0
140188,4212,5.0
140188,4229,3.0
140188,2463,5.0
140188,1940,5.0
140282,5585,2.0
140282,44,1.0
140282,4143,2.0
140282,5450,4.0
140302,5585,2.0
140302,5585,2.0
140302,5585,3.0
140302,5585,1.0
140302,5585,1.0
140302,5585,4.0
140302,5585,3.0
140302,5585,2.0
140302,5585,4.0
140437,2434,4.0
140437,393,3.0
140437,1693,4.0
140437,1239,2.0
140452,2972,2.0
140452,4191,4.0
140452,5855,5.0
140452,5336,4.0
140628,5697,5.0
140628,2463,4.0
140628,1870,4.0
140628,4143,5.0
140628,31,4.0
140628,3967,5.0
140719,3600,1.0
140719,678,5.0
140719,4232,4.0
140719,45,2.0
140770,2006,4.0
140770,5062,5.0
140770,2071,4.0
140770,2988,2.0
140770,4543,4.0
140796,4771,3.0
140796,4717,5.0
140796,4567,5.0
140796,2156,4.0
140796,24,5.0
140914,2942,1.0
140914,2880,1.0
140914,4911,3.0
140914,901,4.0
140915,45,3.0
140915,880,3.0
140915,3737,1.0
140915,907,2.0
140915,1860,2.0
140915,2480,3.0
140915,3287,3.0
140962,3922,3.0
140962,5548,4.0
140962,3732,4.0
140962,2508,4.0
141036,2450,2.0
141036,3732,4.0
141036,1417,2.0
141036,3069,1.0
141036,4850,4.0
141036,789,5.0
141036,4671,4.0
141036,5085,4.0
141036,4635,5.0
141036,1133,4.0
141036,3504,3.0
141036,3133,4.0
141174,774,5.0
141174,1442,2.0
141174,3967,4.0
141174,989,3.0
141185,1881,3.0
141185,2992,4.0
141185,4683,4.0
141185,522,3.0
141364,1870,5.0
141364,2463,5.0
141364,44,5.0
141364,5585,5.0
141381,3218,2.0
141381,4965,5.0
141381,4989,4.0
141381,4057,5.0
141381,2205,5.0
141381,4057,5.0
141487,45,1.0
141487,447,4.0
141487,4624,2.0
141487,5643,3.0
141540,1870,3.0
141540,5444,4.0
141540,5697,5.0
141540,4143,4.0
141540,144,2.0
141589,3517,4.0
141589,2344,4.0
141589,3582,3.0
141589,2294,4.0
141643,5747,4.0
141643,4088,5.0
141643,5111,4.0
141643,2101,3.0
141726,3420,4.0
141726,44,5.0
141726,5037,4.0
141726,4088,5.0
141922,4695,4.0
141922,1442,2.0
141922,904,1.0
141922,5035,3.0
142062,1442,1.0
142062,3637,3.0
142062,1940,4.0
142062,1032,4.0
142137,1442,2.0
142137,1312,5.0
142137,34,4.0
142137,522,4.0
142137,514,4.0
142137,3651,3.0
142137,5176,5.0
142137,2344,5.0
142137,104,5.0
142184,858,2.0
142184,4997,3.0
142184,361,3.0
142184,1152,3.0
142239,144,3.0
142239,774,3.0
142239,2622,4.0
142239,4755,5.0
142239,45,3.0
142239,4911,4.0
142239,1442,4.0
142239,596,4.0
142239,1637,4.0
142239,679,4.0
142304,2109,4.0
142304,725,3.0
142304,3732,4.0
142304,4167,3.0
142304,2109,3.0
142434,880,3.0
142434,4755,4.0
142434,2557,4.0
142434,1442,3.0
142523,723,4.0
142523,1233,5.0
142523,5516,5.0
142523,3661,5.0
142588,3662,5.0
142588,122,5.0
142588,4590,4.0
142588,3732,5.0
142608,4514,4.0
142608,45,2.0
142608,2169,5.0
142608,3737,2.0
142608,3209,3.0
142608,4543,4.0
142608,1450,4.0
142608,5062,5.0
142608,393,4.0
142608,4990,4.0
142608,757,3.0
142608,4208,4.0
142608,1919,4.0
142608,942,3.0
142608,1733,2.0
142608,4097,2.0
142608,907,4.0
142608,262,1.0
142608,2187,5.0
142608,1693,4.0
142608,5643,3.0
142608,2169,5.0
142608,4997,5.0
142608,4997,5.0
142608,1312,4.0
142608,2229,4.0
142608,3032,4.0
142608,1332,3.0
142608,3178,4.0
142608,3287,3.0
142608,3794,4.0
142608,1002,3.0
142608,1002,3.0
142608,1487,4.0
142608,3178,3.0
142608,5357,3.0
142608,2761,3.0
142608,2480,3.0
142608,2434,2.0
142608,393,4.0
142608,4429,4.0
142608,4997,5.0
142608,1054,4.0
142608,5031,4.0
142608,2169,4.0
142608,4990,3.0
142608,721,4.0
142608,907,4.0
142608,1783,5.0
142608,2065,4.0
142608,393,4.0
142608,1790,1.0
142608,1860,3.0
142608,4543,4.0
142608,1919,4.0
142608,1022,3.0
142608,5625,3.0
142608,393,4.0
142608,2357,2.0
142608,3737,3.0
142608,1120,3.0
142608,832,3.0
142608,1813,4.0
142608,3247,4.0
142608,5559,3.0
142608,1666,3.0
142608,2878,3.0
142608,4198,4.0
142608,393,4.0
142608,1579,3.0
142608,3218,4.0
142608,1022,2.0
142740,5797,1.0
142740,1190,1.0
142740,4566,1.0
142740,1949,2.0
142764,404,1.0
142764,575,5.0
142764,2257,4.0
142764,2196,5.0
142764,1442,5.0
142764,45,5.0
142764,1579,5.0
142781,3777,5.0
142781,343,1.0
142781,5259,2.0
142781,1348,5.0
142781,203,4.0
142817,1312,5.0
142817,1450,5.0
142817,1450,1.0
142817,1306,1.0
142817,1450,1.0
142817,45,1.0
142888,2085,5.0
142888,2926,2.0
142888,129,5.0
142888,2933,4.0
142946,2078,5.0
142946,3417,4.0
142946,2468,3.0
142946,1841,2.0
142946,3453,5.0
142946,2013,3.0
143076,4550,4.0
143076,4143,4.0
143076,25,5.0
143076,5767,4.0
143076,5241,4.0
143076,3732,4.0
143076,880,4.0
143076,2557,4.0
143113,1380,4.0
143113,5641,2.0
143113,2946,3.0
143113,2946,1.0
143113,5670,4.0
143135,2690,1.0
143135,3967,5.0
143135,5321,4.0
143135,3523,4.0
143185,4896,3.0
143185,832,5.0
143185,4208,5.0
143185,5085,5.0
143185,3517,4.0
143185,1032,5.0
143185,3209,5.0
143185,1679,5.0
143185,5085,5.0
143185,1693,3.0
143185,5643,4.0
143185,5226,5.0
143199,61,2.0
143199,5110,5.0
143199,221,5.0
143199,1442,4.0
143199,4191,5.0
143199,4589,4.0
143317,4254,4.0
143317,3143,5.0
143317,5710,4.0
143317,2718,2.0
143379,5111,5.0
143379,2085,5.0
143379,4464,5.0
143379,9,5.0
143392,4020,5.0
143392,3179,3.0
143392,650,4.0
143392,2933,4.0
143718,1442,2.0
143718,3134,3.0
143718,45,2.0
143718,1462,4.0
143718,1054,4.0
143782,3647,5.0
143782,5037,2.0
143782,2463,4.0
143782,2463,5.0
143820,949,5.0
143820,3756,3.0
143820,2138,4.0
143820,4717,5.0
143825,764,3.0
143825,5037,3.0
143825,3586,2.0
143825,4143,4.0
143825,2010,4.0
143825,2884,3.0
143825,2636,3.0
143825,3967,4.0
143825,3622,3.0
143825,1870,4.0
143825,614,3.0
143825,2690,3.0
143825,3052,4.0
143825,44,4.0
143825,5450,4.0
143825,45,3.0
143882,5260,5.0
143882,4235,4.0
143882,1441,5.0
143882,4235,4.0
143882,4712,4.0
143882,5647,3.0
143882,774,5.0
143882,1442,4.0
143895,5623,4.0
143895,2622,3.0
143895,3586,3.0
143895,3067,5.0
143907,5081,5.0
143907,3136,5.0
143907,4233,5.0
143907,2842,4.0
143907,1442,3.0
143907,3165,2.0
143907,3552,5.0
144045,2662,3.0
144045,3801,4.0
144045,5168,4.0
144045,2132,5.0
144045,3732,5.0
144045,2662,4.0
144045,3991,5.0
144056,4427,1.0
144056,5241,5.0
144056,558,5.0
144056,880,3.0
144101,2436,4.0
144101,3165,4.0
144101,5374,4.0
144101,4184,5.0
144204,1442,3.0
144204,5833,4.0
144204,1820,5.0
144204,4235,5.0
144204,1783,5.0
144204,3661,4.0
144204,1600,5.0
144231,2557,3.0
144231,1442,2.0
144231,1442,4.0
144231,3136,5.0
144231,2842,5.0
144231,1763,4.0
144297,4717,4.0
144297,1940,4.0
144297,3590,4.0
144297,1975,4.0
144299,122,2.0
144299,3764,5.0
144299,4567,5.0
144299,1976,3.0
144334,5031,4.0
144334,880,3.0
144334,1442,4.0
144334,774,5.0
144334,2942,4.0
144334,104,4.0
144334,1921,3.0
144465,5625,4.0
144465,2085,4.0
144465,904,5.0
144465,122,5.0
144465,1356,4.0
144465,5201,4.0
144465,5168,5.0
144465,409,4.0
144499,4514,1.0
144499,3209,4.0
144499,1306,2.0
144499,45,3.0
144595,2182,2.0
144595,3732,5.0
144595,4003,4.0
144595,5484,5.0
144680,1436,4.0
144680,2745,5.0
144680,2745,3.0
144680,3661,4.0
144697,4183,5.0
144697,1302,4.0
144697,4567,5.0
144697,1884,4.0
144697,5081,4.0
144697,3993,5.0
144697,1442,4.0
144697,3353,4.0
144759,3732,4.0
144759,2463,4.0
144759,1966,4.0
144759,4005,4.0
144759,1966,4.0
144763,5168,5.0
144763,1631,5.0
144763,1152,5.0
144763,5278,3.0
144764,5605,3.0
144764,4184,4.0
144764,3653,1.0
144764,1442,4.0
144809,863,5.0
144809,379,1.0
144809,5055,5.0
144809,5148,5.0
144811,2610,4.0
144811,2884,4.0
144811,2463,3.0
144811,5585,5.0
144811,1870,5.0
144842,2610,4.0
144842,1108,4.0
144842,1442,4.0
144842,1637,4.0
144842,45,3.0
144842,4567,5.0
144866,1840,4.0
144866,1102,4.0
144866,4390,4.0
144866,5360,5.0
144866,1102,4.0
144866,5111,5.0
144985,4634,4.0
144985,3101,5.0
144985,4845,5.0
144985,24,5.0
145024,723,4.0
145024,4543,4.0
145024,1886,3.0
145024,5833,4.0
145035,1189,1.0
145035,1189,1.0
145035,1189,1.0
145035,1189,1.0
145036,4543,4.0
145036,5398,5.0
145036,1960,3.0
145036,4653,5.0
145036,5110,3.0
145036,5110,2.0
145125,1260,4.0
145125,2344,4.0
145125,473,5.0
145125,4073,4.0
145125,3966,2.0
145216,3084,4.0
145216,819,4.0
145216,5183,4.0
145216,3637,1.0
145216,4662,4.0
145216,3705,4.0
145232,1152,5.0
145232,3732,5.0
145232,1264,5.0
145232,5658,4.0
145232,3214,2.0
145232,3089,5.0
145232,3214,2.0
145232,4884,4.0
145644,5062,5.0
145644,4514,1.0
145644,3931,5.0
145644,3931,3.0
145774,5357,4.0
145774,4755,4.0
145774,5690,5.0
145774,2610,1.0
145812,2360,5.0
145812,1489,5.0
145812,1963,4.0
145812,1436,4.0
145812,2054,1.0
145968,3248,4.0
145968,3732,5.0
145968,3417,5.0
145968,3123,4.0
145968,1385,5.0
145968,4624,5.0
145968,45,3.0
145968,5685,4.0
145968,4755,5.0
145968,1411,5.0
145968,3453,5.0
145968,593,4.0
145968,61,5.0
145968,3922,4.0
145968,3614,2.0
145968,4086,5.0
145968,3101,5.0
145990,3705,2.0
145990,880,4.0
145990,5111,5.0
145990,357,5.0
146013,5647,2.0
146013,2581,2.0
146013,129,4.0
146013,5833,4.0
146013,1961,5.0
146201,2781,4.0
146201,5111,3.0
146201,3143,4.0
146201,5360,5.0
146201,1396,3.0
146201,3620,3.0
146201,3800,4.0
146201,581,5.0
146423,3637,2.0
146423,5112,4.0
146423,1870,3.0
146423,5081,3.0
146423,1178,4.0
146423,1637,3.0
146423,2613,3.0
146521,649,5.0
146521,649,1.0
146521,393,5.0
146521,1937,4.0
146521,393,3.0
146677,1011,5.0
146677,5582,5.0
146677,4911,5.0
146677,71,5.0
146677,1358,1.0
146677,5250,2.0
146677,3019,4.0
146677,888,4.0
146735,4729,4.0
146735,4184,4.0
146735,958,4.0
146735,2360,5.0
146735,5044,4.0
146735,4610,3.0
146735,4432,5.0
146735,360,5.0
147102,4610,4.0
147102,5499,4.0
147102,2052,4.0
147102,1436,5.0
147156,2557,4.0
147156,4012,5.0
147156,1729,5.0
147156,2085,5.0
147326,1189,1.0
147326,1189,1.0
147326,4550,3.0
147326,4550,2.0
147373,4550,3.0
147373,5139,3.0
147373,1870,3.0
147373,3523,2.0
147373,5585,3.0
147491,1820,4.0
147491,3974,5.0
147491,5767,4.0
147491,5767,2.0
147491,5767,1.0
147547,4514,4.0
147547,5797,3.0
147547,45,2.0
147547,2513,2.0
147547,4514,4.0
147573,5851,3.0
147573,3337,2.0
147573,1189,1.0
147573,4143,3.0
147573,5585,2.0
147637,1693,4.0
147637,4550,2.0
147637,1870,5.0
147637,1666,4.0
147637,5419,1.0
147637,5702,1.0
147637,5419,3.0
147637,5702,3.0
147666,3455,2.0
147666,2463,2.0
147666,5450,3.0
147666,5037,1.0
147666,45,3.0
147779,4761,3.0
147779,904,5.0
147779,345,3.0
147779,4485,5.0
147779,725,4.0
147779,2612,2.0
147794,1631,5.0
147794,3133,4.0
147794,3732,4.0
147794,1411,5.0
147842,2557,4.0
147842,880,4.0
147842,1396,4.0
147842,604,4.0
147842,514,1.0
147842,799,4.0
147842,452,3.0
147842,5022,3.0
147842,4073,3.0
147842,4020,4.0
147866,4543,3.0
147866,2089,5.0
147866,4990,4.0
147866,1214,4.0
148045,2557,5.0
148045,457,4.0
148045,45,4.0
148045,5496,5.0
148154,4634,4.0
148154,4845,4.0
148154,1763,4.0
148154,4184,4.0
148154,1442,1.0
148154,1186,5.0
148154,774,5.0
148154,4911,5.0
148158,5130,5.0
148158,1178,4.0
148158,1152,5.0
148158,2775,1.0
148159,360,5.0
148159,269,2.0
148159,269,2.0
148159,1093,4.0
148159,5747,5.0
148159,4729,5.0
148178,1442,4.0
148178,104,5.0
148178,1629,4.0
148178,2832,4.0
148453,4543,5.0
148453,1133,5.0
148453,5459,2.0
148453,2359,5.0
148453,5106,4.0
148453,5168,5.0
148453,900,5.0
148453,1417,4.0
148468,3732,5.0
148468,2041,1.0
148468,4830,5.0
148468,748,2.0
148474,912,5.0
148474,3703,4.0
148474,1248,5.0
148474,5855,4.0
148474,3703,5.0
148474,1775,4.0
148474,1637,4.0
148474,1164,5.0
148474,3703,5.0
148474,2942,4.0
148474,3703,5.0
148474,104,5.0
148474,1676,4.0
148474,1248,5.0
148474,144,2.0
148477,144,2.0
148477,4304,1.0
148477,1637,5.0
148477,1164,5.0
148477,45,1.0
148477,3209,4.0
148546,3732,4.0
148546,5484,3.0
148546,5304,4.0
148546,789,4.0
148546,880,4.0
148599,904,4.0
148599,5360,4.0
148599,2575,1.0
148599,4314,4.0
148690,2101,4.0
148690,4464,2.0
148690,409,5.0
148690,1297,5.0
148730,2344,4.0
148730,5292,4.0
148730,5183,3.0
148730,880,2.0
148730,3086,5.0
148757,4854,5.0
148757,2348,4.0
148757,2199,4.0
148757,900,5.0
148757,4618,4.0
148757,819,1.0
148757,5168,2.0
148757,900,5.0
148757,1701,4.0
148757,5168,4.0
148757,4854,5.0
148830,2288,2.0
148830,2610,4.0
148830,4364,3.0
148830,2992,4.0
148886,958,4.0
148886,1683,3.0
148886,1093,5.0
148886,45,1.0
148946,1442,3.0
148946,774,5.0
148946,1404,4.0
148946,5260,3.0
149099,5746,5.0
149099,5833,5.0
149099,409,5.0
149099,3165,5.0
149099,3732,5.0
149099,683,3.0
149099,5833,5.0
149156,4829,4.0
149156,4020,5.0
149156,714,2.0
149156,3764,5.0
149309,4359,5.0
149309,473,5.0
149309,24,5.0
149309,1164,5.0
149309,3165,4.0
149339,5044,5.0
149339,1183,1.0
149339,4634,4.0
149339,5443,5.0
149358,4345,4.0
149358,3208,4.0
149358,1820,4.0
149358,5605,4.0
149364,497,3.0
149364,4634,4.0
149364,3550,2.0
149364,3550,3.0
149364,3237,4.0
149364,907,5.0
149364,1783,5.0
149390,5111,5.0
149390,180,2.0
149390,5571,3.0
149390,4427,2.0
149390,880,3.0
149390,2085,5.0
149390,4749,4.0
149390,2760,4.0
149390,4427,3.0
149390,4673,3.0
149390,3143,2.0
149390,5176,4.0
149544,1637,5.0
149544,5001,5.0
149544,5081,5.0
149544,5081,5.0
149647,4314,4.0
149647,880,4.0
149647,2328,4.0
149647,4220,3.0
149687,44,4.0
149687,3523,4.0
149687,490,5.0
149687,4612,4.0
149693,4241,3.0
149693,683,4.0
149693,1637,5.0
149693,27,4.0
149693,3020,4.0
149693,4020,4.0
149820,2463,4.0
149820,5037,3.0
149820,1870,4.0
149820,4550,5.0
149837,558,1.0
149837,2612,5.0
149837,725,4.0
149837,566,5.0
149837,4212,3.0
149898,1297,4.0
149898,774,5.0
149898,4319,3.0
149898,1442,2.0
149898,144,2.0
149898,1962,3.0
149898,1442,2.0
149898,1598,4.0
149898,1297,3.0
149898,2942,3.0
149898,4319,4.0
149898,1297,3.0
149898,1297,3.0
149898,1186,3.0
149898,2880,3.0
149898,2325,3.0
149898,2821,1.0
149898,1962,3.0
149898,1713,2.0
149898,3335,2.0
149898,1297,3.0
149898,1186,3.0
149898,1442,2.0
149898,1297,4.0
149898,2821,1.0
149977,2344,5.0
149977,4634,4.0
149977,473,5.0
149977,522,4.0
150015,1631,4.0
150015,5168,5.0
150015,3732,5.0
150015,5549,5.0
150015,2089,5.0
150030,5130,3.0
150030,5833,3.0
150030,5647,3.0
150030,3165,3.0
150127,904,5.0
150127,4600,3.0
150127,3143,5.0
150127,5360,4.0
150127,880,3.0
150516,3737,3.0
150516,3209,3.0
150516,5062,5.0
150516,1422,5.0
150516,1331,4.0
150516,2761,3.0
150516,262,1.0
150516,1733,2.0
150516,1422,3.0
150516,3737,1.0
150516,5273,1.0
150516,907,3.0
150516,1860,3.0
150516,3737,3.0
150516,723,5.0
150516,1312,4.0
150558,934,5.0
150558,2344,5.0
150558,522,5.0
150558,5855,5.0
150602,1442,1.0
150602,4771,2.0
150602,4771,2.0
150602,4771,1.0
150671,904,4.0
150671,5525,4.0
150671,3639,4.0
150671,522,4.0
150754,4970,2.0
150754,2323,5.0
150754,3313,4.0
150754,2323,4.0
150755,5444,4.0
150755,3751,4.0
150755,3622,1.0
150755,3412,5.0
150755,2690,1.0
150789,3228,5.0
150789,604,5.0
150789,2557,4.0
150789,5496,5.0
150842,2775,1.0
150842,2775,1.0
150842,2775,1.0
150842,2775,1.0
150861,3542,4.0
150861,3732,5.0
150861,5779,5.0
150861,3732,3.0
150912,3737,3.0
150912,757,3.0
150912,5139,3.0
150912,4592,3.0
150912,4830,3.0
150912,3209,3.0
150912,4543,3.0
150912,45,3.0
150912,4514,3.0
150912,2290,3.0
150912,2328,3.0
150912,2781,3.0
150912,4088,5.0
150912,3650,3.0
150912,880,2.0
150912,725,4.0
151027,5037,4.0
151027,2463,3.0
151027,2463,3.0
151027,44,5.0
151027,2463,5.0
151047,550,5.0
151047,3732,4.0
151047,5241,5.0
151047,45,3.0
151047,880,2.0
151047,3825,1.0
151047,844,5.0
151047,5571,2.0
151105,3398,4.0
151105,3806,4.0
151105,2406,5.0
151105,3179,2.0
151105,1201,4.0
151168,3777,4.0
151168,812,5.0
151168,2626,3.0
151168,5833,4.0
151168,25,5.0
151201,469,5.0
151201,1976,4.0
151201,3764,3.0
151201,798,4.0
151252,857,4.0
151252,1637,5.0
151252,1940,3.0
151252,4639,3.0
151252,3590,3.0
151252,2407,3.0
151252,774,4.0
151252,5110,4.0
151351,2557,4.0
151351,4464,3.0
151351,4624,3.0
151351,45,3.0
151371,2781,2.0
151371,1195,4.0
151371,1356,4.0
151371,2718,4.0
151371,180,4.0
151371,904,4.0
151371,880,3.0
151371,5654,3.0
151371,331,5.0
151371,1102,3.0
151371,2792,3.0
151371,4525,3.0
151371,3029,3.0
151371,2821,4.0
151371,483,4.0
151507,2089,4.0
151507,4232,4.0
151507,2963,5.0
151507,45,4.0
151507,3209,4.0
151507,4830,4.0
151507,3732,4.0
151507,5106,4.0
151512,3214,1.0
151512,3214,1.0
151512,3214,1.0
151512,3084,2.0
151570,3241,2.0
151570,1940,4.0
151570,5551,5.0
151570,1713,3.0
151570,534,3.0
151570,4829,4.0
151570,1306,4.0
151570,1643,4.0
151614,144,5.0
151614,2660,4.0
151614,5833,3.0
151614,104,3.0
151635,4673,4.0
151635,2581,5.0
151635,4359,3.0
151635,977,4.0
151635,1304,5.0
151635,4088,5.0
151635,904,5.0
151635,24,5.0
151635,2406,5.0
151635,5360,4.0
151635,2781,5.0
151635,71,5.0
151635,5111,4.0
151635,2462,4.0
151635,3029,2.0
151635,2643,4.0
151730,473,5.0
151730,1260,4.0
151730,1914,5.0
151730,45,4.0
151792,4143,4.0
151792,4293,3.0
151792,880,3.0
151792,2557,3.0
151875,5702,3.0
151875,2508,4.0
151875,1843,4.0
151875,2775,4.0
151875,2653,4.0
151875,1411,5.0
151875,1843,5.0
151875,3649,4.0
151875,5168,3.0
151875,424,5.0
152155,4326,5.0
152155,1152,4.0
152155,2025,3.0
152155,1152,3.0
152155,2025,4.0
152155,2829,4.0
152226,5450,3.0
152226,3586,4.0
152226,3967,5.0
152226,5585,5.0
152226,2463,4.0
152226,5819,4.0
152257,2257,4.0
152257,104,4.0
152257,3637,1.0
152257,4155,4.0
152317,3647,1.0
152317,1475,5.0
152317,4550,4.0
152317,3586,2.0
152330,5241,3.0
152330,4525,4.0
152330,1990,4.0
152330,880,3.0
152330,4673,3.0
152330,1396,3.0
152330,4254,2.0
152330,4749,4.0
152330,2085,5.0
152330,1542,4.0
152330,5706,4.0
152330,5571,3.0
152409,4220,4.0
152409,1152,5.0
152409,819,2.0
152409,5314,4.0
152520,2257,5.0
152520,2196,5.0
152520,1641,5.0
152520,4364,5.0
152589,686,4.0
152589,3143,4.0
152589,2085,5.0
152589,1144,5.0
152589,3840,5.0
152589,2513,3.0
152589,907,4.0
152589,1442,3.0
152589,5605,5.0
152589,1820,5.0
152589,3330,4.0
152589,2622,3.0
152661,2014,4.0
152661,5111,3.0
152661,3801,5.0
152661,1546,4.0
152661,522,4.0
152672,2344,4.0
152672,2083,1.0
152672,3101,4.0
152672,4232,3.0
152847,5728,4.0
152847,5585,4.0
152847,880,5.0
152847,3143,5.0
152872,412,2.0
152872,1631,4.0
152872,2403,5.0
152872,789,5.0
152887,1546,3.0
152887,3247,5.0
152887,3247,5.0
152887,2557,4.0
152887,3732,4.0
152887,1921,5.0
152887,1442,4.0
152932,393,2.0
152932,393,1.0
152932,499,2.0
152932,499,4.0
153362,3717,4.0
153362,3209,3.0
153362,45,2.0
153362,1487,2.0
153362,3737,1.0
153362,757,3.0
153362,45,2.0
153362,4097,1.0
153379,3275,5.0
153379,5484,2.0
153379,3063,2.0
153379,817,4.0
153379,3221,2.0
153379,5110,5.0
153591,2888,4.0
153591,5039,3.0
153591,5259,4.0
153591,5641,4.0
153591,2178,3.0
153591,4650,4.0
153648,1738,1.0
153648,1475,2.0
153648,2314,3.0
153648,4896,4.0
153648,45,4.0
153648,71,3.0
153648,1881,4.0
153648,522,4.0
153648,3133,4.0
153648,3732,4.0
153648,1442,2.0
153648,4406,3.0
153788,2294,4.0
153788,2044,5.0
153788,1671,5.0
153788,456,3.0
153788,138,4.0
153788,3228,5.0
153788,4534,4.0
153834,2463,4.0
153834,614,4.0
153834,3586,2.0
153834,1489,5.0
153834,1039,3.0
153834,3209,3.0
154064,1783,4.0
154064,1108,3.0
154064,1108,5.0
154064,37,1.0
154103,41,5.0
154103,904,5.0
154103,2085,5.0
154103,4088,5.0
154103,9,5.0
154103,3143,5.0
154140,5781,4.0
154140,1186,4.0
154140,1442,3.0
154140,5521,4.0
154140,3136,5.0
154140,5767,2.0
154195,3279,1.0
154195,2178,3.0
154195,2344,3.0
154195,4073,2.0
154195,5307,2.0
154195,5833,3.0
154251,1886,4.0
154251,1903,3.0
154251,2288,3.0
154251,45,2.0
154294,5111,5.0
154294,5360,5.0
154294,4783,5.0
154294,3736,3.0
154323,3614,5.0
154323,5085,5.0
154323,2557,5.0
154323,2101,5.0
154323,3922,5.0
154323,3228,5.0
154372,1162,3.0
154372,3582,1.0
154372,2109,4.0
154372,3705,5.0
154377,748,5.0
154377,45,2.0
154377,3732,4.0
154377,4140,3.0
154377,1679,3.0
154380,2838,5.0
154380,5431,5.0
154380,1841,4.0
154380,2838,5.0
154386,5670,3.0
154386,3643,5.0
154386,3523,5.0
154386,44,4.0
154386,4143,4.0
154386,2955,4.0
154431,1164,4.0
154431,607,4.0
154431,5571,3.0
154431,5111,5.0
154454,522,3.0
154454,2083,5.0
154454,5180,4.0
154454,652,5.0
154486,369,4.0
154486,774,4.0
154486,3274,5.0
154486,2622,2.0
154486,3777,4.0
154486,360,5.0
154486,1489,4.0
154486,4326,4.0
154486,2617,2.0
154486,798,4.0
154486,1089,4.0
154486,2403,4.0
154486,1152,5.0
154486,5658,4.0
154486,5379,4.0
154486,1348,4.0
154486,144,4.0
154486,2227,4.0
154486,24,5.0
154495,45,3.0
154495,1450,4.0
154495,3335,3.0
154495,522,3.0
154510,499,4.0
154510,1693,4.0
154510,3209,4.0
154510,1733,3.0
154526,5061,3.0
154526,4184,5.0
154526,3165,5.0
154526,4023,5.0
154526,2373,4.0
154526,1775,5.0
154526,4543,5.0
154526,3568,5.0
154526,2827,5.0
154527,5281,5.0
154527,4191,5.0
154527,5312,1.0
154527,34,5.0
154527,3637,2.0
154684,5160,5.0
154684,4550,3.0
154684,3527,4.0
154684,45,3.0
154684,1093,4.0
154684,1702,3.0
154684,24,5.0
154684,4771,2.0
154694,3141,2.0
154694,46,3.0
154694,3208,4.0
154694,581,4.0
154694,1195,3.0
154694,880,2.0
154694,104,4.0
154703,1940,4.0
154703,1975,4.0
154703,2138,5.0
154703,3165,3.0
154880,4911,5.0
154880,4911,3.0
154880,45,2.0
154880,2942,4.0
154880,5214,2.0
154929,1152,5.0
154929,1917,5.0
154929,2199,4.0
154929,2078,4.0
155021,888,2.0
155021,202,5.0
155021,880,5.0
155021,1770,1.0
155042,2436,5.0
155042,4567,5.0
155042,473,5.0
155042,2083,5.0
155056,4464,5.0
155056,2101,5.0
155056,369,4.0
155056,5516,4.0
155056,4169,4.0
155056,3117,3.0
155056,5415,5.0
155056,3705,3.0
155056,5111,4.0
155056,4088,5.0
155056,5360,5.0
155056,9,5.0
155056,4830,3.0
155056,4652,4.0
155056,1233,4.0
155056,4122,5.0
155249,5037,4.0
155249,4550,4.0
155249,2010,5.0
155249,3586,4.0
155249,1870,4.0
155250,3325,1.0
155250,3325,1.0
155250,3325,1.0
155250,343,2.0
155287,5819,3.0
155287,5819,3.0
155287,4550,4.0
155287,2245,3.0
155324,25,5.0
155324,4430,1.0
155324,2618,3.0
155324,3089,5.0
155336,2618,5.0
155336,2926,5.0
155336,3999,5.0
155336,4183,5.0
155378,5747,5.0
155378,360,5.0
155378,5585,2.0
155378,44,5.0
155467,27,5.0
155467,1201,4.0
155467,2753,3.0
155467,522,5.0
155467,2344,3.0
155467,4634,3.0
155618,5201,5.0
155618,1356,5.0
155618,1298,4.0
155618,566,4.0
155672,3736,3.0
155672,1233,1.0
155672,1306,1.0
155672,1477,5.0
155716,2383,2.0
155716,3796,3.0
155716,3717,3.0
155716,4057,2.0
155882,5044,4.0
155882,1093,5.0
155882,4729,5.0
155882,1489,5.0
155957,5186,4.0
155957,1744,5.0
155957,907,5.0
155957,4896,4.0
155957,3661,3.0
155957,4304,5.0
155957,5833,5.0
156012,4074,2.0
156012,2109,5.0
156012,5641,3.0
156012,4656,4.0
156012,2612,5.0
156090,361,5.0
156090,3119,5.0
156090,1475,4.0
156090,2877,4.0
156090,3342,5.0
156122,4143,5.0
156122,5037,5.0
156122,4550,4.0
156122,1870,4.0
156122,2010,5.0
156122,3647,5.0
156122,5037,3.0
156122,3939,4.0
156187,235,2.0
156187,3165,5.0
156187,3165,5.0
156187,5071,5.0
156187,888,4.0
156234,3285,5.0
156234,1824,1.0
156234,2957,2.0
156234,2488,2.0
156330,5168,5.0
156330,2775,4.0
156330,3991,5.0
156330,3732,5.0
156330,3801,4.0
156330,3136,5.0
156330,596,5.0
156330,104,4.0
156330,1164,5.0
156330,550,5.0
156330,900,5.0
156330,3252,5.0
156330,357,4.0
156330,1442,4.0
156330,3169,4.0
156376,3101,5.0
156376,522,4.0
156376,473,5.0
156376,2178,5.0
156564,3228,5.0
156564,1178,5.0
156564,566,4.0
156564,3764,4.0
156564,2610,4.0
156564,4020,4.0
156564,3806,4.0
156564,2888,4.0
156564,3101,4.0
156564,3572,4.0
156564,3398,3.0
156564,3572,3.0
156564,5656,4.0
156564,2618,1.0
156564,4184,3.0
156564,3480,3.0
156564,2344,4.0
156564,1961,4.0
156564,3700,2.0
156626,5019,4.0
156626,5768,3.0
156626,3732,4.0
156626,1442,3.0
156640,522,2.0
156640,798,4.0
156640,1442,3.0
156640,5833,3.0
156640,24,3.0
156879,5285,2.0
156879,5769,4.0
156879,3209,4.0
156879,4020,4.0
156900,860,3.0
156900,3142,3.0
156900,3247,3.0
156900,1152,5.0
157022,45,4.0
157022,4997,5.0
157022,4624,4.0
157022,4543,2.0
157027,5605,5.0
157027,5061,4.0
157027,5605,5.0
157027,1820,4.0
157104,2821,3.0
157104,2344,4.0
157104,2610,3.0
157104,4543,3.0
157104,3840,1.0
157104,3279,3.0
157111,5419,4.0
157111,1949,5.0
157111,1696,3.0
157111,2344,4.0
157111,774,5.0
157111,1404,5.0
157111,5767,5.0
157111,4884,4.0
157111,2041,1.0
157116,4695,5.0
157116,3119,4.0
157116,4559,4.0
157116,3777,2.0
157116,292,4.0
157165,3732,4.0
157165,3732,5.0
157165,522,4.0
157165,1983,2.0
157179,2942,5.0
157179,561,3.0
157179,25,5.0
157179,3019,1.0
157179,1404,1.0
157179,774,5.0
157231,71,3.0
157231,45,3.0
157231,2184,5.0
157231,880,3.0
157231,4194,2.0
157231,3335,4.0
157231,3313,4.0
157231,4387,3.0
157231,4830,2.0
157239,3165,3.0
157239,4212,4.0
157239,1881,3.0
157239,1442,4.0
157239,3732,5.0
157239,45,3.0
157239,5091,2.0
157289,5123,3.0
157289,3843,5.0
157289,697,4.0
157289,3136,5.0
157289,5521,5.0
157289,104,4.0
157289,1442,4.0
157289,3843,5.0
157289,880,2.0
157289,3843,3.0
157289,3843,5.0
157289,4909,3.0
157289,1890,4.0
157289,45,3.0
157289,3237,4.0
157289,3843,5.0
157289,3843,5.0
157289,3843,5.0
157289,3843,5.0
157289,3843,5.0
157289,3843,5.0
157289,3843,5.0
157289,2058,1.0
157289,2937,5.0
157289,2933,4.0
157289,2154,2.0
157292,1442,4.0
157292,774,4.0
157292,5484,4.0
157292,2041,4.0
157415,2972,4.0
157415,2513,3.0
157415,457,4.0
157415,3209,4.0
157415,3481,4.0
157415,440,3.0
157415,522,3.0
157415,473,4.0
157421,3586,1.0
157421,3586,1.0
157421,4550,1.0
157421,44,1.0
157431,3474,5.0
157431,4194,4.0
157431,2417,4.0
157431,2344,4.0
157510,3474,4.0
157510,3084,4.0
157510,5085,2.0
157510,709,4.0
157657,857,5.0
157657,3967,4.0
157657,1506,5.0
157657,170,5.0
157669,4543,3.0
157669,5022,3.0
157669,45,1.0
157669,1890,4.0
157674,2344,4.0
157674,1775,5.0
157674,2942,5.0
157674,2836,1.0
157887,1207,2.0
157887,557,5.0
157887,2417,4.0
157887,5183,2.0
157887,978,4.0
157887,2656,3.0
157887,1023,3.0
157887,1358,1.0
157887,4912,1.0
157887,5344,4.0
158014,3705,2.0
158014,4326,3.0
158014,3228,5.0
158014,2557,4.0
158014,3081,5.0
158014,3705,3.0
158014,880,3.0
158014,5160,4.0
158014,4485,3.0
158014,1889,4.0
158014,4610,5.0
158014,686,5.0
158014,1442,3.0
158014,3055,5.0
158014,2360,5.0
158014,1178,5.0
158014,4020,4.0
158014,112,4.0
158014,1436,4.0
158014,3572,4.0
158014,566,4.0
158014,2407,5.0
158092,971,2.0
158092,1813,3.0
158092,499,3.0
158092,4587,4.0
158203,1843,3.0
158203,512,5.0
158203,3453,5.0
158203,550,5.0
158203,4664,4.0
158535,5585,4.0
158535,5585,3.0
158535,5585,4.0
158535,2463,4.0
158574,3732,4.0
158574,2775,3.0
158574,5019,5.0
158574,5037,3.0
158574,4143,2.0
158574,2156,5.0
158663,2466,4.0
158663,4241,3.0
158663,2263,4.0
158663,5577,5.0
158825,3119,4.0
158825,4739,5.0
158825,1442,4.0
158825,774,5.0
158825,2403,5.0
158825,3732,5.0
158834,1442,2.0
158834,880,2.0
158834,5484,2.0
158834,2426,4.0
158852,2288,4.0
158852,5449,4.0
158852,260,5.0
158852,4639,4.0
158871,1621,4.0
158871,5605,5.0
158871,5783,3.0
158871,473,5.0
158871,522,4.0
158871,4359,4.0
158871,4073,5.0
158988,5450,4.0
158988,614,4.0
158988,5819,4.0
158988,4143,4.0
158988,5585,5.0
158988,3523,5.0
158988,5037,3.0
158994,5292,3.0
158994,1405,4.0
158994,4183,5.0
158994,339,4.0
158994,3050,2.0
158994,1940,5.0
158994,2618,4.0
158994,5292,4.0
159030,45,2.0
159030,1056,3.0
159030,1056,1.0
159030,1575,1.0
159034,2360,4.0
159034,1739,1.0
159034,4359,5.0
159034,473,5.0
159052,1843,2.0
159052,3275,4.0
159052,4635,3.0
159052,1590,4.0
159196,5548,2.0
159196,5374,2.0
159196,3100,3.0
159196,5347,2.0
159196,3732,5.0
159196,1133,4.0
159196,5168,5.0
159196,5484,3.0
159232,5585,4.0
159232,4366,1.0
159232,324,3.0
159232,3481,4.0
159232,3927,5.0
159232,4753,3.0
159248,2557,4.0
159248,880,2.0
159248,71,3.0
159248,5649,2.0
159254,2775,4.0
159254,4576,5.0
159254,5661,5.0
159254,1676,5.0
159254,774,5.0
159254,1631,3.0
159270,1260,5.0
159270,4829,4.0
159270,3484,5.0
159270,5065,3.0
159276,1631,3.0
159276,3517,4.0
159276,3133,4.0
159276,4635,5.0
159337,4122,4.0
159337,1765,4.0
159337,2133,4.0
159337,2824,4.0
159488,1268,4.0
159488,522,4.0
159488,45,2.0
159488,4304,1.0
159488,3209,5.0
159488,757,5.0
159488,3737,4.0
159488,4514,3.0
159488,3178,4.0
159488,262,2.0
159488,1546,4.0
159488,5045,4.0
159488,522,5.0
159488,652,5.0
159488,2424,5.0
159488,773,4.0
159488,5617,5.0
159603,5037,3.0
159603,3185,1.0
159603,614,2.0
159603,1164,5.0
159603,3303,5.0
159603,3637,3.0
159685,5855,5.0
159685,1637,5.0
159685,3822,5.0
159685,4369,4.0
159725,2781,3.0
159725,3143,5.0
159725,581,4.0
159725,478,3.0
159725,686,5.0
159725,4673,3.0
159725,5111,5.0
159725,2948,5.0
159725,566,5.0
159725,5111,4.0
159725,5136,4.0
159725,1442,4.0
159725,2466,5.0
159725,552,4.0
159725,552,5.0
159725,4054,4.0
159725,3335,5.0
159725,3055,5.0
159725,3967,5.0
159725,51,4.0
159725,5585,4.0
159735,1396,3.0
159735,2654,3.0
159735,5649,3.0
159735,1798,3.0
159735,32,4.0
159735,3228,3.0
159735,3973,4.0
159870,3586,5.0
159870,5819,4.0
159870,5585,4.0
159870,5450,3.0
160161,1886,3.0
160161,1630,5.0
160161,1937,4.0
160161,2907,5.0
160255,3165,4.0
160255,1679,3.0
160255,45,4.0
160255,2417,3.0
160255,880,3.0
160255,1358,4.0
160255,904,4.0
160255,3143,3.0
160255,3620,3.0
160255,1186,3.0
160255,3822,4.0
160255,1442,2.0
160255,5605,4.0
160255,3064,3.0
160322,2355,4.0
160322,1631,4.0
160322,5690,5.0
160322,4406,1.0
160464,299,4.0
160464,5747,5.0
160464,360,4.0
160464,1855,2.0
160466,4254,4.0
160466,3580,3.0
160466,4571,3.0
160466,2362,3.0
160466,3069,1.0
160466,219,4.0
160466,5035,4.0
160466,305,4.0
160466,4060,5.0
160466,3732,5.0
160466,2557,4.0
160466,1593,4.0
160466,45,4.0
160498,4144,4.0
160498,774,5.0
160498,3165,5.0
160498,3050,5.0
160546,104,2.0
160546,4351,4.0
160546,2334,4.0
160546,3974,4.0
160579,1820,4.0
160579,4830,4.0
160579,45,4.0
160579,1152,5.0
160606,2436,5.0
160606,5398,1.0
160606,2926,3.0
160606,3756,2.0
160606,4717,5.0
160606,4345,1.0
160606,561,3.0
160606,4183,3.0
160668,2013,2.0
160668,2508,2.0
160668,423,4.0
160668,2270,4.0
161066,5168,5.0
161066,1066,5.0
161066,5658,5.0
161066,3252,5.0
161108,1631,5.0
161108,900,4.0
161108,5168,3.0
161108,2270,5.0
161108,423,4.0
161108,4854,4.0
161108,3659,4.0
161130,5585,2.0
161130,3052,2.0
161130,4550,3.0
161130,5585,1.0
161139,512,3.0
161139,4968,4.0
161139,2112,3.0
161139,2112,4.0
161160,522,3.0
161160,1960,1.0
161160,2344,2.0
161160,3705,2.0
161220,5168,5.0
161220,1598,5.0
161220,3732,4.0
161220,45,3.0
161276,1442,4.0
161276,25,3.0
161276,4717,3.0
161276,450,4.0
161298,45,3.0
161298,4364,3.0
161298,1969,2.0
161298,1312,4.0
161298,912,4.0
161310,522,5.0
161310,1714,4.0
161310,2424,5.0
161310,4261,5.0
161382,5285,5.0
161382,381,5.0
161382,4593,5.0
161382,4671,5.0
161424,3131,2.0
161424,1348,3.0
161424,2424,3.0
161424,4566,3.0
161424,1178,5.0
161570,1442,2.0
161570,25,5.0
161570,3123,4.0
161570,4567,5.0
161570,1442,4.0
161613,1870,2.0
161613,2463,3.0
161613,2463,4.0
161613,2463,1.0
161736,473,4.0
161736,2229,4.0
161736,163,4.0
161736,2963,4.0
161736,2089,4.0
161853,888,2.0
161853,3165,2.0
161853,3119,4.0
161853,3119,1.0
161932,5106,3.0
161932,864,4.0
161932,5758,5.0
161932,3209,5.0
161963,1442,4.0
161963,5605,4.0
161963,1820,5.0
161963,5605,5.0
161963,1385,5.0
161963,4184,5.0
161963,5169,5.0
161963,61,5.0
161971,3064,5.0
161971,4183,5.0
161971,1442,4.0
161971,3732,5.0
162065,4073,4.0
162065,483,5.0
162065,104,3.0
162065,5855,4.0
162100,5450,3.0
162100,4027,3.0
162100,3178,3.0
162100,112,3.0
162100,3398,4.0
162110,1824,2.0
162110,2957,2.0
162110,2488,3.0
162110,2488,2.0
162152,2463,4.0
162152,5819,3.0
162152,2245,2.0
162152,2463,4.0
162186,4143,4.0
162186,3523,4.0
162186,5115,4.0
162186,1410,3.0
162248,1162,3.0
162248,369,3.0
162248,2557,4.0
162248,3732,5.0
162480,45,3.0
162480,4097,2.0
162480,45,3.0
162480,45,3.0
162480,45,3.0
162480,45,4.0
162480,907,3.0
162480,1783,3.0
162480,4143,4.0
162480,490,3.0
162480,1870,3.0
162480,1870,3.0
162480,1870,4.0
162480,5819,2.0
162480,2245,2.0
162480,4143,4.0
162480,3710,3.0
162480,1103,4.0
162480,5037,3.0
162480,3335,3.0
162480,2497,4.0
162480,880,4.0
162480,2884,3.0
162480,1189,2.0
162539,4254,5.0
162539,5360,5.0
162539,880,4.0
162539,1840,5.0
162539,4314,5.0
162539,497,3.0
162539,880,4.0
162539,725,3.0
162539,345,5.0
162539,5201,5.0
162539,2085,5.0
162809,4488,4.0
162809,1590,4.0
162809,819,1.0
162809,5702,4.0
162882,3756,3.0
162882,5035,3.0
162882,5241,5.0
162882,5055,1.0
162882,864,3.0
162889,339,1.0
162889,3330,4.0
162889,5605,4.0
162889,5071,2.0
162889,2933,4.0
162889,2138,4.0
162889,4184,4.0
162906,1637,4.0
162906,2942,5.0
162906,250,5.0
162906,5071,5.0
162928,2816,5.0
162928,3480,5.0
162928,2557,5.0
162928,1442,3.0
162928,2452,5.0
162991,765,2.0
162991,765,1.0
162991,5548,4.0
162991,1152,5.0
162991,3730,4.0
162991,2775,3.0
163207,1260,4.0
163207,2775,4.0
163207,1356,4.0
163207,1239,3.0
163207,904,5.0
163207,4088,4.0
163207,1030,3.0
163207,71,1.0
163220,2531,5.0
163220,1820,4.0
163220,4567,5.0
163220,5605,5.0
163228,4369,3.0
163228,5130,4.0
163228,61,3.0
163228,61,4.0
163228,5130,3.0
163228,3758,2.0
163271,837,5.0
163271,5283,2.0
163271,4251,4.0
163271,5168,4.0
163282,880,2.0
163282,4673,3.0
163282,3143,5.0
163282,3620,3.0
163282,3165,3.0
163282,4194,4.0
163408,4257,4.0
163408,5044,5.0
163408,2757,3.0
163408,360,5.0
163427,3287,5.0
163427,262,4.0
163427,4543,4.0
163427,4429,5.0
163427,1733,3.0
163489,1983,3.0
163489,4593,5.0
163489,4754,5.0
163489,3732,5.0
163517,4712,5.0
163517,4184,3.0
163517,4182,5.0
163517,2618,2.0
163517,4665,4.0
163728,5585,4.0
163728,5585,4.0
163728,2463,5.0
163728,4550,3.0
163754,971,2.0
163754,2229,2.0
163754,3603,2.0
163754,4304,4.0
163823,1442,3.0
163823,1475,4.0
163823,5390,3.0
163823,774,5.0
163823,25,4.0
163961,566,3.0
163961,1298,4.0
163961,1358,1.0
163961,5201,4.0
164040,2757,1.0
164040,2757,1.0
164040,2757,1.0
164040,2757,1.0
164040,5044,1.0
164139,2817,2.0
164139,799,5.0
164139,1958,4.0
164139,3527,4.0
164232,4634,5.0
164232,1235,4.0
164232,4717,5.0
164232,5398,4.0
164242,5431,1.0
164242,2508,1.0
164242,4802,2.0
164242,4589,1.0
164242,4472,5.0
164242,5255,1.0
164242,4472,1.0
164334,3951,4.0
164334,5605,5.0
164334,3165,3.0
164334,1442,2.0
164334,104,2.0
164334,2933,5.0
164334,3277,5.0
164334,4717,5.0
164334,3974,5.0
164334,1404,5.0
164348,789,5.0
164348,2557,5.0
164348,4601,4.0
164348,692,5.0
164412,2255,3.0
164412,369,3.0
164412,2557,4.0
164412,3209,5.0
164430,45,2.0
164430,748,3.0
164430,3136,1.0
164430,1719,3.0
164430,250,3.0
164430,3165,1.0
164430,25,3.0
164430,4717,3.0
164430,5746,3.0
164430,774,3.0
164603,4118,4.0
164603,5260,2.0
164603,2138,3.0
164603,1739,3.0
164603,4073,4.0
164616,2045,3.0
164616,2557,5.0
164616,1729,4.0
164616,1729,5.0
164616,888,2.0
164624,904,5.0
164624,4761,2.0
164624,5281,4.0
164624,566,5.0
164624,3136,4.0
164624,478,1.0
164624,4251,3.0
164624,1093,4.0
164624,2612,4.0
164660,3973,4.0
164660,3237,4.0
164660,2963,5.0
164660,2513,4.0
164833,3193,4.0
164833,1442,2.0
164833,1385,5.0
164833,3119,5.0
164833,3732,5.0
164867,1450,5.0
164867,2992,4.0
164867,262,2.0
164867,4825,3.0
164878,3398,4.0
164878,4634,4.0
164878,4073,3.0
164878,1260,3.0
165041,3455,4.0
165041,2010,4.0
165041,5037,3.0
165041,5585,4.0
165041,531,4.0
165041,5819,3.0
165041,2245,2.0
165041,4143,5.0
165112,5725,4.0
165112,5136,3.0
165112,2957,3.0
165112,4806,3.0
165112,4658,3.0
165112,2488,3.0
165112,1707,3.0
165141,4550,4.0
165141,1103,4.0
165141,4020,5.0
165141,4634,2.0
165141,4143,3.0
165332,774,3.0
165332,2844,3.0
165332,3123,3.0
165332,1302,3.0
165573,250,4.0
165573,2622,4.0
165573,683,4.0
165573,1442,3.0
165573,2622,3.0
165573,1178,5.0
165573,858,3.0
165573,3732,4.0
165573,3906,4.0
165573,5081,4.0
165573,522,3.0
165573,5833,3.0
165727,189,4.0
165727,5109,2.0
165727,5576,4.0
165727,5173,3.0
165767,1010,4.0
165767,1843,1.0
165767,2662,5.0
165767,5690,5.0
165767,900,5.0
165767,3732,5.0
165767,5168,4.0
165767,789,5.0
165767,4758,5.0
165767,1631,3.0
165767,3991,5.0
165767,1233,5.0
166123,45,1.0
166123,4351,3.0
166123,2753,4.0
166123,522,4.0
166123,4003,3.0
166123,2878,3.0
166123,1442,3.0
166123,1975,4.0
166124,4665,5.0
166124,3274,5.0
166124,774,5.0
166124,5718,5.0
166134,44,4.0
166134,3523,5.0
166134,1410,5.0
166134,5423,5.0
166137,1442,4.0
166137,5521,3.0
166137,5781,4.0
166137,2926,3.0
166137,4567,4.0
166137,3999,3.0
166137,2557,4.0
166137,3119,4.0
166162,3850,4.0
166162,2617,4.0
166162,473,5.0
166162,566,5.0
166162,3143,5.0
166162,3169,5.0
166299,44,4.0
166299,44,4.0
166299,3586,3.0
166299,1783,5.0
166332,1189,2.0
166332,3822,4.0
166332,888,4.0
166332,2344,5.0
166367,3055,4.0
166367,3055,4.0
166367,4385,4.0
166367,3716,4.0
166626,5585,3.0
166626,4143,5.0
166626,1870,4.0
166626,4550,3.0
166701,2972,5.0
166701,857,5.0
166701,522,5.0
166701,4359,5.0
166907,1631,4.0
166907,1820,5.0
166907,3945,3.0
166907,3732,5.0
166928,1442,5.0
166928,904,5.0
166928,2462,5.0
166928,2085,5.0
167110,1164,4.0
167110,1763,4.0
167110,339,5.0
167110,3123,4.0
167110,1763,5.0
167315,1152,4.0
167315,3417,4.0
167315,5419,4.0
167315,2078,4.0
167334,1902,5.0
167334,5617,1.0
167334,1373,3.0
167334,2424,1.0
167525,681,4.0
167525,5302,5.0
167525,4220,3.0
167525,3133,4.0
167595,5168,5.0
167595,5148,3.0
167595,3806,4.0
167595,1914,5.0
167649,1120,3.0
167649,45,4.0
167649,2690,1.0
167649,4550,4.0
167649,1214,4.0
167649,5123,2.0
167786,3840,3.0
167786,4559,3.0
167786,857,4.0
167786,3649,4.0
167827,25,5.0
167827,104,5.0
167827,1442,4.0
167827,3732,4.0
167827,3140,4.0
167827,2508,4.0
167827,3417,4.0
167827,2775,3.0
167827,1152,4.0
167827,2359,4.0
167827,4731,3.0
167827,2937,3.0
167827,1917,4.0
167827,3066,4.0
167827,1760,3.0
167827,2662,4.0
167827,1498,4.0
167827,3133,4.0
167858,837,4.0
167858,4118,3.0
167858,4143,4.0
167858,5812,3.0
167987,2417,4.0
167987,4088,3.0
167987,5605,4.0
167987,431,3.0
168146,32,2.0
168146,4673,1.0
168146,2284,3.0
168146,4600,3.0
168225,2792,1.0
168225,4783,4.0
168225,5360,4.0
168225,4525,3.0
168369,3398,3.0
168369,3572,2.0
168369,774,4.0
168369,1676,3.0
168394,900,2.0
168394,2426,2.0
168394,2204,5.0
168394,3732,5.0
168394,1631,2.0
168474,4429,4.0
168474,1056,2.0
168474,45,4.0
168474,2581,1.0
168636,5585,5.0
168636,1733,4.0
168636,45,2.0
168636,4304,3.0
168636,3431,4.0
168636,5450,2.0
168636,5833,4.0
168636,5390,5.0
168636,1442,3.0
168668,880,3.0
168668,1998,3.0
168668,607,4.0
168668,3335,2.0
168668,1186,4.0
168734,4326,5.0
168734,5747,5.0
168734,4257,2.0
168734,3081,5.0
168734,4251,5.0
168780,4351,3.0
168780,1442,3.0
168780,4184,4.0
168780,45,2.0
168780,3842,4.0
168780,4747,4.0
168780,3119,4.0
168780,774,4.0
168780,5647,3.0
168780,129,4.0
168780,522,3.0
168780,4875,3.0
168780,18,3.0
168780,4088,4.0
168780,880,3.0
168780,697,3.0
168780,381,2.0
168780,3732,3.0
168780,3162,3.0
168832,904,5.0
168832,5201,5.0
168832,5201,5.0
168832,880,5.0
168832,2781,5.0
168832,3143,5.0
168897,5278,4.0
168897,2912,4.0
168897,2912,4.0
168897,1819,3.0
169055,4649,4.0
169055,1783,5.0
169055,5855,5.0
169055,5781,4.0
169055,3837,3.0
169055,774,4.0
169055,1442,3.0
169055,596,3.0
169169,1886,2.0
169169,3736,3.0
169169,1487,4.0
169169,723,5.0
169169,4514,5.0
169169,3178,3.0
169169,3178,1.0
169169,3732,5.0
169169,4909,5.0
169169,1054,5.0
169169,2610,4.0
169169,4304,1.0
169169,2992,4.0
169169,2610,4.0
169169,1450,4.0
169170,2884,2.0
169170,1020,1.0
169170,2884,3.0
169170,5374,4.0
169170,2955,3.0
169170,2884,1.0
169189,2344,3.0
169189,473,4.0
169189,1442,3.0
169189,2513,3.0
169189,1783,5.0
169277,2419,4.0
169277,210,5.0
169277,1363,5.0
169277,1714,4.0
169341,5085,5.0
169341,45,2.0
169341,5484,4.0
169341,731,4.0
169341,888,2.0
169377,2065,3.0
169377,1713,4.0
169377,2541,4.0
169377,1054,5.0
169377,1054,5.0
169377,1348,4.0
169377,1306,3.0
169396,3637,5.0
169396,5285,3.0
169396,5168,3.0
169396,104,3.0
169396,4183,2.0
169396,681,3.0
169472,4183,4.0
169472,1881,3.0
169472,4455,3.0
169472,1961,4.0
169533,1108,5.0
169533,45,2.0
169533,3272,3.0
169533,4232,3.0
169633,949,5.0
169633,1870,4.0
169633,949,5.0
169633,4118,4.0
169633,812,4.0
169633,3572,5.0
169667,5639,1.0
169667,2344,4.0
169667,4088,4.0
169667,4031,3.0
169667,4292,3.0
169829,4366,5.0
169829,1189,3.0
169829,2463,5.0
169829,44,4.0
170007,1164,5.0
170007,450,2.0
170007,774,5.0
170007,811,3.0
170007,3136,5.0
170016,1442,4.0
170016,3119,2.0
170016,1302,4.0
170016,3999,5.0
170016,4455,5.0
170016,3202,2.0
170016,5312,1.0
170016,4591,4.0
170023,250,4.0
170023,1475,4.0
170023,4653,2.0
170023,4683,1.0
170033,4088,5.0
170033,9,5.0
170033,581,4.0
170033,4088,5.0
170050,1442,3.0
170050,4023,4.0
170050,250,4.0
170050,4212,5.0
170183,1870,1.0
170183,3586,4.0
170183,5037,3.0
170183,5585,5.0
170344,5568,5.0
170344,5568,5.0
170344,789,5.0
170344,5568,5.0
170344,4800,5.0
170344,789,5.0
170344,5568,5.0
170344,5568,5.0
170344,5278,5.0
170344,5568,4.0
170344,3066,4.0
170361,5450,2.0
170361,5037,3.0
170361,1410,4.0
170361,5037,3.0
170421,2613,3.0
170421,4567,5.0
170421,3417,3.0
170421,2890,2.0
170421,4369,4.0
170514,4118,5.0
170514,2424,1.0
170514,522,2.0
170514,1924,2.0
170514,1304,4.0
170514,3398,3.0
170514,4359,4.0
170514,5283,5.0
170655,1598,2.0
170655,5768,5.0
170655,5055,1.0
170655,522,5.0
170735,2403,4.0
170735,3732,4.0
170735,3527,3.0
170735,4364,3.0
170735,3241,4.0
170735,4543,4.0
170735,4896,3.0
170735,4406,4.0
170735,4652,4.0
170735,3241,4.0
170735,4435,4.0
170735,2182,4.0
170752,2083,4.0
170752,3101,5.0
170752,1914,5.0
170752,3806,5.0
170897,3840,5.0
170897,2383,4.0
170897,2931,3.0
170897,5625,5.0
170941,45,4.0
170941,1422,5.0
170941,412,5.0
170941,1312,5.0
171020,490,5.0
171020,3205,5.0
171020,2933,5.0
171020,1676,5.0
171182,412,4.0
171182,5797,3.0
171182,2992,4.0
171182,5031,4.0
171187,5055,5.0
171187,3193,5.0
171187,1152,5.0
171187,2199,5.0
171187,4488,5.0
171187,4731,4.0
171205,1870,4.0
171205,2463,5.0
171205,5819,3.0
171205,44,4.0
171501,3209,4.0
171501,3794,1.0
171501,4909,3.0
171501,45,3.0
171549,3661,5.0
171549,1331,3.0
171549,3737,2.0
171549,907,3.0
171580,3100,5.0
171580,1442,3.0
171580,3949,4.0
171580,1404,5.0
171580,3165,3.0
171602,5585,5.0
171602,1410,5.0
171602,44,5.0
171602,4143,5.0
171624,2434,4.0
171624,971,2.0
171624,2187,4.0
171624,757,4.0
171624,3209,3.0
171744,250,5.0
171744,2373,5.0
171744,25,5.0
171744,104,5.0
171862,45,2.0
171862,5559,4.0
171862,1813,5.0
171862,1190,2.0
171862,4989,1.0
171862,4990,3.0
171862,1312,4.0
171862,3282,2.0
171965,5113,4.0
171965,880,3.0
171965,1442,3.0
171965,2557,4.0
172020,1886,5.0
172020,1422,2.0
172020,5604,4.0
172020,748,4.0
172067,3279,3.0
172067,2613,3.0
172067,2355,3.0
172067,5285,4.0
172232,3119,4.0
172232,4134,3.0
172232,5767,2.0
172232,4134,5.0
172294,4656,3.0
172294,558,4.0
172294,880,4.0
172294,3438,1.0
172294,4656,2.0
172294,4088,2.0
172294,5415,4.0
172294,2718,3.0
172294,1093,4.0
172294,4326,5.0
172294,5746,4.0
172358,3209,4.0
172358,2480,2.0
172358,5113,4.0
172358,678,4.0
172358,45,3.0
172358,4097,3.0
172358,4364,3.0
172358,3178,2.0
172397,1442,5.0
172397,880,5.0
172397,2328,4.0
172397,4662,3.0
172397,3009,5.0
172397,4662,5.0
172397,4662,5.0
172397,3143,5.0
172411,596,4.0
172411,555,4.0
172411,1730,4.0
172411,4717,5.0
172418,4717,3.0
172418,4184,4.0
172418,2946,3.0
172418,2373,4.0
172418,4567,4.0
172418,5605,4.0
172418,774,4.0
172418,5398,4.0
172418,1442,3.0
172698,5083,4.0
172698,1260,5.0
172698,5176,5.0
172698,4359,5.0
172712,1442,2.0
172712,522,3.0
172712,3101,3.0
172712,5176,4.0
172712,2083,3.0
172712,473,5.0
172712,522,3.0
172712,473,5.0
172712,5083,3.0
172712,3806,4.0
172712,3764,5.0
172712,9,5.0
172712,4088,5.0
172712,2617,3.0
172712,1914,4.0
172712,3659,4.0
172781,4845,5.0
172781,5176,4.0
172781,3944,5.0
172781,3004,4.0
172800,235,3.0
172800,1882,3.0
172800,1891,3.0
172800,4150,3.0
172800,5641,4.0
172800,5113,4.0
172800,2817,4.0
172800,2786,3.0
172800,534,2.0
172800,5284,2.0
172800,5723,2.0
172800,1881,2.0
172800,891,3.0
172800,32,3.0
172800,129,3.0
172800,1738,2.0
172833,5113,4.0
172833,3801,4.0
172833,2829,4.0
172833,1312,4.0
172833,3801,3.0
172833,4543,2.0
172833,4677,3.0
172833,858,4.0
172833,3119,3.0
172833,5843,4.0
172833,2610,4.0
172863,2988,2.0
172863,104,4.0
172863,4567,4.0
172863,4184,5.0
172990,4543,5.0
172990,2610,4.0
172990,4530,3.0
172990,4825,4.0
172990,1748,4.0
172996,3531,5.0
172996,3143,4.0
172996,5111,4.0
172996,2085,5.0
173034,3944,5.0
173034,5747,4.0
173034,4729,4.0
173034,3081,5.0
173034,2557,5.0
173141,3136,4.0
173141,2942,3.0
173141,2557,4.0
173141,880,3.0
173215,4825,2.0
173215,2992,4.0
173215,45,1.0
173215,5449,4.0
173215,3732,4.0
173404,1990,3.0
173404,4669,1.0
173404,5629,2.0
173404,4436,4.0
173404,3029,2.0
173404,4662,5.0
173404,978,4.0
173404,2760,1.0
173404,1804,3.0
173404,5344,4.0
173513,122,4.0
173513,811,5.0
173513,3732,4.0
173513,1297,3.0
173513,522,3.0
173513,649,3.0
173513,1442,3.0
173513,250,5.0
173515,5833,5.0
173515,144,4.0
173515,5288,2.0
173515,5130,4.0
173524,3142,5.0
173524,3247,5.0
173524,1579,5.0
173524,5708,5.0
173644,3252,5.0
173644,3643,5.0
173644,354,5.0
173644,3700,3.0
173644,2344,4.0
173749,904,5.0
173749,1356,3.0
173749,2085,5.0
173749,2909,2.0
173775,3237,3.0
173775,5130,2.0
173775,4747,5.0
173775,1608,5.0
173775,1641,5.0
173775,393,2.0
173775,45,4.0
173787,1890,4.0
173787,3209,4.0
173787,4304,4.0
173787,262,3.0
173811,1613,4.0
173811,2085,5.0
173811,1195,3.0
173811,4783,4.0
173811,904,5.0
173811,880,3.0
173826,4304,3.0
173826,4304,3.0
173826,5757,4.0
173826,4304,3.0
173832,450,4.0
173832,5718,5.0
173832,2284,5.0
173832,4604,5.0
173953,5189,5.0
173953,1739,5.0
173953,5486,3.0
173953,4683,4.0
173973,2864,4.0
173973,1890,2.0
173973,4075,1.0
173973,45,3.0
174080,4364,3.0
174080,2344,3.0
174080,4455,4.0
174080,4425,4.0
174125,3732,4.0
174125,3243,4.0
174125,45,1.0
174125,4755,4.0
174125,3717,2.0
174125,4624,1.0
174125,45,1.0
174125,4075,2.0
174125,4097,3.0
174125,3420,2.0
174125,4755,4.0
174125,292,4.0
174125,5576,4.0
174125,344,3.0
174125,4624,1.0
174125,4830,3.0
174125,4073,4.0
174125,5849,4.0
174125,714,4.0
174125,1884,4.0
174125,4920,4.0
174125,440,4.0
174125,3417,5.0
174125,2132,5.0
174125,858,5.0
174125,4850,5.0
174125,3732,4.0
174125,5690,5.0
174125,1760,4.0
174125,5454,4.0
174125,678,5.0
174125,2227,4.0
174125,4165,4.0
174125,344,3.0
174125,5723,4.0
174125,4589,3.0
174125,3187,2.0
174125,667,4.0
174125,3680,4.0
174125,5168,4.0
174125,512,3.0
174125,4571,3.0
174125,5080,3.0
174125,4150,3.0
174125,3993,4.0
174125,137,4.0
174125,3101,4.0
174125,1031,2.0
174125,1304,2.0
174125,1039,4.0
174125,1489,5.0
174125,4086,5.0
174125,4169,2.0
174125,593,4.0
174125,2907,4.0
174125,1760,5.0
174125,2313,4.0
174236,5176,5.0
174236,522,4.0
174236,2344,4.0
174236,5302,5.0
174236,798,4.0
174236,798,4.0
174236,473,5.0
174236,5249,5.0
174236,522,4.0
174236,3764,5.0
174236,473,5.0
174236,5083,5.0
174236,668,5.0
174236,4845,5.0
174236,214,4.0
174243,522,4.0
174243,440,4.0
174243,5255,3.0
174243,4241,4.0
174243,1442,4.0
174243,5169,2.0
174249,45,2.0
174249,1054,5.0
174249,5275,5.0
174249,1442,3.0
174249,5647,3.0
174249,1637,5.0
174249,1548,3.0
174249,5176,5.0
174249,3398,1.0
174249,522,3.0
174249,2344,4.0
174249,5641,3.0
174249,24,5.0
174268,5360,5.0
174268,2085,5.0
174268,2781,3.0
174268,4525,4.0
174356,2348,2.0
174356,1983,4.0
174356,3732,4.0
174356,596,4.0
174356,1442,1.0
174356,2775,2.0
174356,2775,1.0
174412,360,5.0
174412,1489,4.0
174412,989,5.0
174412,5747,4.0
174475,4150,5.0
174475,5039,5.0
174475,5189,5.0
174475,2406,5.0
174602,3209,5.0
174602,45,4.0
174602,757,5.0
174602,5153,4.0
174608,3801,5.0
174608,4970,4.0
174608,2440,5.0
174608,3614,5.0
174708,24,5.0
174708,3412,3.0
174708,1576,4.0
174708,2424,5.0
174895,1093,5.0
174895,3481,3.0
174895,4713,2.0
174895,680,4.0
174904,45,2.0
174904,522,3.0
174904,4122,4.0
174904,604,5.0
174958,3209,3.0
174958,2434,2.0
174958,2184,4.0
174958,5168,4.0
174958,832,1.0
174958,3420,4.0
174958,4965,3.0
175019,2294,3.0
175019,1162,2.0
175019,4695,5.0
175019,1162,3.0
175019,4695,4.0
175019,2557,3.0
175019,1054,4.0
175019,2109,4.0
175019,3661,3.0
175019,1976,4.0
175146,4671,3.0
175146,1940,4.0
175146,3951,3.0
175146,5260,5.0
175146,2335,5.0
175146,4359,3.0
175146,4184,4.0
175146,4717,5.0
175146,228,4.0
175146,2083,4.0
175146,3764,4.0
175146,4074,4.0
175146,5169,5.0
175146,1608,5.0
175146,1164,5.0
175146,4771,5.0
175146,4023,4.0
175146,1828,5.0
175327,3818,3.0
175327,3732,4.0
175327,5168,5.0
175327,4184,4.0
175327,774,5.0
175397,1637,5.0
175397,4683,5.0
175397,5169,5.0
175397,5062,5.0
175449,5585,3.0
175449,5697,5.0
175449,5450,3.0
175449,8,5.0
175478,3081,2.0
175478,1702,3.0
175478,1702,3.0
175478,4251,4.0
175496,4825,3.0
175496,4543,3.0
175496,5797,4.0
175496,2992,3.0
175541,5283,5.0
175541,1055,5.0
175541,4944,5.0
175541,650,4.0
175556,2085,5.0
175556,3143,5.0
175556,1356,4.0
175556,4194,3.0
175556,4390,4.0
175556,880,3.0
175556,5583,4.0
175556,305,3.0
175556,5111,5.0
175556,4088,3.0
175556,4656,3.0
175556,3620,4.0
175556,5083,4.0
175556,473,5.0
175556,5302,5.0
175556,5706,5.0
175556,1195,5.0
175566,4184,4.0
175566,596,4.0
175566,2933,5.0
175566,24,5.0
175649,44,2.0
175649,5819,4.0
175649,44,2.0
175649,2463,3.0
175661,3732,4.0
175661,5055,4.0
175661,522,4.0
175661,45,4.0
175669,3352,4.0
175669,4543,4.0
175669,3661,5.0
175669,678,3.0
175669,721,4.0
175669,45,3.0
175669,4027,3.0
175669,3661,4.0
175688,5250,4.0
175688,1940,3.0
175688,4567,4.0
175688,1775,5.0
175688,228,4.0
175688,4911,4.0
175688,104,2.0
175727,3647,1.0
175727,4550,4.0
175727,3622,2.0
175727,4143,4.0
175745,683,3.0
175745,679,3.0
175745,2817,3.0
175745,4150,2.0
175810,5379,5.0
175810,189,5.0
175810,5148,5.0
175810,1812,5.0
175810,5259,5.0
175810,1436,5.0
175812,1186,4.0
175812,774,4.0
175812,4143,4.0
175812,880,3.0
175880,3205,4.0
175880,1940,2.0
175880,104,4.0
175880,1730,2.0
175880,4717,4.0
175880,3165,3.0
175880,45,2.0
175880,2538,3.0
175880,2775,2.0
175910,5423,5.0
175910,2257,4.0
175910,4632,4.0
175910,3247,4.0
175910,483,3.0
175930,4673,2.0
175930,5571,2.0
175930,5241,4.0
175930,4911,4.0
176097,3590,4.0
176097,774,5.0
176097,3165,2.0
176097,4184,3.0
176232,4235,5.0
176232,4184,4.0
176232,4312,5.0
176232,357,5.0
176354,45,1.0
176354,4020,5.0
176354,522,4.0
176354,5833,4.0
176445,4073,4.0
176445,473,5.0
176445,514,1.0
176445,514,1.0
176483,1819,5.0
176483,2557,4.0
176483,45,4.0
176483,2773,4.0
176592,3310,5.0
176592,3590,5.0
176592,1820,5.0
176592,4312,5.0
176592,104,5.0
176592,971,2.0
176592,5169,5.0
176679,1089,4.0
176679,679,2.0
176679,5585,2.0
176679,5769,3.0
176711,4183,5.0
176711,1442,3.0
176711,3165,3.0
176711,4550,4.0
176711,5037,2.0
176711,1870,3.0
176711,3586,4.0
176711,5585,3.0
176711,858,2.0
176711,3732,4.0
176711,522,3.0
176727,5398,5.0
176727,2926,3.0
176727,2618,3.0
176727,5585,2.0
176727,3481,4.0
176763,5605,4.0
176763,774,5.0
176763,1961,5.0
176763,25,5.0
176763,2325,4.0
176763,1820,5.0
176763,4712,5.0
176763,774,5.0
176763,1442,4.0
176763,3143,5.0
176763,2325,3.0
176778,1054,5.0
176778,1054,5.0
176778,4201,3.0
176778,4201,3.0
176778,45,2.0
176778,4073,3.0
176778,4020,4.0
176778,522,4.0
176778,431,3.0
176778,2860,2.0
176778,4543,3.0
176795,24,2.0
176795,473,4.0
176795,9,5.0
176795,5111,4.0
176815,1450,5.0
176815,4514,3.0
176815,5094,5.0
176815,4514,5.0
176815,3178,2.0
176944,45,2.0
176944,5507,3.0
176944,3730,3.0
176944,765,4.0
176944,1442,3.0
176944,1752,4.0
176944,1775,3.0
176978,4550,4.0
176978,5772,3.0
176978,3622,5.0
176978,2884,2.0
177004,2823,3.0
177004,4601,1.0
177004,3221,1.0
177004,5641,5.0
177004,4212,5.0
177108,5605,3.0
177108,5521,3.0
177108,1404,3.0
177108,4712,4.0
177108,774,4.0
177108,1385,4.0
177108,1442,2.0
177108,1442,3.0
177111,3209,5.0
177111,2827,4.0
177111,2089,3.0
177111,163,5.0
177127,193,4.0
177127,837,5.0
177127,1055,5.0
177127,193,5.0
177127,1506,2.0
177127,1506,4.0
177139,1702,5.0
177139,2360,4.0
177139,2955,4.0
177139,1093,3.0
177139,4257,3.0
177139,2643,4.0
177139,4632,3.0
177139,1436,3.0
177142,5080,3.0
177142,5080,2.0
177142,789,4.0
177142,3732,5.0
177142,5168,5.0
177142,4060,4.0
177169,4809,1.0
177169,4809,4.0
177169,5176,5.0
177169,1960,4.0
177169,2344,5.0
177169,3490,2.0
177528,892,4.0
177528,3335,1.0
177528,880,3.0
177528,2085,5.0
177528,1298,2.0
177736,989,4.0
177736,4632,3.0
177736,269,2.0
177736,989,4.0
177736,5160,4.0
177737,5390,4.0
177737,1385,4.0
177737,3136,5.0
177737,3123,4.0
177737,2325,5.0
177737,5605,4.0
177737,3303,3.0
177737,1820,5.0
177737,4591,4.0
177737,2373,5.0
177737,5061,4.0
177737,25,5.0
177737,811,2.0
177737,5081,4.0
177737,2129,4.0
177737,104,4.0
177737,1164,4.0
177737,3999,4.0
177737,351,1.0
177737,61,4.0
177737,2660,4.0
177739,4146,5.0
177739,1442,4.0
177739,1940,4.0
177739,324,5.0
178124,3951,4.0
178124,3136,5.0
178124,1730,5.0
178124,3123,4.0
178124,3165,3.0
178124,3,5.0
178158,2463,4.0
178158,2344,4.0
178158,1914,5.0
178158,5083,4.0
178158,1260,4.0
178158,3101,5.0
178158,1363,4.0
178158,1914,5.0
178192,789,5.0
178192,1631,5.0
178192,4671,5.0
178192,4968,5.0
178293,250,5.0
178293,4353,3.0
178293,4235,4.0
178293,4212,5.0
178293,774,5.0
178324,4020,3.0
178324,4359,4.0
178324,2417,3.0
178324,457,1.0
178384,1442,4.0
178384,5488,2.0
178384,3350,4.0
178384,1442,2.0
178582,3700,4.0
178582,4304,4.0
178582,5772,1.0
178582,4069,5.0
178582,774,5.0
178609,214,4.0
178609,2344,4.0
178609,5176,4.0
178609,4073,4.0
178618,5833,3.0
178618,4220,2.0
178618,3165,2.0
178618,2622,4.0
178618,4191,2.0
178618,683,4.0
178618,45,3.0
178618,5623,4.0
178717,3885,5.0
178717,2775,4.0
178717,1631,5.0
178717,2132,3.0
178717,3398,4.0
178717,24,5.0
178717,473,5.0
178717,2025,5.0
178730,144,3.0
178730,61,5.0
178730,3064,4.0
178730,1442,1.0
178730,2135,5.0
178803,5431,4.0
178803,2307,5.0
178803,1710,4.0
178803,2557,5.0
178832,2389,4.0
178832,1665,5.0
178832,5259,4.0
178832,1765,4.0
178832,604,5.0
178937,5769,4.0
178937,5514,4.0
178937,3991,5.0
178937,2775,3.0
178937,2383,2.0
178937,3732,4.0
178937,3517,4.0
178937,4715,4.0
178937,2348,3.0
178937,4698,4.0
178937,1841,3.0
178937,423,4.0
179007,5834,4.0
179007,193,5.0
179007,5160,4.0
179007,2745,3.0
179007,4610,5.0
179012,4235,5.0
179012,5855,4.0
179012,1775,5.0
179012,1676,4.0
179133,250,4.0
179133,1299,4.0
179133,104,4.0
179133,5260,1.0
179133,5299,4.0
179133,3165,4.0
179133,1152,4.0
179133,819,3.0
179133,934,1.0
179133,5617,5.0
179133,2344,3.0
179157,1940,4.0
179157,3310,4.0
179157,596,3.0
179157,3906,4.0
179240,1631,4.0
179240,904,5.0
179240,5111,4.0
179240,44,3.0
179291,369,5.0
179291,3999,4.0
179291,4122,4.0
179291,5605,5.0
179314,5783,5.0
179314,4235,5.0
179314,1958,4.0
179314,2463,4.0
179314,44,4.0
179314,4550,4.0
179314,812,4.0
179314,2557,4.0
179314,3822,5.0
179314,5336,3.0
179314,4771,4.0
179314,4717,4.0
179314,5379,3.0
179335,5302,5.0
179335,473,3.0
179335,2344,4.0
179335,235,4.0
179335,1696,3.0
179365,5360,5.0
179365,2085,5.0
179365,904,5.0
179365,888,1.0
179365,4184,1.0
179365,25,5.0
179407,5631,2.0
179407,1775,5.0
179407,774,1.0
179407,239,4.0
179407,1641,5.0
179407,2436,5.0
179508,210,5.0
179508,473,5.0
179508,3398,3.0
179508,3101,5.0
179508,3101,5.0
179508,2617,5.0
179592,1442,2.0
179592,2880,3.0
179592,3335,3.0
179592,880,4.0
179592,342,3.0
179592,4241,5.0
179656,180,3.0
179656,918,4.0
179656,904,4.0
179656,3620,4.0
179656,2781,4.0
179656,892,4.0
179656,892,5.0
179656,2760,3.0
179656,5168,5.0
179692,342,3.0
179692,3123,2.0
179692,1178,5.0
179692,522,3.0
179749,522,2.0
179749,235,2.0
179749,522,4.0
179749,522,4.0
179749,522,2.0
179789,4074,4.0
179789,4020,4.0
179789,4074,4.0
179789,4074,2.0
179789,4074,1.0
179789,1456,5.0
179789,2946,4.0
179914,3165,5.0
179914,3119,4.0
179914,104,2.0
179914,3993,4.0
179914,3806,4.0
179914,4304,2.0
179914,457,4.0
179914,2864,4.0
180038,2389,3.0
180038,1314,4.0
180038,4911,4.0
180038,2618,4.0
180086,3611,5.0
180086,45,2.0
180086,522,4.0
180086,4184,5.0
180086,3165,4.0
180108,3843,5.0
180108,3637,3.0
180108,1442,2.0
180108,250,5.0
180108,104,4.0
180108,3165,2.0
180108,3143,4.0
180108,1144,5.0
180186,798,3.0
180186,1902,4.0
180186,2336,4.0
180186,522,4.0
180186,2877,2.0
180291,5284,2.0
180291,880,3.0
180291,522,3.0
180291,1442,2.0
180291,4184,5.0
180300,2468,5.0
180300,550,4.0
180300,3643,5.0
180300,2775,5.0
180300,2182,2.0
180300,3758,5.0
180300,3655,5.0
180300,45,3.0
180451,3973,4.0
180451,522,5.0
180451,2829,5.0
180451,24,5.0
180465,3064,5.0
180465,2138,4.0
180465,774,5.0
180465,4235,4.0
180468,4565,4.0
180468,61,4.0
180468,4571,3.0
180468,219,3.0
180468,4488,4.0
180502,4183,4.0
180502,5767,4.0
180502,5855,4.0
180502,3123,4.0
180506,8,5.0
180506,1432,5.0
180506,4184,4.0
180506,3165,4.0
180506,239,4.0
180545,3165,4.0
180545,1442,5.0
180545,5781,3.0
180545,2531,5.0
180545,4369,1.0
180545,1186,1.0
180675,3732,4.0
180675,858,5.0
180675,386,5.0
180675,5168,5.0
180738,4514,5.0
180738,3736,5.0
180738,4436,5.0
180738,3840,5.0
180738,5625,5.0
180738,2089,5.0
180738,1233,5.0
180738,907,5.0
180754,1870,4.0
180754,3647,4.0
180754,1189,4.0
180754,465,3.0
180754,2463,2.0
180754,1189,4.0
180754,3647,1.0
180754,628,4.0
180754,1189,4.0
180754,3647,4.0
180854,2138,4.0
180854,483,2.0
180854,3086,2.0
180854,1968,2.0
180854,912,4.0
180854,1886,5.0
180854,1164,4.0
180854,4567,3.0
180944,3730,4.0
180944,3119,4.0
180944,3136,4.0
180944,2948,4.0
180998,24,5.0
180998,4359,5.0
180998,3780,4.0
180998,473,4.0
180998,3764,3.0
181018,2204,3.0
181018,1882,4.0
181018,1152,5.0
181018,3236,4.0
181174,5450,2.0
181174,5585,3.0
181174,2463,4.0
181174,2884,3.0
181174,5585,3.0
181174,2289,4.0
181174,44,3.0
181178,4184,4.0
181178,3951,5.0
181178,774,5.0
181178,596,4.0
181399,4184,3.0
181399,250,3.0
181399,3758,5.0
181399,44,5.0
181414,1870,1.0
181414,214,4.0
181414,2424,5.0
181414,5139,3.0
181522,3756,4.0
181522,4606,4.0
181522,837,4.0
181522,3474,3.0
181696,5488,4.0
181696,1730,5.0
181696,5797,3.0
181696,361,5.0
181786,904,5.0
181786,3143,3.0
181786,774,4.0
181786,1820,5.0
182085,4825,3.0
182085,3209,3.0
182085,748,4.0
182085,447,4.0
182085,45,3.0
182085,4429,5.0
182085,1108,4.0
182103,2942,4.0
182103,1637,4.0
182103,4073,2.0
182103,5753,3.0
182175,5113,3.0
182175,2086,4.0
182175,45,4.0
182175,3209,4.0
182220,4359,3.0
182220,5180,3.0
182220,1363,5.0
182220,1456,4.0
182350,2822,5.0
182350,2475,5.0
182350,4385,4.0
182350,1093,2.0
182350,4934,5.0
182613,1103,5.0
182613,2463,4.0
182613,44,4.0
182613,5585,4.0
182613,2463,3.0
182674,5449,5.0
182674,907,5.0
182674,45,3.0
182674,45,5.0
182674,4088,3.0
182674,880,3.0
182674,566,4.0
182674,5341,4.0
182727,45,1.0
182727,4464,5.0
182727,2044,1.0
182727,4143,4.0
182736,4198,1.0
182736,4198,1.0
182736,45,3.0
182736,2169,2.0
182736,1693,4.0
182736,199,3.0
182743,1442,4.0
182743,1186,2.0
182743,3758,3.0
182743,5746,5.0
182782,3643,2.0
182782,3653,5.0
182782,4771,5.0
182782,5484,2.0
182832,4896,2.0
182832,4097,5.0
182832,2052,4.0
182832,1790,2.0
182972,4031,4.0
182972,369,4.0
182972,5551,2.0
182972,852,3.0
182972,5169,5.0
182972,3700,2.0
183111,5753,5.0
183111,3330,4.0
183111,5605,2.0
183111,1775,5.0
183314,4783,5.0
183314,4783,5.0
183314,1593,3.0
183314,725,5.0
183339,1361,4.0
183339,4326,4.0
183339,1963,4.0
183339,5623,5.0
183440,3228,5.0
183440,3732,4.0
183440,2101,5.0
183440,2294,5.0
183440,1162,5.0
183440,3228,5.0
183440,4167,5.0
183440,4398,5.0
183440,4464,5.0
183440,5752,5.0
183440,44,4.0
183440,3586,5.0
183440,3266,5.0
183440,3578,5.0
183440,5110,5.0
183440,4872,3.0
183440,4023,5.0
183440,1442,5.0
183449,1870,4.0
183449,2245,5.0
183449,4550,3.0
183449,5585,5.0
183449,5585,5.0
183449,5697,5.0
183502,1178,4.0
183502,2557,4.0
183502,3228,5.0
183502,880,3.0
183502,725,4.0
183568,5111,5.0
183568,345,5.0
183568,5111,5.0
183568,3205,4.0
183568,5176,5.0
183717,534,4.0
183717,45,3.0
183717,1891,3.0
183717,1783,5.0
183717,3732,4.0
183809,880,2.0
183809,3916,4.0
183809,607,4.0
183809,2557,2.0
183809,2557,3.0
183809,4194,4.0
183809,4506,3.0
183809,5450,3.0
183809,497,4.0
183809,5504,2.0
183809,2462,4.0
183809,3131,4.0
183911,4165,2.0
183911,1031,1.0
183911,522,4.0
183911,522,2.0
184099,473,4.0
184099,4088,4.0
184099,904,5.0
184099,1023,4.0
184106,4359,4.0
184106,473,5.0
184106,5189,4.0
184106,1260,4.0
184312,5390,4.0
184312,4234,5.0
184312,4157,4.0
184312,1399,2.0
184323,4167,5.0
184323,4601,3.0
184323,3417,5.0
184323,2199,5.0
184323,2942,5.0
184323,1411,5.0
184323,1302,5.0
184323,2424,4.0
184370,5278,4.0
184370,1152,4.0
184370,900,5.0
184370,1631,4.0
184393,4802,5.0
184393,1133,5.0
184393,379,1.0
184393,3193,3.0
184393,3732,5.0
184393,1462,5.0
184393,1631,5.0
184393,5605,5.0
184393,5656,5.0
184502,5031,5.0
184502,4351,4.0
184502,1676,5.0
184502,4771,5.0
184502,3653,5.0
184535,604,4.0
184535,2307,5.0
184535,2294,3.0
184535,1710,5.0
184554,4369,4.0
184554,596,4.0
184554,305,4.0
184554,357,4.0
184763,1302,5.0
184763,5061,4.0
184763,1442,3.0
184763,3951,4.0
184800,45,3.0
184800,4523,2.0
184800,45,4.0
184800,4896,5.0
184850,250,4.0
184850,3412,2.0
184850,3756,4.0
184850,5130,4.0
184862,5175,1.0
184862,4326,4.0
184862,4326,1.0
184862,1436,2.0
184922,5707,4.0
184922,4591,4.0
184922,5292,3.0
184922,1831,5.0
185028,1302,3.0
185028,4471,4.0
185028,5081,5.0
185028,3412,3.0
185028,1164,4.0
185028,1385,4.0
185028,5052,5.0
185028,2842,4.0
185028,4493,5.0
185028,774,5.0
185028,4229,4.0
185028,2660,5.0
185030,1442,4.0
185030,5783,3.0
185030,5061,4.0
185030,5605,4.0
185030,2430,5.0
185108,5528,3.0
185108,2837,4.0
185108,4523,2.0
185108,3732,4.0
185108,1312,4.0
185108,5379,4.0
185108,4304,2.0
185108,1093,2.0
185108,5175,4.0
185108,27,4.0
185108,1436,5.0
185108,1201,4.0
185108,137,3.0
185108,4123,4.0
185144,4664,2.0
185144,1819,1.0
185144,2912,5.0
185144,3732,1.0
185192,5855,4.0
185192,4235,5.0
185192,5336,1.0
185192,4157,5.0
185262,45,4.0
185262,1733,4.0
185262,3209,4.0
185262,5552,4.0
185268,1260,5.0
185268,1260,5.0
185268,1260,5.0
185268,1260,5.0
185417,5390,4.0
185417,5746,3.0
185417,5521,4.0
185417,3837,4.0
185417,1442,3.0
185417,473,4.0
185417,4712,5.0
185417,5081,4.0
185417,1820,5.0
185417,1186,4.0
185417,2344,4.0
185417,3119,4.0
185417,4576,4.0
185417,2842,5.0
185434,1917,4.0
185434,3732,4.0
185434,2557,5.0
185434,1631,3.0
185434,5514,5.0
185434,5768,5.0
185434,2328,4.0
185516,2085,5.0
185516,3550,2.0
185516,5360,5.0
185516,1144,4.0
185614,226,5.0
185614,1820,3.0
185614,4184,4.0
185614,5130,4.0
185614,4683,3.0
185713,4543,4.0
185713,907,5.0
185713,1093,4.0
185713,2135,5.0
185722,1164,5.0
185722,5169,5.0
185722,4432,4.0
185722,4783,4.0
185722,4088,4.0
185724,799,4.0
185724,2622,1.0
185724,5797,3.0
185724,2992,3.0
185724,679,3.0
185724,2610,5.0
185724,3736,2.0
185724,3474,3.0
185724,3272,4.0
185724,2045,4.0
185989,1733,3.0
185989,393,4.0
185989,2907,4.0
185989,1630,5.0
185989,4514,3.0
185989,1666,4.0
185989,3209,4.0
185989,2434,3.0
185989,4097,2.0
186019,3732,5.0
186019,2508,3.0
186019,2775,3.0
186019,1812,4.0
186019,3504,4.0
186122,880,3.0
186122,45,3.0
186122,3143,5.0
186122,5111,5.0
186122,2513,3.0
186122,393,4.0
186122,2085,5.0
186122,1843,4.0
186174,5658,5.0
186174,5658,5.0
186174,5658,5.0
186174,5658,5.0
186207,522,4.0
186207,2424,4.0
186207,5212,3.0
186207,652,4.0
186318,5450,3.0
186318,4550,4.0
186318,4241,5.0
186318,2886,4.0
186355,3550,2.0
186355,3620,4.0
186355,1396,2.0
186355,5360,5.0
186376,4779,2.0
186376,4677,2.0
186376,1884,4.0
186376,1949,5.0
186376,1739,4.0
186376,5039,4.0
186376,2617,4.0
186395,5484,3.0
186395,1820,5.0
186395,4455,4.0
186395,2373,4.0
186395,1442,4.0
186395,4184,2.0
186395,5605,4.0
186395,4872,4.0
186395,3165,4.0
186456,3241,3.0
186456,24,4.0
186456,1765,4.0
186456,2651,3.0
186456,4927,3.0
186497,3732,5.0
186497,5461,4.0
186497,496,4.0
186497,45,4.0
186500,2972,3.0
186500,2816,5.0
186500,774,4.0
186500,3136,3.0
186566,3119,5.0
186566,1164,5.0
186566,3732,4.0
186566,2480,4.0
186566,4232,3.0
186566,386,4.0
186566,4990,4.0
186566,522,4.0
186566,1442,3.0
186566,226,5.0
186566,4155,5.0
186566,104,4.0
186621,5725,3.0
186621,3051,5.0
186621,3285,4.0
186621,2475,5.0
186621,1707,5.0
186621,3055,5.0
186621,4385,5.0
186621,2557,5.0
186621,4487,4.0
186621,1162,4.0
186621,4658,3.0
186621,5259,4.0
186621,1643,3.0
186621,3716,4.0
186621,4873,5.0
186621,112,3.0
186621,5136,4.0
186632,1356,5.0
186632,3143,5.0
186632,5605,4.0
186632,5201,5.0
186632,2463,4.0
186632,2582,3.0
186632,2085,4.0
186632,4143,3.0
186680,2085,5.0
186680,2085,5.0
186680,5201,5.0
186680,2085,5.0
186724,2497,4.0
186724,2654,3.0
186724,4364,5.0
186724,1417,2.0
186784,709,4.0
186784,4650,2.0
186784,2622,4.0
186784,5605,3.0
186784,4683,4.0
186784,2622,3.0
186784,4069,3.0
186903,4610,3.0
186903,1093,5.0
186903,5110,4.0
186903,1442,3.0
186903,880,2.0
187043,305,3.0
187043,5577,3.0
187043,3143,5.0
187043,904,3.0
187043,2118,2.0
187043,2085,5.0
187043,4088,5.0
187169,2557,4.0
187169,3732,4.0
187169,4464,5.0
187169,918,5.0
187169,904,4.0
187169,3705,3.0
187169,507,4.0
187169,1343,5.0
187286,5585,3.0
187286,2463,5.0
187286,44,5.0
187286,2245,5.0
187286,5037,4.0
187286,5819,3.0
187286,3586,2.0
187340,4220,4.0
187340,4165,5.0
187340,45,3.0
187340,4436,4.0
187346,45,2.0
187346,386,4.0
187346,3732,4.0
187346,5168,4.0
187346,2538,3.0
187346,5055,4.0
187346,3221,4.0
187346,3680,2.0
187346,4505,3.0
187363,918,4.0
187363,3620,4.0
187363,2085,5.0
187363,4673,3.0
187403,1487,4.0
187403,5797,2.0
187403,1969,4.0
187403,1783,5.0
187403,4825,5.0
187403,369,4.0
187403,4954,2.0
187403,3705,2.0
187403,4220,4.0
187403,5083,5.0
187435,3737,2.0
187435,2610,3.0
187435,1056,3.0
187435,5062,5.0
187435,45,3.0
187447,1312,4.0
187447,4610,5.0
187447,5514,3.0
187447,2139,3.0
187447,3221,4.0
187447,1676,5.0
187447,774,5.0
187587,24,4.0
187587,1404,4.0
187587,3974,5.0
187587,3136,5.0
187604,4495,5.0
187604,774,5.0
187604,4120,4.0
187604,1676,5.0
187623,4436,4.0
187623,3756,4.0
187623,3165,3.0
187623,1924,4.0
187623,522,4.0
187623,4220,5.0
187623,3700,3.0
187623,3663,4.0
187747,45,4.0
187747,5267,5.0
187747,4198,4.0
187747,5123,3.0
187747,5267,5.0
187892,4543,3.0
187892,3134,3.0
187892,4624,2.0
187892,4610,4.0
187923,5035,2.0
187923,2344,3.0
187923,2612,4.0
187923,3705,2.0
187983,1870,5.0
187983,5037,1.0
187983,4550,1.0
187983,2463,5.0
187983,2463,5.0
187983,5585,1.0
188103,3178,4.0
188103,2187,5.0
188103,3737,4.0
188103,393,4.0
188234,5725,4.0
188234,2822,5.0
188234,4806,4.0
188234,3583,5.0
188234,4934,5.0
188234,2475,5.0
188234,4873,4.0
188234,966,5.0
188323,3136,5.0
188323,483,3.0
188323,250,4.0
188323,250,5.0
188498,129,4.0
188498,4739,4.0
188498,104,5.0
188498,1442,4.0
188605,5357,4.0
188605,4911,5.0
188605,272,5.0
188605,871,5.0
188700,122,4.0
188700,4212,3.0
188700,4184,4.0
188700,5398,5.0
188700,2138,5.0
188700,357,3.0
188700,4235,2.0
188700,1442,4.0
188797,2097,4.0
188797,3957,4.0
188797,5641,3.0
188797,792,4.0
188797,1763,5.0
188797,4073,4.0
188797,2015,2.0
188932,5585,4.0
188932,2463,5.0
188932,5585,5.0
188932,5851,4.0
188944,2781,2.0
188944,880,3.0
188944,686,4.0
188944,2672,2.0
188944,2948,4.0
188944,2948,4.0
188944,1358,1.0
188944,4427,3.0
188944,4673,3.0
188944,2900,5.0
188944,1195,5.0
188944,522,4.0
188944,4314,5.0
188944,1593,4.0
188944,2781,3.0
188944,2821,5.0
188944,25,5.0
188944,3350,5.0
188944,5746,4.0
188944,3136,5.0
188944,3413,5.0
188944,566,5.0
188944,3143,5.0
188944,104,5.0
188944,4580,5.0
189026,811,2.0
189026,1268,5.0
189026,2581,1.0
189026,4833,1.0
189149,5212,2.0
189149,1260,3.0
189149,3398,5.0
189149,5484,4.0
189152,2680,5.0
189152,832,2.0
189152,1056,2.0
189152,2680,1.0
189271,45,3.0
189271,393,5.0
189271,1306,4.0
189271,4353,4.0
189277,3651,1.0
189277,3342,5.0
189277,3659,5.0
189277,4088,4.0
189304,5106,4.0
189304,1462,4.0
189304,2538,4.0
189304,2355,4.0
189310,1870,5.0
189310,44,5.0
189310,3523,5.0
189310,44,2.0
189310,2463,1.0
189310,490,1.0
189310,4612,1.0
189310,4550,5.0
189310,2690,1.0
189310,490,1.0
189310,4143,1.0
189310,4681,1.0
189310,4681,1.0
189310,4681,1.0
189310,5321,5.0
189310,3622,5.0
189442,5491,5.0
189442,3417,3.0
189442,39,4.0
189442,5055,3.0
189442,2426,5.0
189442,4970,5.0
189444,3064,5.0
189444,4368,5.0
189444,5450,3.0
189444,1775,5.0
189585,4634,4.0
189585,511,4.0
189585,1133,4.0
189585,512,4.0
189585,1812,3.0
189679,904,5.0
189679,4254,3.0
189679,566,4.0
189679,683,3.0
189679,4567,5.0
189686,3143,3.0
189686,4220,3.0
189686,3620,4.0
189686,880,3.0
189686,1396,2.0
189686,5360,5.0
189686,2781,2.0
189686,892,3.0
189686,2085,5.0
189686,1195,4.0
189686,2085,5.0
189686,3825,2.0
189686,5241,3.0
189686,2085,5.0
189781,5753,2.0
189781,522,5.0
189781,904,5.0
189781,5035,3.0
189795,45,4.0
189795,447,5.0
189795,1765,4.0
189795,344,1.0
190006,5525,1.0
190006,1255,1.0
190006,1442,3.0
190006,3702,3.0
190006,1676,4.0
190006,3949,4.0
190042,5083,5.0
190042,3457,5.0
190042,514,1.0
190042,3457,5.0
190042,2589,5.0
190042,652,5.0
190104,5292,3.0
190104,104,1.0
190104,3165,3.0
190104,5753,2.0
190104,1643,3.0
190104,3209,4.0
190104,1312,4.0
190104,5843,4.0
190104,604,5.0
190104,4122,5.0
190104,3957,3.0
190105,4364,4.0
190105,3033,4.0
190105,4624,3.0
190105,1162,3.0
190105,2557,5.0
190169,386,3.0
190169,3732,4.0
190169,5768,2.0
190169,3133,3.0
190169,1442,2.0
190169,2622,1.0
190191,3237,5.0
190191,5491,5.0
190191,837,4.0
190191,789,5.0
190259,3178,4.0
190259,3737,3.0
190259,4909,4.0
190259,45,2.0
190260,683,3.0
190260,2884,3.0
190260,1819,5.0
190260,1413,3.0
190568,1820,5.0
190568,1008,4.0
190568,4398,5.0
190568,2294,4.0
190619,5123,2.0
190619,1190,3.0
190619,575,3.0
190619,4990,4.0
190619,3931,5.0
190619,45,5.0
190619,3282,1.0
190619,2963,4.0
190655,5583,3.0
190655,46,5.0
190655,104,4.0
190655,5521,3.0
190655,2933,3.0
190673,3751,5.0
190673,2463,3.0
190673,356,5.0
190673,3455,4.0
190707,1442,3.0
190707,1917,4.0
190707,3732,5.0
190707,4850,5.0
190736,3474,2.0
190736,765,4.0
190736,5168,4.0
190736,1598,3.0
190794,4826,2.0
190794,4826,1.0
190794,4826,1.0
190794,4826,1.0
190815,3603,3.0
190815,5775,3.0
190815,575,4.0
190815,4989,2.0
190815,5528,4.0
190855,1790,2.0
190855,45,2.0
190855,1054,4.0
190855,4990,3.0
190855,5123,3.0
190855,5516,4.0
190870,250,4.0
190870,250,4.0
190870,4970,5.0
190870,3119,1.0
190963,4610,4.0
190963,401,1.0
190963,269,1.0
190963,401,1.0
190963,401,1.0
190963,401,4.0
190963,1361,2.0
190963,1093,1.0
190968,1693,4.0
190968,199,3.0
190968,1190,4.0
190968,1937,3.0
191051,4653,3.0
191051,1940,4.0
191051,1442,2.0
191051,504,3.0
191059,904,5.0
191059,5302,5.0
191059,2417,4.0
191059,5551,4.0
191129,512,4.0
191129,3732,4.0
191129,3417,4.0
191129,2775,4.0
191138,679,3.0
191138,4729,5.0
191138,1702,4.0
191138,5747,5.0
191158,4031,5.0
191158,4088,5.0
191158,1876,4.0
191158,4355,5.0
191182,1621,5.0
191182,4348,3.0
191182,2109,3.0
191182,5525,2.0
191376,604,4.0
191376,4122,4.0
191376,757,3.0
191376,901,5.0
191376,25,5.0
191376,5833,3.0
191376,473,5.0
191376,5039,4.0
191376,4359,3.0
191376,4683,3.0
191406,4717,5.0
191406,144,5.0
191406,4261,5.0
191406,4235,3.0
191414,45,1.0
191414,4530,3.0
191414,1783,5.0
191414,774,5.0
191414,25,5.0
191414,5855,5.0
191414,104,4.0
191487,1164,4.0
191487,5398,5.0
191487,361,5.0
191487,2071,3.0
191487,4359,5.0
191487,24,5.0
191487,5255,3.0
191487,3853,2.0
191487,473,5.0
191548,2773,4.0
191548,5111,4.0
191548,4088,3.0
191548,4673,2.0
191548,5525,2.0
191582,557,5.0
191582,3398,3.0
191582,522,5.0
191582,24,5.0
191681,4427,1.0
191681,5241,5.0
191681,558,4.0
191681,880,3.0
191827,5444,5.0
191827,5450,4.0
191827,2463,3.0
191827,4495,5.0
191827,44,4.0
191827,799,3.0
191865,1886,3.0
191865,4677,1.0
191865,2617,3.0
191865,3590,3.0
191869,5585,4.0
191869,2463,4.0
191869,44,3.0
191869,3598,5.0
191869,5450,3.0
191869,4550,4.0
191869,1870,4.0
192007,2992,3.0
192007,3209,2.0
192007,45,3.0
192007,5629,3.0
192044,456,3.0
192044,1710,5.0
192044,4534,5.0
192044,3228,5.0
192044,4122,5.0
192044,5259,4.0
192044,1729,5.0
192044,2557,5.0
192044,4464,5.0
192044,2101,5.0
192044,1093,4.0
192044,5160,5.0
192044,360,5.0
192044,5747,5.0
192044,4355,5.0
192044,1312,5.0
192044,1783,5.0
192154,5037,4.0
192154,1811,1.0
192154,5062,1.0
192154,5062,3.0
192162,2109,4.0
192162,5341,3.0
192162,1756,3.0
192162,2508,3.0
192162,3398,3.0
192162,1178,4.0
192162,1841,3.0
192162,2013,3.0
192199,604,4.0
192199,4088,4.0
192199,2612,4.0
192199,2557,4.0
192406,5617,5.0
192406,3213,3.0
192406,473,5.0
192406,4020,5.0
192455,1103,4.0
192455,4143,3.0
192455,2557,5.0
192455,3228,5.0
192482,773,4.0
192482,5111,4.0
192482,473,5.0
192482,2178,5.0
192603,958,3.0
192603,4632,3.0
192603,3081,3.0
192603,507,4.0
192618,1770,2.0
192618,1783,4.0
192618,907,4.0
192618,898,2.0
192618,3069,4.0
192618,3732,4.0
192618,901,4.0
192618,3209,4.0
192618,457,5.0
192618,2513,5.0
192642,44,4.0
192642,1870,2.0
192642,1289,4.0
192642,2707,3.0
192692,2643,4.0
192692,5044,5.0
192692,1683,5.0
192692,167,3.0
192706,1356,4.0
192706,1298,4.0
192706,844,4.0
192706,3143,4.0
192706,2760,4.0
192706,5111,4.0
192706,5201,4.0
192706,5360,5.0
192706,2085,5.0
192706,2760,4.0
192706,844,3.0
192706,5341,5.0
192706,904,4.0
192706,2760,5.0
192706,150,3.0
192706,844,3.0
192747,339,4.0
192747,4212,4.0
192747,2933,4.0
192747,5398,4.0
192747,4634,4.0
192747,24,5.0
192747,934,5.0
192747,4235,3.0
192763,4717,4.0
192763,4184,3.0
192763,4038,5.0
192763,5071,5.0
192785,4495,5.0
192785,122,5.0
192785,1637,5.0
192785,579,5.0
193096,2524,5.0
193096,3732,4.0
193096,1442,3.0
193096,5643,4.0
193099,1631,5.0
193099,789,5.0
193099,1411,4.0
193099,4167,4.0
193149,3209,4.0
193149,45,2.0
193149,4364,5.0
193149,262,4.0
193149,4825,3.0
193193,4355,4.0
193193,5268,2.0
193193,2133,2.0
193193,2824,4.0
193193,522,4.0
193252,4312,4.0
193252,4212,5.0
193252,2872,3.0
193252,4747,5.0
193252,3330,4.0
193300,2173,4.0
193300,5708,3.0
193300,5065,3.0
193300,2357,2.0
193391,3929,1.0
193391,4755,4.0
193391,942,3.0
193391,2963,4.0
193391,1693,5.0
193391,4830,3.0
193391,5700,2.0
193394,1631,4.0
193394,1843,4.0
193394,3732,5.0
193394,4904,4.0
193394,792,3.0
193394,4003,4.0
193394,4635,3.0
193394,648,1.0
193429,5649,5.0
193429,5649,5.0
193429,3208,5.0
193429,4120,5.0
193443,1963,2.0
193443,958,1.0
193443,1436,4.0
193443,4432,4.0
193467,2257,5.0
193467,104,4.0
193467,2257,5.0
193467,3165,3.0
193467,3822,4.0
193467,104,4.0
193467,1164,5.0
193467,1629,3.0
193467,2626,3.0
193467,3119,4.0
193467,3974,4.0
193650,129,4.0
193650,3165,4.0
193650,3637,3.0
193650,1023,4.0
193808,199,3.0
193808,1332,4.0
193808,1190,3.0
193808,1332,3.0
193808,3840,5.0
193808,4198,2.0
193808,4543,3.0
193808,898,2.0
193847,4235,1.0
193847,1343,5.0
193847,1940,2.0
193847,1621,5.0
193996,5255,3.0
193996,4123,4.0
193996,5176,4.0
193996,4359,5.0
194010,2013,4.0
194010,1841,5.0
194010,512,5.0
194010,1843,3.0
194155,4029,4.0
194155,24,5.0
194155,369,3.0
194155,2391,5.0
194423,3568,5.0
194423,1860,2.0
194423,45,1.0
194423,832,5.0
194423,2835,3.0
194465,879,2.0
194465,1882,1.0
194465,3413,1.0
194465,2119,1.0
194564,1891,4.0
194564,5226,5.0
194564,1442,3.0
194564,5605,4.0
194564,4184,3.0
194564,262,3.0
194564,880,4.0
194564,2240,4.0
194564,2626,3.0
194564,104,3.0
194564,4505,3.0
194564,3732,4.0
194564,3165,3.0
194564,579,5.0
194564,522,4.0
194571,4813,4.0
194571,1940,4.0
194571,5833,4.0
194571,4088,5.0
194596,958,4.0
194596,5834,4.0
194596,2745,4.0
194596,989,5.0
194622,2373,5.0
194622,1940,4.0
194622,4212,5.0
194622,1404,5.0
194641,2417,3.0
194641,4088,4.0
194641,2723,4.0
194641,4543,3.0
194766,3705,4.0
194766,4212,4.0
194766,904,1.0
194766,3143,4.0
194897,5585,2.0
194897,4550,4.0
194897,4550,4.0
194897,4550,2.0
194897,2463,4.0
194897,2463,3.0
194949,1462,4.0
194949,4665,5.0
194949,250,5.0
194949,1442,5.0
195048,4749,3.0
195048,339,3.0
195048,144,5.0
195048,5521,4.0
195049,2006,4.0
195049,2988,4.0
195049,1054,3.0
195049,3178,4.0
195236,907,3.0
195236,45,4.0
195236,5062,5.0
195236,1860,3.0
195335,122,5.0
195335,3165,3.0
195335,3951,5.0
195335,4795,3.0
195335,774,5.0
195335,2872,4.0
195335,409,5.0
195335,5746,4.0
195385,1579,3.0
195385,2006,4.0
195385,4543,4.0
195385,989,4.0
195385,235,4.0
195385,4875,5.0
195385,1577,4.0
195385,2005,4.0
195385,5160,4.0
195385,1855,4.0
195385,5649,5.0
195501,5061,5.0
195501,2430,4.0
195501,2842,5.0
195501,3208,2.0
195546,1442,5.0
195546,5605,2.0
195546,2373,3.0
195546,1190,4.0
195681,3398,5.0
195681,522,5.0
195681,2946,4.0
195681,2829,4.0
195681,3221,5.0
195681,3732,5.0
195681,4364,5.0
195681,45,4.0
195681,2383,4.0
195820,4118,4.0
195820,4326,4.0
195820,5283,2.0
195820,1676,5.0
195835,2344,3.0
195835,3637,1.0
195835,483,5.0
195835,3842,5.0
195933,3614,4.0
195933,4698,4.0
195933,1411,5.0
195933,5658,5.0
196146,115,3.0
196146,4997,5.0
196146,2169,4.0
196146,2006,3.0
196146,409,4.0
196146,1164,5.0
196260,32,5.0
196260,1417,3.0
196260,4463,1.0
196260,2025,5.0
196288,1152,4.0
196288,5062,4.0
196288,3732,4.0
196288,3084,2.0
196288,5062,4.0
196288,880,1.0
196288,3705,1.0
196288,1462,4.0
196403,37,3.0
196403,45,4.0
196403,4429,4.0
196403,3209,4.0
196411,1450,5.0
196411,1054,4.0
196411,2992,5.0
196411,723,4.0
196513,5173,4.0
196513,4908,4.0
196513,2132,4.0
196513,4664,4.0
196520,1023,4.0
196520,1165,2.0
196520,579,5.0
196520,3350,2.0
196651,2662,5.0
196651,2199,5.0
196651,2440,4.0
196651,3009,5.0
196667,5585,1.0
196667,5585,1.0
196667,5585,1.0
196667,5647,4.0
196695,2860,3.0
196695,1039,5.0
196695,2135,5.0
196695,1039,4.0
196772,4304,3.0
196772,4543,3.0
196772,45,3.0
196772,5552,5.0
196772,1312,5.0
196798,3455,3.0
196798,3185,3.0
196798,4216,4.0
196798,4216,4.0
196798,628,5.0
196798,2770,4.0
196798,4581,2.0
196798,1189,4.0
196798,465,4.0
196798,3647,4.0
196798,5037,3.0
196798,1870,4.0
196798,3586,3.0
196798,3166,4.0
196798,5450,3.0
196798,3586,3.0
196798,1189,4.0
196798,5585,2.0
196798,3166,5.0
196798,1759,2.0
196798,3586,4.0
196798,980,3.0
196798,4216,3.0
196798,5585,3.0
196798,2463,4.0
196798,3586,2.0
196798,44,4.0
196798,3586,2.0
196807,1762,4.0
196807,5484,5.0
196807,3732,4.0
196807,1917,2.0
196928,5288,1.0
196928,5288,1.0
196928,4654,5.0
196928,3123,1.0
196980,1843,4.0
196980,3417,3.0
196980,695,5.0
196980,45,3.0
196996,1002,4.0
196996,2513,5.0
196996,1693,5.0
196996,4830,4.0
196997,3818,5.0
196997,2660,5.0
196997,1442,4.0
196997,1683,5.0
196997,2757,1.0
197128,339,4.0
197128,2851,1.0
197128,5260,1.0
197128,4813,5.0
197130,5302,4.0
197130,1151,3.0
197130,5174,4.0
197130,2661,2.0
197130,2025,4.0
197130,5307,2.0
197130,5342,2.0
197130,5055,5.0
197222,2704,5.0
197222,2704,5.0
197222,2704,5.0
197222,3077,5.0
197222,3077,5.0
197222,3077,5.0
197315,25,4.0
197315,3999,3.0
197315,1442,2.0
197315,1819,5.0
197315,3165,4.0
197315,4241,5.0
197331,5768,4.0
197331,2775,3.0
197331,5168,4.0
197331,5278,4.0
197331,2396,3.0
197331,1637,4.0
197331,789,5.0
197331,423,4.0
197331,4854,5.0
197331,900,4.0
197343,1189,1.0
197343,4581,1.0
197343,1870,4.0
197343,3967,2.0
197343,1870,1.0
197343,5037,1.0
197343,4847,4.0
197382,4143,4.0
197382,1056,5.0
197382,799,4.0
197382,2557,5.0
197382,5037,3.0
197382,1790,2.0
197382,112,4.0
197382,5285,4.0
197382,4825,4.0
197382,1189,3.0
197382,3999,4.0
197382,5450,2.0
197382,3178,4.0
197383,3929,1.0
197383,4179,1.0
197383,5579,4.0
197383,1289,4.0
197429,1819,5.0
197429,1730,4.0
197429,250,2.0
197429,5169,4.0
197429,3136,2.0
197597,3586,3.0
197597,1164,5.0
197597,2101,4.0
197597,2948,2.0
197716,4364,4.0
197716,2381,2.0
197716,1737,2.0
197716,2344,2.0
197716,522,3.0
197716,5797,4.0
197716,4695,4.0
197768,5450,3.0
197768,4074,2.0
197768,2417,4.0
197768,4088,4.0
197768,555,4.0
197768,5840,4.0
197768,5214,3.0
197795,5568,3.0
197795,3140,4.0
197795,2013,2.0
197795,5347,1.0
198141,857,4.0
198141,4495,4.0
198141,3474,3.0
198141,4118,4.0
198157,604,4.0
198157,4122,4.0
198157,3503,4.0
198157,2557,5.0
198173,5027,2.0
198173,1902,5.0
198173,5083,5.0
198173,366,5.0
198212,37,2.0
198212,880,2.0
198212,45,3.0
198212,1442,3.0
198230,880,4.0
198230,5577,1.0
198230,1195,5.0
198230,566,3.0
198246,1432,5.0
198246,3633,5.0
198246,552,4.0
198246,552,5.0
198265,5521,3.0
198265,774,4.0
198265,1164,4.0
198265,104,3.0
198283,5168,5.0
198283,4802,3.0
198283,4567,4.0
198283,2436,5.0
198354,2972,4.0
198354,2972,5.0
198354,1055,5.0
198354,324,5.0
198401,3732,5.0
198401,3945,5.0
198401,1843,5.0
198401,864,3.0
198401,1631,4.0
198401,4671,5.0
198401,2775,5.0
198401,3991,5.0
198401,4671,5.0
198401,5168,5.0
198401,5758,1.0
198401,4601,2.0
198441,3209,4.0
198441,4514,3.0
198441,1733,2.0
198441,1331,3.0
198441,3737,2.0
198441,1713,3.0
198441,3484,4.0
198441,1783,3.0
198441,907,3.0
198441,262,1.0
198441,5643,3.0
198441,3209,4.0
198441,3661,4.0
198441,3209,4.0
198441,757,3.0
198959,1783,4.0
198959,3209,4.0
198959,4160,3.0
198959,1442,4.0
198959,1629,4.0
198959,1608,5.0
199021,4713,5.0
199021,680,5.0
199021,4359,3.0
199021,473,4.0
199149,5081,4.0
199149,4191,4.0
199149,2138,4.0
199149,5746,3.0
199149,3165,4.0
199149,5605,4.0
199149,774,5.0
199149,2933,4.0
199176,904,5.0
199176,5360,4.0
199176,1840,1.0
199176,3143,5.0
199257,344,1.0
199257,45,3.0
199257,748,5.0
199257,45,4.0
199352,4749,4.0
199352,150,3.0
199352,566,3.0
199352,4525,4.0
199352,5360,4.0
199352,880,3.0
199352,2417,4.0
199352,4254,4.0
199352,3705,4.0
199381,4227,4.0
199381,4220,3.0
199381,4911,4.0
199381,798,5.0
199446,4455,4.0
199446,1442,3.0
199446,61,5.0
199446,4591,3.0
199466,4157,5.0
199466,1395,3.0
199466,3350,3.0
199466,1164,5.0
199466,1940,4.0
199466,2391,5.0
199466,2391,5.0
199466,4845,5.0
199466,880,1.0
199466,4088,5.0
199466,5623,4.0
199466,2745,5.0
199466,3398,5.0
199466,24,5.0
199466,4326,5.0
199490,4685,5.0
199490,4685,5.0
199490,4685,5.0
199490,4685,5.0
199490,4685,5.0
199490,4685,5.0
199490,4685,5.0
199490,4685,5.0
199512,5292,4.0
199512,3136,5.0
199512,24,4.0
199512,3398,3.0
199512,2344,4.0
199512,8,4.0
199573,2360,5.0
199573,4143,4.0
199573,2688,4.0
199573,1637,4.0
199605,1442,3.0
199605,5521,4.0
199605,2942,4.0
199605,4566,5.0
199605,144,5.0
199606,3590,2.0
199606,2933,4.0
199606,3123,2.0
199606,44,4.0
199606,522,4.0
199606,4359,4.0
199727,2557,5.0
199727,2289,4.0
199727,3052,4.0
199727,4143,4.0
199727,3052,5.0
199727,1575,1.0
199904,3732,5.0
199904,1133,4.0
199904,2045,4.0
199904,1411,5.0
199989,5081,4.0
199989,1820,5.0
199989,5605,5.0
199989,3260,5.0
200200,2781,3.0
200200,1319,5.0
200200,2085,5.0
200200,331,5.0
200200,3732,4.0
200200,4390,4.0
200267,5168,5.0
200267,3279,4.0
200267,1133,2.0
200267,2557,4.0
200347,25,5.0
200347,2325,5.0
200347,3260,5.0
200347,5081,3.0
200385,2083,4.0
200385,1914,4.0
200385,3398,3.0
200385,473,4.0
200447,5585,1.0
200447,3760,1.0
200447,3760,1.0
200447,4143,4.0
200592,1462,5.0
200592,5168,5.0
200592,5302,4.0
200592,5168,5.0
200592,858,4.0
200592,3084,5.0
200592,1598,4.0
200592,5278,5.0
200592,2775,4.0
200592,900,5.0
200592,2013,5.0
200592,2662,5.0
200592,2508,5.0
200592,2383,5.0
200680,2468,5.0
200680,3643,5.0
200680,3680,5.0
200680,5148,3.0
200739,3165,3.0
200739,144,4.0
200739,1442,2.0
200739,683,3.0
200748,2118,4.0
200748,904,5.0
200748,5035,3.0
200748,978,4.0
200885,1450,4.0
200885,5625,4.0
200885,4123,5.0
200885,2344,4.0
200885,4783,5.0
200885,45,4.0
200885,4075,4.0
200885,2014,4.0
200885,858,5.0
200885,27,5.0
200885,4241,4.0
200885,2462,5.0
200885,4364,4.0
200885,361,5.0
200910,4805,3.0
200910,4220,2.0
200910,1023,4.0
200910,189,4.0
200910,5641,3.0
200910,2617,4.0
200910,2946,4.0
200919,4364,5.0
200919,203,4.0
200919,5111,5.0
200919,5647,5.0
201028,3737,1.0
201028,45,1.0
201028,3737,1.0
201028,2761,1.0
201044,5488,4.0
201044,2344,3.0
201044,774,5.0
201044,2872,4.0
201044,5083,5.0
201134,891,5.0
201134,891,5.0
201134,5623,1.0
201134,5175,5.0
201300,789,4.0
201300,5855,4.0
201300,3143,5.0
201300,4088,5.0
201312,5797,4.0
201312,3736,2.0
201312,5357,3.0
201312,1312,3.0
201312,3431,5.0
201312,3717,3.0
201312,2610,5.0
201312,5031,3.0
201319,61,3.0
201319,3136,5.0
201319,4683,4.0
201319,792,5.0
201340,4326,5.0
201340,4254,2.0
201340,1404,4.0
201340,3999,5.0
201383,5702,2.0
201383,2013,5.0
201383,2078,4.0
201383,3504,4.0
201383,379,4.0
201383,3732,5.0
201383,2344,4.0
201485,5833,3.0
201485,104,3.0
201485,4771,4.0
201485,1914,4.0
201767,1631,4.0
201767,522,2.0
201767,3732,4.0
201767,2424,2.0
201946,1718,4.0
201946,1593,4.0
201946,880,4.0
201946,725,4.0
201946,4241,5.0
201946,552,4.0
201946,5259,5.0
201998,522,4.0
201998,1442,4.0
201998,45,3.0
201998,3732,4.0
202133,731,4.0
202133,1152,4.0
202133,1843,4.0
202133,1631,5.0
202139,3661,4.0
202139,1903,4.0
202139,45,3.0
202139,4830,4.0
202139,1693,4.0
202154,2680,1.0
202154,2680,1.0
202154,2680,1.0
202154,2680,1.0
202154,2680,1.0
202154,2680,1.0
202154,2680,1.0
202216,4463,4.0
202216,2097,4.0
202216,798,4.0
202216,324,3.0
202216,837,4.0
202216,3730,3.0
202216,1054,4.0
202216,1889,4.0
202216,4683,3.0
202265,4683,4.0
202265,4120,5.0
202265,4073,4.0
202265,3806,4.0
202288,880,4.0
202288,5085,3.0
202288,3922,4.0
202288,3732,3.0
202341,5168,5.0
202341,2199,4.0
202341,1411,5.0
202341,1843,3.0
202341,3732,4.0
202341,2775,4.0
202370,128,4.0
202370,4658,4.0
202370,5136,4.0
202370,1787,5.0
202370,3716,5.0
202421,4550,4.0
202421,2770,4.0
202421,3647,4.0
202421,465,2.0
202421,4550,4.0
202440,2942,5.0
202440,1820,5.0
202440,2933,5.0
202440,4184,4.0
202464,2044,4.0
202464,4464,5.0
202464,2557,5.0
202464,5254,2.0
202469,104,3.0
202469,3136,3.0
202469,2487,3.0
202469,5855,5.0
202469,1442,3.0
202469,3141,2.0
202558,904,4.0
202558,2417,5.0
202558,3143,5.0
202558,1542,5.0
202558,2513,5.0
202708,757,3.0
202708,5031,4.0
202708,3033,4.0
202708,1693,3.0
202708,4198,4.0
202708,4198,4.0
202708,2288,2.0
202708,4198,4.0
202708,4198,4.0
202803,4073,5.0
202803,2942,5.0
202803,1763,3.0
202803,4677,1.0
202803,5307,3.0
202825,4304,3.0
202825,2344,3.0
202825,2097,4.0
202825,798,4.0
202825,5635,5.0
202838,2557,4.0
202838,235,3.0
202838,1380,4.0
202838,5670,4.0
202838,452,2.0
202838,522,4.0
202838,714,3.0
202838,3732,4.0
202970,5521,4.0
202970,3165,4.0
202970,1961,5.0
202970,457,5.0
202990,5205,5.0
202990,5205,5.0
202990,592,3.0
202990,3029,1.0
202990,5205,1.0
202990,5205,1.0
203011,3944,3.0
203011,1489,5.0
203011,3944,3.0
203011,5747,4.0
203138,3622,1.0
203138,1870,5.0
203138,4143,4.0
203138,5471,4.0
203177,5471,4.0
203177,5471,5.0
203177,4143,5.0
203177,2344,1.0
203206,3846,1.0
203206,5083,4.0
203206,2109,3.0
203206,2085,5.0
203272,473,5.0
203272,24,5.0
203272,4845,5.0
203272,774,5.0
203318,1348,3.0
203318,522,4.0
203318,5641,2.0
203318,4220,3.0
203318,3732,4.0
203318,1133,4.0
203318,3209,4.0
203318,3700,3.0
203376,9,3.0
203376,4088,4.0
203376,1239,4.0
203376,904,4.0
203526,3732,4.0
203526,1108,4.0
203526,1190,2.0
203526,858,4.0
203685,4120,4.0
203685,3277,4.0
203685,2872,4.0
203685,774,4.0
203685,2335,3.0
203685,5718,5.0
203685,226,3.0
203685,3822,5.0
203685,5336,5.0
203685,4942,4.0
203836,2463,5.0
203836,1487,5.0
203836,457,4.0
203836,361,5.0
203836,3119,5.0
203895,5176,4.0
203895,2344,3.0
203895,1363,2.0
203895,210,3.0
203929,2178,4.0
203929,1621,4.0
203929,61,2.0
203929,1820,4.0
203929,5255,3.0
203929,250,5.0
203929,1450,4.0
203929,5260,3.0
203929,3136,4.0
204111,5496,4.0
204111,2557,5.0
204111,45,3.0
204111,2557,3.0
204172,4911,2.0
204172,1594,4.0
204172,5283,4.0
204172,1876,4.0
204172,185,3.0
204246,1506,3.0
204246,857,5.0
204246,4495,5.0
204246,975,5.0
204327,725,4.0
204327,880,3.0
204327,2781,4.0
204327,3143,5.0
204327,3705,4.0
204327,2654,4.0
204340,5278,2.0
204340,5278,2.0
204340,5278,2.0
204340,2041,1.0
204340,2662,5.0
204340,2775,3.0
204340,3906,3.0
204340,1442,2.0
204340,5746,3.0
204340,1152,3.0
204340,2775,4.0
204340,774,5.0
204444,4543,4.0
204444,4550,4.0
204444,5106,4.0
204444,44,4.0
204511,214,2.0
204511,24,4.0
204511,522,4.0
204511,907,5.0
204706,4128,1.0
204706,3136,5.0
204706,25,5.0
204706,61,5.0
204706,1442,4.0
204706,3165,3.0
204706,5390,4.0
204723,1066,3.0
204723,789,2.0
204723,1843,4.0
204723,3133,4.0
204723,1631,3.0
204723,3922,5.0
204723,2775,2.0
204723,2775,3.0
204723,1066,4.0
204887,1190,4.0
204887,2086,3.0
204887,4198,5.0
204887,5559,4.0
204887,1693,4.0
204887,199,3.0
204887,1306,4.0
204887,1919,5.0
204887,45,3.0
204926,2955,1.0
204926,167,1.0
204926,5044,1.0
204926,3828,2.0
204940,331,5.0
204940,331,5.0
204940,4314,5.0
204940,1319,5.0
205005,5241,5.0
205005,880,4.0
205005,4783,5.0
205005,5641,4.0
205126,1820,5.0
205126,2325,5.0
205126,5163,5.0
205126,1961,5.0
205206,2169,2.0
205206,501,3.0
205206,907,1.0
205206,501,2.0
205213,847,4.0
205213,5037,2.0
205213,1189,3.0
205213,4550,4.0
205213,5037,4.0
205213,3647,3.0
205213,3586,4.0
205213,1870,4.0
205291,857,5.0
205291,3474,4.0
205291,1178,4.0
205291,3705,4.0
205291,4088,3.0
205291,2109,4.0
205311,4990,5.0
205311,5552,5.0
205311,1860,3.0
205311,3209,3.0
205366,683,3.0
205366,5169,5.0
205366,5071,4.0
205366,2613,4.0
205366,1881,1.0
205366,104,4.0
205366,5201,4.0
205366,3143,4.0
205366,45,3.0
205366,2817,4.0
205366,3064,3.0
205366,357,4.0
205367,1420,5.0
205367,5753,4.0
205367,2045,4.0
205367,5843,3.0
205372,345,4.0
205372,1917,2.0
205372,2403,4.0
205372,3335,4.0
205495,5484,5.0
205495,731,5.0
205495,888,4.0
205495,888,2.0
205620,774,5.0
205620,1820,5.0
205620,1442,4.0
205620,3974,5.0
205620,5521,5.0
205620,4591,4.0
205620,1629,2.0
205620,1302,4.0
205620,5833,3.0
205620,2851,4.0
205626,2181,4.0
205626,5752,4.0
205626,1489,5.0
205626,360,5.0
205626,5283,4.0
205626,5175,4.0
205626,4326,4.0
205644,3143,4.0
205644,904,5.0
205644,4088,3.0
205644,345,5.0
205647,1413,4.0
205647,2829,4.0
205647,1705,5.0
205647,3732,4.0
205737,879,4.0
205737,1314,5.0
205737,1881,4.0
205737,4319,4.0
205737,4455,5.0
205737,4911,3.0
205737,409,2.0
205813,4073,5.0
205813,4845,5.0
205813,2381,5.0
205813,3398,5.0
205848,4503,3.0
205848,1260,3.0
205848,1114,4.0
205848,3846,4.0
205886,1631,4.0
205886,2775,3.0
205886,2775,4.0
205886,2640,4.0
205886,3991,5.0
205886,3193,2.0
205886,5491,4.0
205961,5819,4.0
205961,3607,5.0
205961,1189,3.0
205961,5585,5.0
205961,2463,4.0
206017,2109,5.0
206017,4427,3.0
206017,2557,4.0
206017,4088,5.0
206017,1023,4.0
206092,4656,4.0
206092,44,5.0
206092,8,5.0
206092,4143,3.0
206150,2132,2.0
206150,3732,5.0
206150,1631,4.0
206150,4671,5.0
206150,5168,4.0
206150,1442,4.0
206150,1066,3.0
206150,4850,5.0
206150,522,4.0
206150,4971,3.0
206150,817,5.0
206150,45,3.0
206150,522,2.0
206150,880,4.0
206202,4990,3.0
206202,4232,3.0
206202,262,2.0
206202,45,2.0
206202,1190,2.0
206202,5757,3.0
206202,1442,1.0
206202,1676,4.0
206204,2992,4.0
206204,1306,4.0
206204,45,3.0
206204,4097,2.0
206204,971,3.0
206204,393,5.0
206204,1190,2.0
206204,4587,3.0
206286,596,1.0
206286,1442,4.0
206286,1820,5.0
206286,279,5.0
206425,2538,4.0
206425,2141,5.0
206425,1701,4.0
206425,2989,5.0
206432,45,4.0
206432,1054,5.0
206432,5228,5.0
206432,361,4.0
206756,2255,3.0
206756,3702,2.0
206756,129,3.0
206756,1442,1.0
206756,912,4.0
206756,3064,4.0
206781,163,3.0
206781,2392,5.0
206781,2199,4.0
206781,4543,3.0
206784,971,3.0
206784,3736,4.0
206784,45,1.0
206784,45,1.0
206836,3843,5.0
206836,3705,3.0
206836,4673,4.0
206836,4427,4.0
206862,4755,2.0
206862,3777,4.0
206862,45,3.0
206862,4097,2.0
206862,3732,4.0
206901,774,4.0
206901,2660,4.0
206901,5044,4.0
206901,4293,4.0
207002,4845,5.0
207002,24,5.0
207002,1380,4.0
207002,5176,3.0
207002,250,4.0
207110,1442,3.0
207110,5292,3.0
207110,2557,4.0
207110,2610,5.0
207122,5585,4.0
207122,5450,3.0
207122,5139,2.0
207122,2574,4.0
207122,5450,2.0
207122,5379,2.0
207122,3598,2.0
207133,1642,5.0
207133,5302,4.0
207133,4027,4.0
207133,5507,4.0
207215,3732,5.0
207215,1631,5.0
207215,5168,4.0
207215,522,4.0
207393,3732,4.0
207393,2189,3.0
207393,2656,3.0
207393,1442,3.0
207393,1023,4.0
207393,1798,3.0
207393,5168,4.0
207393,5292,4.0
207393,3123,1.0
207393,5035,3.0
207400,45,1.0
207400,2468,4.0
207400,2468,4.0
207400,3999,2.0
207468,5583,5.0
207468,1613,4.0
207468,5641,4.0
207468,3398,4.0
207517,2738,4.0
207517,386,5.0
207517,3732,5.0
207517,5690,5.0
207517,45,4.0
207531,3296,5.0
207531,3296,5.0
207531,3296,5.0
207531,3296,5.0
207531,3296,5.0
207531,3296,5.0
207531,3296,5.0
207537,3598,5.0
207537,3598,5.0
207537,5585,5.0
207537,4550,5.0
207537,3646,4.0
207537,2988,3.0
207537,1940,5.0
207537,5292,5.0
207557,2613,5.0
207557,5767,5.0
207557,774,5.0
207557,4712,5.0
207616,5833,3.0
207616,5585,5.0
207616,4503,3.0
207616,781,3.0
207616,1593,2.0
207626,1765,5.0
207626,880,4.0
207626,2557,4.0
207626,5843,5.0
207784,4201,3.0
207784,2557,3.0
207784,3732,5.0
207784,2538,3.0
207784,5055,5.0
207784,1966,5.0
207784,4060,2.0
207784,3069,4.0
207784,511,5.0
207784,4201,1.0
207784,2189,5.0
207784,5183,4.0
207784,880,5.0
207784,5055,4.0
207784,4119,3.0
207784,4075,3.0
207784,4029,4.0
207784,4241,5.0
207784,3133,5.0
207784,1798,5.0
207784,1165,5.0
207784,3286,3.0
207784,1165,5.0
207961,3730,3.0
207961,2450,4.0
207961,2403,4.0
207961,2182,2.0
207961,1886,4.0
207961,1054,4.0
207961,361,5.0
207961,1450,5.0
207970,2138,4.0
207970,5169,5.0
207970,3162,1.0
207970,3572,3.0
208180,456,3.0
208180,456,1.0
208180,5259,3.0
208180,1710,5.0
208213,723,5.0
208213,5175,4.0
208213,2888,3.0
208213,4123,4.0
208451,2622,4.0
208451,683,4.0
208451,1819,4.0
208451,2622,4.0
208451,1940,4.0
208451,5605,4.0
208451,1820,4.0
208490,5702,3.0
208490,3614,1.0
208490,1841,4.0
208490,789,5.0
208523,2344,5.0
208523,5189,5.0
208523,522,5.0
208523,714,4.0
208523,4165,4.0
208523,1093,4.0
208595,2013,4.0
208595,3214,5.0
208595,3214,5.0
208595,1411,5.0
208595,3417,5.0
208613,5241,4.0
208613,2781,3.0
208613,880,1.0
208613,2948,5.0
208613,180,3.0
208613,3335,2.0
208613,2909,2.0
208670,5169,5.0
208670,4212,5.0
208670,4023,3.0
208670,3822,4.0
208803,566,4.0
208803,686,5.0
208803,478,2.0
208803,497,2.0
208803,1396,4.0
208803,904,5.0
208803,2085,5.0
208803,2344,4.0
208803,880,3.0
208803,522,3.0
208803,3101,4.0
208803,210,5.0
208803,1914,5.0
208803,1260,4.0
208804,5585,4.0
208804,4550,3.0
208804,5450,3.0
208804,5812,5.0
208804,5471,4.0
208984,3622,2.0
208984,341,4.0
208984,5450,3.0
208984,2463,4.0
209161,5169,5.0
209161,122,4.0
209161,1456,3.0
209161,2344,5.0
209162,1385,4.0
209162,774,4.0
209162,1385,4.0
209162,1763,3.0
209223,1442,3.0
209223,5746,3.0
209223,774,5.0
209223,2842,5.0
209223,104,3.0
209223,2821,4.0
209223,2872,4.0
209223,1385,3.0
209223,2196,4.0
209223,226,4.0
209223,4650,5.0
209223,513,5.0
209233,2013,4.0
209233,4884,2.0
209233,1841,5.0
209233,1152,1.0
209396,1968,5.0
209396,3557,4.0
209396,678,5.0
209396,723,5.0
209431,980,3.0
209431,4269,2.0
209431,3760,1.0
209431,3760,1.0
209534,3279,5.0
209534,1396,4.0
209534,5285,4.0
209534,695,3.0
209534,4662,3.0
209627,5183,3.0
209627,880,3.0
209627,904,5.0
209627,1023,4.0
209646,3732,5.0
209646,3614,4.0
209646,789,4.0
209646,512,3.0
209646,2775,3.0
209646,2396,3.0
209646,1411,5.0
209646,3417,4.0
209646,3453,4.0
209646,1631,4.0
209646,5658,3.0
209646,2662,4.0
209646,5173,5.0
209653,2085,5.0
209653,5360,5.0
209653,2085,5.0
209653,2085,5.0
209653,904,5.0
209653,566,4.0
209673,361,5.0
209673,361,5.0
209673,3033,4.0
209673,1940,1.0
209757,2557,4.0
209757,1665,5.0
209757,5753,4.0
209757,443,3.0
209757,4122,4.0
209757,671,5.0
209757,3119,4.0
209784,1870,4.0
209784,465,2.0
209784,3647,1.0
209784,5450,4.0
209784,1189,1.0
209784,4550,3.0
209784,2463,2.0
209784,44,3.0
209784,5585,3.0
209784,3455,3.0
209784,5037,2.0
209784,5037,3.0
209784,2010,3.0
209784,2010,3.0
209817,5585,4.0
209817,1436,4.0
209817,2052,3.0
209817,5035,1.0
209817,3550,1.0
209817,4194,1.0
209817,4194,1.0
209817,4088,3.0
209817,566,4.0
209817,279,4.0
209817,4463,1.0
209817,5747,5.0
209857,5083,4.0
209857,5745,5.0
209857,3582,3.0
209857,3582,1.0
209857,5649,4.0
209915,5746,3.0
209915,144,5.0
209915,5374,5.0
209915,3165,1.0
209982,880,2.0
209982,45,3.0
209982,45,4.0
209982,5183,3.0
209982,2014,3.0
210015,4873,4.0
210015,5725,4.0
210015,5725,5.0
210015,2081,5.0
210088,1312,3.0
210088,2610,4.0
210088,3019,4.0
210088,5855,5.0
210103,2403,5.0
210103,3732,5.0
210103,1223,4.0
210103,4143,5.0
210224,3193,5.0
210224,888,3.0
210224,1631,4.0
210224,2419,4.0
210224,5484,2.0
210224,5568,4.0
210224,5260,5.0
210224,25,4.0
210224,3945,3.0
210224,1442,1.0
210224,5488,4.0
210224,5169,5.0
210293,534,3.0
210293,93,4.0
210293,2786,4.0
210293,534,2.0
210293,4875,2.0
210293,2707,4.0
210488,789,5.0
210488,3193,5.0
210488,2199,5.0
210488,3237,5.0
210625,5214,5.0
210625,2086,3.0
210625,3603,1.0
210625,1190,5.0
210625,1739,4.0
210625,3736,5.0
210625,5625,4.0
210625,5496,5.0
210669,2468,4.0
210669,3586,3.0
210669,2257,5.0
210669,3064,3.0
210769,428,4.0
210769,4909,5.0
210769,1331,3.0
210769,3178,5.0
210769,3178,4.0
210823,5091,2.0
210823,3398,3.0
210823,4634,4.0
210823,473,4.0
210931,1707,3.0
210931,5725,3.0
210931,2957,3.0
210931,2488,4.0
210931,3055,4.0
210931,966,4.0
210953,4254,4.0
210953,5111,4.0
210953,3143,5.0
210953,1239,4.0
211116,5649,3.0
211116,32,4.0
211116,880,4.0
211116,32,2.0
211156,5585,1.0
211156,5450,1.0
211156,3455,3.0
211156,4592,5.0
211156,8,4.0
211288,2827,4.0
211288,3209,3.0
211288,453,3.0
211288,1733,3.0
211288,3931,3.0
211288,2089,4.0
211288,3806,4.0
211288,5852,3.0
211324,2357,1.0
211324,1713,5.0
211324,1642,3.0
211324,4430,3.0
211324,4357,4.0
211344,558,1.0
211344,4427,4.0
211344,5111,5.0
211344,2781,5.0
211490,5690,2.0
211490,3732,4.0
211490,2662,3.0
211490,4758,3.0
211548,1631,5.0
211548,4088,3.0
211548,3143,5.0
211548,9,5.0
211548,3637,4.0
211548,2257,3.0
211548,789,4.0
211565,1442,2.0
211565,1752,4.0
211565,5058,4.0
211565,4241,4.0
211565,1165,3.0
211565,2141,5.0
211565,2466,3.0
211565,4435,4.0
211822,4184,5.0
211822,4567,1.0
211822,1404,5.0
211822,880,3.0
212014,3949,5.0
212014,774,4.0
212014,25,5.0
212014,2680,5.0
212014,1188,4.0
212014,5292,4.0
212014,1164,5.0
212014,5767,5.0
212014,5685,2.0
212014,1188,4.0
212014,4232,4.0
212014,1783,5.0
212020,3703,4.0
212020,5250,4.0
212020,1820,4.0
212020,144,3.0
212023,450,3.0
212023,2660,5.0
212023,3552,5.0
212023,1489,5.0
212023,3552,5.0
212023,1277,2.0
212023,1356,5.0
212124,4754,4.0
212124,1693,4.0
212124,1693,2.0
212124,1937,2.0
212124,4882,4.0
212148,1798,3.0
212148,5111,4.0
212148,907,3.0
212148,5747,5.0
212157,1093,4.0
212157,1436,5.0
212157,3572,3.0
212157,3480,3.0
212197,5450,4.0
212197,1189,3.0
212197,5585,5.0
212197,2463,5.0
212197,5819,3.0
212343,3064,5.0
212343,4683,2.0
212343,3703,4.0
212343,1683,3.0
212377,2463,2.0
212377,5585,3.0
212377,4143,4.0
212377,2344,4.0
212450,880,3.0
212450,2948,3.0
212450,5571,4.0
212450,1608,5.0
212525,4366,3.0
212525,5585,3.0
212525,2955,3.0
212525,24,5.0
212525,2344,3.0
212525,522,2.0
212533,3165,1.0
212533,1840,4.0
212533,3620,4.0
212533,4749,4.0
212533,566,4.0
212533,5215,4.0
212533,2132,3.0
212533,5360,5.0
212533,904,5.0
212533,2085,5.0
212533,880,3.0
212533,150,4.0
212533,1358,3.0
212533,5111,5.0
212533,1442,2.0
212533,1298,3.0
212533,4525,3.0
212533,4220,3.0
212533,4314,4.0
212533,3143,5.0
212533,5176,5.0
212533,2085,3.0
212533,5554,5.0
212533,4150,4.0
212533,3993,4.0
212533,4673,1.0
212533,2085,5.0
212611,3637,2.0
212611,3732,4.0
212611,3063,1.0
212611,1843,2.0
212611,5169,5.0
212611,4157,4.0
212611,1442,4.0
212611,5769,2.0
212611,765,2.0
212684,3064,4.0
212684,2933,5.0
212684,4184,5.0
212684,3906,4.0
212738,3732,5.0
212738,3801,4.0
212738,3614,4.0
212738,1133,2.0
212738,1133,4.0
212738,5148,3.0
212738,5454,5.0
212796,2622,5.0
212796,1356,5.0
212796,844,3.0
212796,4023,5.0
212928,3794,1.0
212928,3794,1.0
212928,569,5.0
212928,45,2.0
213026,144,2.0
213026,1462,3.0
213026,1812,2.0
213026,5549,3.0
213040,3398,4.0
213040,3732,5.0
213040,989,3.0
213040,4006,2.0
213164,1687,5.0
213164,1546,5.0
213164,4220,5.0
213164,4625,5.0
213278,1705,4.0
213278,3651,3.0
213278,4088,3.0
213278,5360,4.0
213278,2290,4.0
213278,45,3.0
213333,2126,4.0
213333,4183,4.0
213333,2728,2.0
213333,774,2.0
213333,697,4.0
213345,522,5.0
213345,3260,5.0
213345,1442,5.0
213345,3165,5.0
213370,1164,5.0
213370,4235,5.0
213370,3653,4.0
213370,4184,3.0
213408,3647,2.0
213408,2463,1.0
213408,2463,1.0
213408,2463,1.0
213444,1217,4.0
213444,5484,4.0
213444,104,5.0
213444,4771,5.0
213536,3165,2.0
213536,5767,1.0
213536,1442,3.0
213536,1314,4.0
213536,250,3.0
213536,5605,4.0
213536,3165,3.0
213536,1314,4.0
213536,5767,3.0
213536,2058,4.0
213536,5077,3.0
213536,3162,2.0
213536,5081,2.0
213536,4683,4.0
213536,3367,2.0
213536,2844,4.0
213536,3162,3.0
213536,5214,3.0
213536,4712,5.0
213536,4229,2.0
213536,561,4.0
213536,4144,3.0
213536,144,3.0
213678,4506,4.0
213678,3705,3.0
213678,4088,4.0
213678,3143,5.0
213784,723,4.0
213784,4825,2.0
213784,3209,4.0
213784,3247,3.0
213790,5625,5.0
213790,4968,4.0
213790,3279,3.0
213790,5304,4.0
213826,104,3.0
213826,1404,1.0
213826,4157,5.0
213826,4184,5.0
213867,4326,5.0
213867,5304,3.0
213867,3490,4.0
213867,2288,4.0
214011,5585,4.0
214011,4143,5.0
214011,5697,5.0
214011,3751,5.0
214011,3337,5.0
214011,3052,4.0
214039,1432,4.0
214039,4435,4.0
214039,4241,4.0
214039,3527,4.0
214039,975,5.0
214039,3933,4.0
214039,341,5.0
214039,3527,4.0
214039,5058,5.0
214039,4054,3.0
214061,3732,5.0
214061,858,5.0
214061,1411,5.0
214061,4758,4.0
214070,1093,5.0
214070,5044,5.0
214070,1436,5.0
214070,4729,5.0
214074,24,5.0
214074,214,4.0
214074,3993,4.0
214074,3457,5.0
214074,2344,5.0
214074,522,3.0
214074,2290,5.0
214074,1442,3.0
214093,4453,4.0
214093,3600,4.0
214093,4012,4.0
214093,5168,4.0
214094,2531,2.0
214094,5398,4.0
214094,1820,5.0
214094,5379,4.0
214183,5639,3.0
214183,5444,4.0
214183,1870,4.0
214183,45,3.0
214244,5710,4.0
214244,725,2.0
214244,1738,2.0
214244,566,5.0
214299,1277,3.0
214299,4254,5.0
214299,32,1.0
214299,5201,5.0
214323,3165,5.0
214323,1442,2.0
214323,2487,5.0
214323,1302,5.0
214323,5833,4.0
214323,5110,5.0
214323,3637,4.0
214323,1405,3.0
214323,1666,3.0
214323,3209,5.0
214323,5643,4.0
214323,45,3.0
214323,1093,4.0
214392,2837,3.0
214392,4997,4.0
214392,2837,4.0
214392,431,1.0
214660,1756,3.0
214660,5745,5.0
214660,5176,3.0
214660,4020,4.0
214688,2025,5.0
214688,499,4.0
214688,1693,4.0
214688,3398,3.0
214688,4198,5.0
214716,2109,4.0
214716,150,1.0
214716,71,1.0
214716,4749,4.0
214733,2085,5.0
214733,2933,4.0
214733,3974,5.0
214733,5746,3.0
214737,4220,3.0
214737,1108,3.0
214737,3732,3.0
214737,5055,2.0
214778,774,5.0
214778,354,5.0
214778,4829,1.0
214778,5176,5.0
214801,1442,2.0
214801,3732,4.0
214801,2626,2.0
214801,3732,5.0
214909,2933,4.0
214909,250,2.0
214909,1798,5.0
214909,2426,5.0
214909,4683,5.0
214941,879,5.0
214941,5656,5.0
214941,774,5.0
214941,4184,3.0
214941,1120,2.0
214941,1233,5.0
214979,2257,5.0
214979,3165,4.0
214979,4184,4.0
214979,1940,2.0
215067,104,4.0
215067,1164,4.0
215067,774,5.0
215067,2888,4.0
215071,3732,5.0
215071,5168,5.0
215071,4543,4.0
215071,774,5.0
215078,465,3.0
215078,5450,4.0
215078,5450,4.0
215078,3455,3.0
215078,2463,3.0
215078,5037,2.0
215078,1870,3.0
215078,5585,4.0
215078,2838,3.0
215078,2463,4.0
215082,5241,4.0
215082,4314,4.0
215082,880,3.0
215082,5583,2.0
215082,1840,3.0
215082,2575,3.0
215082,2781,3.0
215082,4088,4.0
215082,1840,3.0
215082,2126,4.0
215082,2085,4.0
215082,5654,3.0
215082,3143,5.0
215082,3705,4.0
215082,5360,4.0
215103,2168,4.0
215103,522,4.0
215103,2344,4.0
215103,12,4.0
215103,4086,4.0
215103,5723,4.0
215103,137,4.0
215131,2723,4.0
215131,4073,4.0
215131,2612,4.0
215131,4326,3.0
215159,3542,4.0
215159,1701,4.0
215159,2199,4.0
215159,5278,4.0
215159,817,5.0
215159,1631,5.0
215159,4884,4.0
215159,2426,5.0
215236,104,2.0
215236,2373,5.0
215236,1178,5.0
215236,3663,4.0
215242,24,4.0
215242,5189,3.0
215242,4576,5.0
215242,4359,5.0
215413,5168,5.0
215413,3732,4.0
215413,5359,5.0
215413,24,5.0
215431,5026,5.0
215431,504,3.0
215431,3760,1.0
215431,3760,1.0
215440,5108,1.0
215440,1108,5.0
215440,2288,4.0
215440,431,3.0
215440,1890,3.0
215440,5528,2.0
215440,1054,2.0
215440,5576,4.0
215440,4364,4.0
215476,679,4.0
215476,678,3.0
215476,45,4.0
215476,3209,5.0
215602,5755,2.0
215602,1442,2.0
215602,5215,5.0
215602,1320,4.0
215602,2653,4.0
215679,4359,5.0
215679,4576,5.0
215679,4634,3.0
215679,904,5.0
215679,2417,3.0
215679,5571,2.0
215679,4088,4.0
215679,3531,4.0
215679,5706,4.0
215679,1542,5.0
215679,5360,4.0
215679,41,5.0
215679,5201,4.0
215679,4088,5.0
215679,2781,3.0
215679,5111,4.0
215679,3143,4.0
215679,880,3.0
215679,4057,5.0
215690,4944,2.0
215690,3218,3.0
215690,4234,4.0
215690,681,3.0
215691,2417,5.0
215691,5068,5.0
215691,734,2.0
215691,522,4.0
215691,4020,4.0
215892,1489,4.0
215892,5423,5.0
215892,1743,2.0
215892,5423,2.0
215914,1858,4.0
215914,3512,4.0
215914,1858,1.0
215914,2138,5.0
216004,150,4.0
216004,555,5.0
216004,5571,5.0
216004,1542,5.0
216004,3143,5.0
216004,4779,4.0
216004,2575,5.0
216004,4020,5.0
216016,2085,5.0
216016,1298,4.0
216016,2760,3.0
216016,5360,4.0
216016,5201,4.0
216016,1144,4.0
216028,3916,3.0
216028,4184,4.0
216028,3916,4.0
216028,3916,4.0
216028,3221,4.0
216028,5168,4.0
216028,1032,1.0
216177,2245,5.0
216177,5037,4.0
216177,5697,3.0
216177,5322,4.0
216180,4304,2.0
216180,5175,5.0
216180,1436,4.0
216180,3801,5.0
216180,1093,4.0
216180,4251,5.0
216265,3616,4.0
216265,4971,4.0
216265,971,4.0
216265,971,4.0
216337,2463,3.0
216337,3967,3.0
216337,5585,4.0
216337,4069,3.0
216337,4589,4.0
216356,4550,4.0
216356,5697,5.0
216356,5214,4.0
216356,3637,1.0
216545,5168,3.0
216545,2013,3.0
216545,3732,5.0
216545,550,3.0
216545,1152,4.0
216545,4671,4.0
216545,1066,4.0
216545,5168,5.0
216545,789,4.0
216545,3214,4.0
216566,774,5.0
216566,3131,4.0
216566,3637,1.0
216566,3637,1.0
216566,1940,5.0
216612,2926,4.0
216612,104,3.0
216612,3136,4.0
216612,4235,4.0
216612,1730,4.0
216652,812,3.0
216652,5623,5.0
216652,1855,5.0
216652,5160,5.0
216721,5450,1.0
216721,2884,2.0
216721,4143,2.0
216721,3523,4.0
216730,1713,3.0
216730,409,4.0
216730,3228,5.0
216730,786,3.0
216730,3221,4.0
216747,1884,4.0
216747,4038,3.0
216747,3653,5.0
216747,1676,5.0
216747,104,4.0
216747,1962,4.0
216811,1356,4.0
216811,3143,4.0
216811,3705,5.0
216811,71,4.0
216833,2884,4.0
216833,1189,1.0
216833,44,5.0
216833,4550,5.0
216836,2417,5.0
216836,1268,5.0
216836,1022,1.0
216836,5641,5.0
217001,774,5.0
217001,5605,4.0
217001,1820,5.0
217001,2872,4.0
217001,1719,2.0
217024,3209,4.0
217024,3840,2.0
217024,1404,1.0
217024,4184,5.0
217108,3228,5.0
217108,2178,4.0
217108,522,3.0
217108,514,2.0
217108,2617,4.0
217108,3517,1.0
217108,4911,4.0
217108,3228,4.0
217141,45,4.0
217141,4550,3.0
217141,2463,3.0
217141,5585,3.0
217144,858,1.0
217144,2775,2.0
217144,2707,3.0
217144,1442,1.0
217144,5110,4.0
217144,3133,3.0
217144,2344,5.0
217144,2396,1.0
217144,3398,3.0
217144,4150,3.0
217144,2946,4.0
217144,2557,4.0
217144,4398,4.0
217144,2284,2.0
217144,5443,3.0
217187,774,5.0
217187,1820,4.0
217187,1413,4.0
217187,44,5.0
217187,5450,4.0
217187,2463,4.0
217187,5585,4.0
217187,2245,4.0
217239,1940,5.0
217239,4157,5.0
217239,5071,5.0
217239,2877,5.0
217269,4911,4.0
217269,5130,5.0
217269,2933,5.0
217269,4183,4.0
217294,789,3.0
217294,54,4.0
217294,3730,4.0
217294,3614,4.0
217294,817,4.0
217294,2450,4.0
217294,54,2.0
217294,1411,4.0
217294,3614,4.0
217294,3732,4.0
217294,3600,4.0
217294,2403,5.0
217294,1631,4.0
217294,4167,4.0
217294,2403,5.0
217294,2403,5.0
217294,4671,4.0
217294,4671,4.0
217294,3279,4.0
217294,2468,4.0
217294,3732,4.0
217294,3279,4.0
217294,1152,3.0
217294,2204,4.0
217294,2403,5.0
217294,1598,4.0
217294,3084,4.0
217294,4167,4.0
217371,4954,3.0
217371,2135,5.0
217371,3527,4.0
217371,4251,2.0
217371,5168,5.0
217371,4530,4.0
217374,1413,4.0
217374,1752,3.0
217374,3702,2.0
217374,5352,2.0
217398,3143,5.0
217398,5111,5.0
217398,3705,3.0
217398,844,4.0
217398,1531,4.0
217449,3340,3.0
217449,3340,3.0
217449,3702,1.0
217449,2880,4.0
217457,4635,4.0
217457,1462,5.0
217457,3973,2.0
217457,4326,4.0
217457,5226,4.0
217571,2344,2.0
217571,5585,2.0
217571,5585,3.0
217571,5450,5.0
217649,2257,3.0
217649,3165,4.0
217649,1442,4.0
217649,5352,2.0
217775,1450,5.0
217775,5797,3.0
217775,1054,3.0
217775,4825,2.0
217891,2078,5.0
217891,3614,5.0
217891,2013,5.0
217891,3140,3.0
217891,5168,4.0
217891,1152,5.0
217891,5173,4.0
217891,900,4.0
217891,858,5.0
217891,4671,4.0
217891,423,4.0
217891,2662,5.0
217891,2199,5.0
217959,345,2.0
217959,1289,3.0
217959,786,2.0
217959,4833,3.0
217959,3586,2.0
217984,904,5.0
217984,1356,5.0
217984,41,5.0
217984,4783,5.0
217984,4485,2.0
217985,496,4.0
217985,2041,4.0
217985,2538,3.0
217985,5768,4.0
218115,5579,4.0
218115,3488,4.0
218115,1190,3.0
218115,1687,5.0
218221,409,4.0
218221,958,4.0
218221,5833,3.0
218221,1976,4.0
218238,1729,5.0
218238,104,5.0
218238,1164,5.0
218238,2816,5.0
218271,4453,4.0
218271,2557,4.0
218271,45,3.0
218271,1456,4.0
218271,1914,4.0
218271,3101,4.0
218354,522,5.0
218354,4589,5.0
218354,4566,3.0
218354,2888,5.0
218354,4833,5.0
218354,2381,3.0
218354,2344,5.0
218354,473,4.0
218354,24,5.0
218354,1442,5.0
218371,3945,3.0
218371,2775,4.0
218371,1462,5.0
218371,1152,5.0
218371,5484,5.0
218371,379,4.0
218371,4968,4.0
218371,2775,4.0
218414,2557,3.0
218414,692,4.0
218414,1783,5.0
218414,45,4.0
218414,1054,3.0
218414,832,4.0
218414,5168,4.0
218414,5168,5.0
218445,2010,5.0
218445,5768,5.0
218445,5697,5.0
218445,5471,4.0
218547,904,5.0
218547,2085,5.0
218547,4485,5.0
218547,5360,5.0
218624,837,4.0
218624,5058,5.0
218624,4054,4.0
218624,1960,5.0
218624,4944,4.0
218624,4054,4.0
218624,857,5.0
218624,3700,1.0
218624,2989,4.0
218624,2005,4.0
218624,2989,4.0
218624,2005,3.0
218624,190,5.0
218624,3398,4.0
218624,2381,5.0
218624,4944,3.0
218624,2381,3.0
218624,190,5.0
218624,5175,4.0
218624,3052,4.0
218766,1783,4.0
218766,880,3.0
218766,2109,5.0
218766,2085,5.0
218766,522,4.0
218766,4543,4.0
218766,3209,5.0
218766,4604,4.0
218766,1444,2.0
218766,2617,4.0
218772,2360,5.0
218772,857,1.0
218772,837,5.0
218772,3840,2.0
218793,4944,3.0
218793,2156,1.0
218793,4495,5.0
218793,5379,1.0
218793,5186,2.0
218793,4606,1.0
218851,1730,2.0
218851,2373,3.0
218851,122,2.0
218851,3165,4.0
218851,351,5.0
218851,2373,4.0
218981,1442,5.0
218981,5352,3.0
218981,104,4.0
218981,25,4.0
219004,2468,5.0
219004,5494,3.0
219004,5721,5.0
219004,24,4.0
219164,5585,3.0
219164,2463,3.0
219164,4550,3.0
219164,5697,5.0
219385,1762,4.0
219385,3843,5.0
219385,2132,5.0
219385,3140,4.0
219385,2931,5.0
219385,3732,5.0
219385,2775,3.0
219385,2508,4.0
219385,789,4.0
219385,5314,4.0
219418,5656,3.0
219418,2403,4.0
219418,1380,5.0
219418,4120,5.0
219418,4144,4.0
219440,5471,5.0
219440,2775,5.0
219440,4970,4.0
219440,4970,4.0
219440,4074,5.0
219440,4074,5.0
219440,2078,4.0
219471,1442,2.0
219471,1164,1.0
219471,4739,4.0
219471,1189,2.0
219471,4550,4.0
219541,3119,4.0
219541,5817,5.0
219541,879,1.0
219541,1151,1.0
219550,774,5.0
219550,5169,5.0
219550,4771,5.0
219550,4184,4.0
219613,1968,4.0
219613,163,4.0
219613,3277,5.0
219613,1637,4.0
219712,3620,4.0
219712,3356,4.0
219712,5360,5.0
219712,3143,5.0
219809,4717,2.0
219809,4369,4.0
219809,4369,4.0
219809,5836,1.0
219876,4143,5.0
219876,2690,4.0
219876,5450,4.0
219876,2463,4.0
219876,4550,4.0
220005,3730,3.0
220005,918,3.0
220005,1765,3.0
220005,799,3.0
220005,2622,3.0
220005,5833,3.0
220027,5111,5.0
220027,2612,4.0
220027,686,5.0
220027,4683,4.0
220179,4251,5.0
220179,1093,5.0
220179,4257,4.0
220179,446,5.0
220201,3136,4.0
220201,2622,4.0
220201,4813,5.0
220201,5398,1.0
220269,4576,4.0
220269,24,3.0
220269,522,4.0
220269,3165,3.0
220269,2926,4.0
220327,522,4.0
220327,1186,4.0
220327,1442,3.0
220327,2344,4.0
220327,1260,4.0
220327,1714,3.0
220481,45,2.0
220481,2992,1.0
220481,1819,2.0
220481,1637,4.0
220552,4911,4.0
220552,4911,4.0
220552,1976,4.0
220552,1413,1.0
220675,45,5.0
220675,1860,4.0
220675,748,5.0
220675,1917,5.0
220675,3732,5.0
220706,3850,2.0
220706,4566,3.0
220706,2178,5.0
220706,5111,5.0
220762,4713,4.0
220762,193,5.0
220762,193,5.0
220762,1506,5.0
220780,343,5.0
220780,2612,4.0
220780,1104,2.0
220780,4464,5.0
220780,4194,3.0
220780,71,4.0
220780,880,3.0
220780,2118,4.0
220806,5068,4.0
220806,1239,5.0
220806,3732,3.0
220806,4747,5.0
220912,837,3.0
220912,837,3.0
220912,2972,4.0
220912,904,4.0
220990,3119,3.0
220990,25,5.0
220990,3653,5.0
220990,3136,5.0
220990,5605,5.0
220990,2872,3.0
220990,4712,5.0
220990,3974,5.0
221064,5450,4.0
221064,44,5.0
221064,5585,5.0
221064,2010,5.0
221064,3647,4.0
221064,1189,3.0
221064,1870,3.0
221064,5037,2.0
221064,5835,5.0
221064,2463,5.0
221085,2419,5.0
221085,2013,4.0
221085,2508,4.0
221085,1787,5.0
221085,1787,4.0
221214,4183,4.0
221214,3484,4.0
221214,1783,4.0
221214,2513,3.0
221280,4664,5.0
221280,789,5.0
221280,2215,5.0
221280,1152,5.0
221323,3517,4.0
221323,3971,2.0
221323,45,3.0
221323,4241,4.0
221323,2263,4.0
221370,104,3.0
221370,2613,4.0
221370,2257,3.0
221370,5112,3.0
221376,1886,4.0
221376,774,5.0
221376,3637,3.0
221376,1442,3.0
221376,5641,4.0
221442,4639,3.0
221442,1621,1.0
221442,3123,2.0
221442,683,5.0
221442,3837,1.0
221442,4183,5.0
221442,1811,4.0
221442,1676,2.0
221442,3123,2.0
221608,5747,5.0
221608,2613,4.0
221608,3136,5.0
221608,4567,4.0
221680,2616,5.0
221680,4610,5.0
221680,1361,5.0
221680,1743,4.0
221680,5747,5.0
221680,3944,5.0
221680,1436,5.0
221719,1189,4.0
221719,3586,3.0
221719,3165,5.0
221719,774,5.0
221719,3653,4.0
221723,4184,5.0
221723,3951,4.0
221723,1442,5.0
221723,1299,4.0
221880,250,4.0
221880,5292,3.0
221880,2109,2.0
221880,5647,1.0
221951,2037,5.0
221951,5168,5.0
221951,5484,4.0
221951,5168,5.0
221951,900,5.0
221951,2018,5.0
221951,4884,5.0
221951,3417,4.0
221951,423,4.0
221951,900,5.0
221951,3732,5.0
221951,2426,5.0
221951,5278,5.0
221979,1108,4.0
221979,5284,2.0
221979,2907,4.0
221979,45,3.0
221988,4241,4.0
221988,4143,5.0
221988,5037,2.0
221988,4550,3.0
222046,4673,3.0
222046,3136,5.0
222046,5281,5.0
222046,1442,3.0
222089,5491,4.0
222089,3517,3.0
222089,3136,3.0
222089,4911,4.0
222089,3119,4.0
222089,2946,5.0
222089,2775,2.0
222089,2775,3.0
222089,522,3.0
222089,5083,4.0
222089,5176,3.0
222089,2829,4.0
222089,235,4.0
222089,4875,4.0
222089,5641,4.0
222089,1843,5.0
222089,4875,4.0
222089,3732,5.0
222138,2775,1.0
222138,2775,1.0
222138,2775,1.0
222138,2775,1.0
222180,604,5.0
222180,369,1.0
222180,2860,4.0
222180,369,5.0
222194,2738,4.0
222194,3651,2.0
222194,2083,5.0
222194,3649,4.0
222201,4649,5.0
222201,3178,3.0
222201,4514,3.0
222201,3209,3.0
222306,5081,5.0
222306,4261,5.0
222306,774,5.0
222306,4712,5.0
222312,4150,4.0
222312,3512,5.0
222312,3136,5.0
222312,104,4.0
222356,3523,4.0
222356,3523,4.0
222356,1652,3.0
222356,3052,2.0
222408,880,4.0
222408,2417,4.0
222408,4387,4.0
222408,4387,4.0
222412,748,5.0
222412,832,5.0
222412,1860,4.0
222412,5683,1.0
222530,2557,4.0
222530,361,5.0
222530,45,2.0
222530,1744,5.0
222553,1152,5.0
222553,863,5.0
222553,219,5.0
222553,2424,5.0
222605,904,2.0
222605,3143,5.0
222605,345,4.0
222605,4088,4.0
222661,51,5.0
222661,3136,5.0
222661,104,2.0
222661,1442,3.0
222687,473,4.0
222687,867,5.0
222687,2826,4.0
222687,2344,3.0
222706,4495,2.0
222706,5607,5.0
222706,122,4.0
222706,5062,5.0
222706,412,1.0
222843,1422,4.0
222843,1332,4.0
222843,292,5.0
222843,3737,3.0
222843,1422,2.0
222843,1312,5.0
222845,2013,1.0
222845,1631,3.0
222845,2078,3.0
222845,2078,2.0
222845,5168,4.0
222845,5658,5.0
222845,3398,4.0
222845,2775,3.0
222845,1320,2.0
222867,71,3.0
222867,1737,1.0
222867,4543,1.0
222867,1108,4.0
222884,4653,3.0
222884,4235,4.0
222884,189,4.0
222884,473,5.0
222884,3279,3.0
222911,1442,4.0
222911,3758,4.0
222911,104,4.0
222911,5061,5.0
223031,104,2.0
223031,5783,5.0
223031,2933,4.0
223031,5110,5.0
223162,5037,3.0
223162,3165,3.0
223162,4911,4.0
223162,2463,4.0
223162,44,4.0
223165,880,3.0
223165,5168,3.0
223165,4314,2.0
223165,2085,5.0
223234,5278,3.0
223234,2662,4.0
223234,2344,4.0
223234,5605,4.0
223234,4235,3.0
223234,1637,5.0
223234,1819,3.0
223260,3209,4.0
223260,45,2.0
223260,2618,4.0
223260,4825,4.0
223260,3732,5.0
223328,857,4.0
223328,5834,4.0
223328,4118,4.0
223328,4366,2.0
223450,522,5.0
223450,170,5.0
223450,774,5.0
223450,5260,4.0
223458,723,4.0
223458,2992,5.0
223458,45,2.0
223458,4990,4.0
223458,393,4.0
223458,5683,3.0
223511,3620,1.0
223511,45,1.0
223511,4227,2.0
223511,1743,2.0
223553,25,5.0
223553,4369,5.0
223553,3572,5.0
223553,2872,5.0
223553,4712,5.0
223558,4060,5.0
223558,550,5.0
223558,2005,5.0
223558,4060,5.0
223588,1361,5.0
223588,4326,4.0
223588,5623,3.0
223588,958,2.0
223778,2557,4.0
223778,604,3.0
223778,2307,5.0
223778,4012,5.0
224007,1643,3.0
224007,3732,3.0
224007,1917,4.0
224007,4593,3.0
224007,2037,2.0
224007,2270,5.0
224007,2270,5.0
224007,900,3.0
224007,4593,5.0
224102,3503,5.0
224102,3136,4.0
224102,5292,4.0
224102,138,4.0
224214,907,5.0
224214,1056,4.0
224214,4543,4.0
224214,1332,4.0
224430,786,5.0
224430,2240,5.0
224430,3661,5.0
224430,45,5.0
224448,4273,2.0
224448,3136,4.0
224448,3512,5.0
224448,3504,3.0
224448,2775,4.0
224539,2392,4.0
224539,2086,3.0
224539,5516,2.0
224539,1442,3.0
224539,1811,2.0
224539,3703,4.0
224539,5113,4.0
224539,5852,2.0
224539,4027,3.0
224539,2707,3.0
224539,5708,2.0
224539,1036,4.0
224539,3282,4.0
224539,3119,5.0
224539,3367,3.0
224539,5855,5.0
224539,5336,4.0
224539,2557,3.0
224539,1799,4.0
224539,2690,2.0
224539,4143,3.0
224539,4364,2.0
224539,3598,2.0
224539,356,4.0
224539,1030,3.0
224539,4241,3.0
224647,4802,4.0
224647,5769,4.0
224647,4472,3.0
224647,129,4.0
224686,5111,5.0
224686,4656,3.0
224686,331,5.0
224686,1207,5.0
224686,5450,4.0
224686,1189,3.0
224756,863,3.0
224756,2661,3.0
224756,3582,3.0
224756,214,3.0
224806,4783,4.0
224806,4020,4.0
224806,3703,4.0
224806,1637,5.0
224942,4432,4.0
224942,45,1.0
224942,4432,1.0
224942,880,3.0
224942,2189,2.0
224942,5706,5.0
224942,2189,2.0
224946,2586,5.0
224946,5168,4.0
224946,3732,5.0
224946,2586,5.0
225025,45,3.0
225025,1442,5.0
225025,1961,5.0
225025,2058,5.0
225184,5077,1.0
225184,5077,1.0
225184,5077,1.0
225184,4550,1.0
225297,2013,5.0
225297,3922,3.0
225297,5085,2.0
225297,3517,2.0
225300,5772,1.0
225300,5228,4.0
225300,4097,2.0
225300,3840,4.0
225437,1820,5.0
225437,3136,4.0
225437,61,3.0
225437,5623,2.0
225448,880,3.0
225448,3209,4.0
225448,5683,4.0
225448,45,4.0
225463,5091,1.0
225463,774,4.0
225463,1914,4.0
225463,5083,4.0
225463,4212,3.0
225463,5605,4.0
225463,4220,2.0
225951,5226,3.0
225951,5834,3.0
225951,2538,2.0
225951,3557,2.0
225951,4543,4.0
225951,4543,4.0
225951,1890,3.0
225978,3398,4.0
225978,2344,4.0
225978,24,4.0
225978,24,4.0
226029,5697,4.0
226029,465,1.0
226029,1189,1.0
226029,5585,3.0
226280,3732,4.0
226280,2359,4.0
226280,5783,5.0
226280,104,4.0
226314,5625,5.0
226314,5625,5.0
226314,1608,5.0
226314,3758,3.0
226522,4212,3.0
226522,1940,3.0
226522,2373,4.0
226522,3999,2.0
226522,4471,3.0
226786,1671,3.0
226786,5753,4.0
226786,3228,5.0
226786,1643,4.0
226797,496,1.0
226797,1478,2.0
226797,3600,5.0
226797,789,2.0
226806,2781,5.0
226806,811,2.0
226806,1819,5.0
226806,880,4.0
226840,904,5.0
226840,104,4.0
226840,2083,5.0
226840,5554,3.0
226874,2015,4.0
226874,3732,4.0
226874,3063,1.0
226874,2359,5.0
226874,4157,4.0
226874,5169,5.0
227191,3931,3.0
227191,3737,1.0
227191,511,4.0
227191,453,5.0
227191,2061,5.0
227191,45,1.0
227191,4232,5.0
227191,4989,5.0
227197,37,4.0
227197,1693,4.0
227197,1783,4.0
227197,393,5.0
227197,3431,5.0
227305,4717,3.0
227305,5299,5.0
227305,1164,3.0
227305,2436,5.0
227325,4143,5.0
227325,5697,5.0
227325,3523,4.0
227325,5471,5.0
227325,3523,5.0
227325,44,5.0
227325,628,3.0
227325,4143,5.0
227325,5725,4.0
227325,3751,5.0
227325,5450,4.0
227325,3751,5.0
227341,2109,2.0
227341,904,5.0
227341,5214,4.0
227341,5111,5.0
227498,431,3.0
227498,4755,3.0
227498,880,3.0
227498,2109,3.0
227526,2557,3.0
227526,4075,2.0
227526,3777,4.0
227526,2864,3.0
227526,4471,4.0
227526,5833,4.0
227526,1738,2.0
227526,1579,4.0
227526,723,4.0
227526,5027,5.0
227526,1579,4.0
227526,5700,5.0
227526,1579,4.0
227526,45,3.0
227526,4201,2.0
227526,3488,4.0
227578,2557,4.0
227578,4226,4.0
227578,2581,3.0
227578,3503,5.0
227578,5753,2.0
227578,5843,5.0
227578,2294,3.0
227578,2557,5.0
227578,5259,4.0
227578,5753,4.0
227578,2557,5.0
227578,3228,4.0
227578,2307,5.0
227578,2294,3.0
227578,5259,4.0
227578,604,5.0
227610,2085,5.0
227610,904,5.0
227610,5360,5.0
227610,4254,3.0
227610,3143,5.0
227610,904,5.0
227610,880,4.0
227658,210,4.0
227658,522,3.0
227658,1260,4.0
227658,5661,5.0
227687,2613,5.0
227687,4183,5.0
227687,3136,5.0
227687,4813,5.0
227687,4717,4.0
227702,2288,4.0
227702,2288,4.0
227702,679,3.0
227702,5113,4.0
227702,5625,3.0
227702,4304,3.0
227702,4364,3.0
227702,1891,4.0
227740,3732,5.0
227740,2199,5.0
227740,4488,5.0
227740,3214,5.0
227740,2359,5.0
227740,3084,5.0
227740,1841,5.0
227740,4393,5.0
227740,5658,5.0
227874,1696,4.0
227874,1178,5.0
227874,522,4.0
227874,45,2.0
227916,904,4.0
227916,3143,5.0
227916,5111,5.0
227916,5068,5.0
227986,4254,1.0
227986,844,3.0
227986,2085,5.0
227986,3663,3.0
227986,781,3.0
227986,5341,4.0
227989,214,4.0
227989,2610,4.0
227989,45,3.0
227989,3732,4.0
228009,812,5.0
228009,812,5.0
228009,812,5.0
228009,812,5.0
228010,44,5.0
228010,2884,4.0
228010,3523,4.0
228010,2770,2.0
228010,2463,5.0
228010,1870,4.0
228010,5585,4.0
228010,3939,4.0
228010,4143,3.0
228010,1870,3.0
228010,2245,3.0
228010,5835,5.0
228010,3523,5.0
228029,45,3.0
228029,3209,3.0
228029,701,4.0
228029,4198,3.0
228029,3420,2.0
228029,907,5.0
228029,2907,4.0
228029,404,4.0
228029,569,5.0
228029,5797,2.0
228211,798,5.0
228211,522,5.0
228211,34,5.0
228211,3165,5.0
228211,473,5.0
228211,798,5.0
228211,3806,5.0
228211,1442,5.0
228211,4683,5.0
228221,2610,3.0
228221,453,5.0
228221,3931,4.0
228221,774,4.0
228226,1152,4.0
228226,3557,1.0
228226,723,3.0
228226,678,4.0
228240,3178,3.0
228240,1744,4.0
228240,501,5.0
228240,2178,5.0
228296,3732,5.0
228296,3193,4.0
228296,1172,5.0
228296,3801,5.0
228296,4671,4.0
228296,3417,5.0
228296,2204,3.0
228296,3453,5.0
228296,3614,3.0
228296,4884,4.0
228296,2323,3.0
228296,4884,4.0
228296,5568,5.0
228296,1411,5.0
228296,2199,5.0
228296,5658,2.0
228296,2662,4.0
228296,2359,4.0
228398,144,4.0
228398,5292,4.0
228398,1413,3.0
228398,5250,2.0
228446,1631,5.0
228446,4802,5.0
228446,3991,5.0
228446,2078,4.0
228605,5728,4.0
228605,5292,2.0
228605,5214,2.0
228605,774,5.0
228605,4235,5.0
228605,3143,4.0
228605,1613,5.0
228659,4293,1.0
228659,4997,5.0
228659,2942,4.0
228659,4359,3.0
228659,4020,3.0
228659,452,3.0
228723,3143,5.0
228723,2085,4.0
228723,904,5.0
228723,4673,2.0
228723,5360,5.0
228723,2085,5.0
228798,5278,4.0
228798,3732,4.0
228798,2178,3.0
228798,522,2.0
228798,5658,3.0
228798,5484,3.0
228798,1498,1.0
228798,1066,3.0
228798,2640,4.0
228798,3365,4.0
228798,1442,4.0
228874,3209,5.0
228874,5106,4.0
228874,4618,5.0
228874,1487,5.0
228897,2078,4.0
228897,2468,4.0
228897,1133,3.0
228897,5702,3.0
228897,4884,4.0
228897,3417,4.0
228897,2013,4.0
228897,3732,4.0
228897,1917,3.0
228897,5431,3.0
228972,1093,4.0
228972,5747,4.0
228972,5044,4.0
228972,3081,4.0
228972,989,5.0
229026,2403,4.0
229026,2355,5.0
229026,1882,4.0
229026,1966,4.0
229026,1462,5.0
229031,2463,5.0
229031,2245,1.0
229031,5585,5.0
229031,5450,5.0
229031,2463,5.0
229031,44,5.0
229031,4550,5.0
229031,2463,5.0
229165,2524,3.0
229165,5507,4.0
229165,2078,2.0
229165,4634,2.0
229165,473,5.0
229165,24,5.0
229166,1442,4.0
229166,1164,4.0
229166,774,5.0
229166,513,5.0
229436,4183,5.0
229436,4235,1.0
229436,4184,4.0
229436,1442,3.0
229436,2763,3.0
229436,104,3.0
229436,522,3.0
229514,5833,4.0
229514,5583,5.0
229514,5833,4.0
229514,5113,3.0
229533,2557,4.0
229533,3101,5.0
229533,522,5.0
229533,1752,4.0
229533,522,4.0
229533,2344,5.0
229533,2374,3.0
229607,1312,5.0
229607,4430,2.0
229607,4020,4.0
229607,24,4.0
229607,2888,4.0
229609,1990,4.0
229609,5169,5.0
229609,4235,5.0
229609,4927,5.0
229655,4896,4.0
229655,2610,4.0
229655,679,4.0
229655,1440,5.0
229655,5284,3.0
229655,3840,4.0
229655,5797,4.0
229655,4333,4.0
229655,2248,4.0
229655,2992,3.0
229655,4357,2.0
229746,1312,5.0
229746,5292,4.0
229746,1442,4.0
229746,1884,4.0
229746,473,5.0
229746,4845,5.0
229746,1475,4.0
229863,748,5.0
229863,4075,4.0
229863,5690,3.0
229863,3732,4.0
229863,5454,4.0
229925,299,1.0
229925,2643,5.0
229925,1489,1.0
229925,4251,1.0
229925,1093,1.0
229978,369,5.0
229978,1461,4.0
229978,2617,4.0
229978,1164,4.0
229978,2373,5.0
229978,774,5.0
229978,3214,5.0
229978,5658,4.0
229978,2045,5.0
229978,1152,4.0
230001,24,5.0
230001,2083,2.0
230001,2083,3.0
230001,3398,3.0
230017,3335,2.0
230017,5577,3.0
230017,880,2.0
230017,4194,3.0
230017,4088,4.0
230017,4543,4.0
230017,5685,4.0
230017,1713,2.0
230017,4755,4.0
230017,2557,4.0
230017,5259,4.0
230017,522,3.0
230017,1031,3.0
230017,5849,4.0
230017,5582,4.0
230017,4073,3.0
230034,3113,5.0
230034,1860,4.0
230034,3209,5.0
230034,2248,5.0
230050,1093,4.0
230050,1442,4.0
230050,4911,5.0
230050,25,4.0
230050,45,2.0
230050,2118,4.0
230050,4088,4.0
230335,4464,5.0
230335,1819,5.0
230335,2622,5.0
230335,25,5.0
230478,3822,4.0
230478,3999,3.0
230478,5268,4.0
230478,975,1.0
230478,3633,4.0
230478,4241,3.0
230481,5746,4.0
230481,4665,4.0
230481,4665,4.0
230481,1831,5.0
230488,2660,4.0
230488,4229,4.0
230488,1442,3.0
230488,1186,5.0
230488,250,5.0
230488,1600,5.0
230488,1255,5.0
230488,1858,5.0
230488,1858,5.0
230488,25,5.0
230488,678,4.0
230488,3650,4.0
230488,2618,3.0
230569,4989,4.0
230569,453,4.0
230569,45,2.0
230569,4097,2.0
230569,2290,5.0
230569,2290,5.0
230569,3732,4.0
230569,522,5.0
230569,880,4.0
230620,5169,5.0
230620,3205,3.0
230620,1940,4.0
230620,1442,3.0
230620,1310,4.0
230620,239,3.0
230620,5169,5.0
230620,4872,4.0
230620,3136,3.0
230696,45,3.0
230696,4364,4.0
230696,45,3.0
230696,880,2.0
230891,880,2.0
230891,3572,4.0
230891,3086,4.0
230891,552,3.0
230891,4326,3.0
230891,3967,3.0
231033,1819,5.0
231033,5112,4.0
231033,45,2.0
231033,774,5.0
231168,483,3.0
231168,339,4.0
231168,4493,4.0
231168,3208,5.0
231168,5783,5.0
231257,45,2.0
231257,2557,3.0
231257,880,3.0
231257,4097,2.0
231257,904,5.0
231336,4720,2.0
231336,4889,3.0
231336,1442,3.0
231336,1151,3.0
231336,5459,4.0
231336,2738,4.0
231336,5459,4.0
231336,45,3.0
231336,4097,2.0
231336,1590,4.0
231336,354,5.0
231336,512,4.0
231336,3580,3.0
231336,3646,4.0
231336,4634,4.0
231336,473,4.0
231421,904,4.0
231421,2109,4.0
231421,4088,4.0
231421,2468,5.0
231421,2775,5.0
231962,478,3.0
231962,1886,5.0
231962,2480,4.0
231962,3178,5.0
231962,1331,1.0
231962,447,3.0
231962,3209,4.0
231962,1860,2.0
231962,344,4.0
231962,4232,2.0
232017,2101,4.0
232017,4453,4.0
232017,2044,5.0
232017,4012,5.0
232017,2557,5.0
232227,4493,5.0
232227,412,5.0
232227,4639,5.0
232227,5747,5.0
232245,4097,1.0
232245,3736,5.0
232245,5379,5.0
232245,4880,5.0
232245,2092,5.0
232245,3974,5.0
232245,4717,5.0
232389,4783,4.0
232389,5360,4.0
232389,904,5.0
232389,2085,5.0
232391,774,4.0
232391,5630,4.0
232391,3398,5.0
232391,5176,3.0
232412,5135,5.0
232412,2109,4.0
232412,2824,5.0
232412,5259,5.0
232431,2884,4.0
232431,5037,1.0
232431,2463,5.0
232431,44,3.0
232431,2536,1.0
232431,44,4.0
232431,5585,4.0
232481,1679,3.0
232481,3165,3.0
232481,3089,4.0
232481,596,3.0
232495,1787,5.0
232495,1787,5.0
232495,3055,3.0
232495,1787,2.0
232534,1841,4.0
232534,5431,4.0
232534,3732,4.0
232534,5484,5.0
232580,4652,4.0
232580,112,2.0
232580,3285,4.0
232580,4806,4.0
232580,5725,4.0
232580,2081,4.0
232580,2488,4.0
232580,4934,4.0
232580,966,4.0
232580,4385,4.0
232580,1707,4.0
232580,3055,4.0
232658,1841,4.0
232658,5278,5.0
232658,5278,1.0
232658,789,5.0
232668,4118,5.0
232668,2972,2.0
232668,3927,4.0
232668,4713,4.0
232668,4241,5.0
232883,1489,5.0
232883,1039,5.0
232883,5026,5.0
232883,4143,5.0
232900,3586,2.0
232900,5812,1.0
232900,1759,3.0
232900,4550,3.0
232900,5585,1.0
232951,4183,2.0
232951,2589,4.0
232951,4073,2.0
232951,1593,4.0
232959,2132,4.0
232959,1975,4.0
232959,1302,4.0
232959,1405,5.0
232959,3822,4.0
232959,1652,4.0
232959,226,5.0
232959,1676,4.0
232959,1405,5.0
232959,4184,4.0
232959,3822,4.0
233005,3033,4.0
233005,4587,4.0
233005,5108,3.0
233005,1693,3.0
233058,3209,3.0
233058,45,3.0
233058,31,5.0
233058,5267,5.0
233084,250,3.0
233084,5398,5.0
233084,5855,5.0
233084,3136,5.0
233084,25,4.0
233084,4779,5.0
233113,3136,4.0
233113,5781,4.0
233113,2613,5.0
233113,25,5.0
233113,1442,4.0
233113,977,4.0
233113,440,4.0
233146,5398,1.0
233146,4829,5.0
233146,5833,4.0
233146,3119,5.0
233146,774,3.0
233219,342,1.0
233219,5605,4.0
233219,5605,4.0
233219,5605,4.0
233341,4254,3.0
233341,1144,5.0
233341,2781,3.0
233341,880,5.0
233417,4550,3.0
233417,4409,5.0
233417,3647,1.0
233417,3622,5.0
233417,3455,5.0
233417,5585,5.0
233417,1652,5.0
233436,4550,4.0
233436,5585,4.0
233436,5037,3.0
233436,4550,4.0
233436,1870,3.0
233436,5585,4.0
233439,4543,4.0
233439,1442,3.0
233439,5260,4.0
233439,3165,4.0
233508,1442,4.0
233508,104,5.0
233508,4567,5.0
233508,774,5.0
233508,483,5.0
233508,104,5.0
233610,1687,3.0
233610,4896,4.0
233610,71,4.0
233610,3777,4.0
233610,2006,1.0
233640,2940,1.0
233640,522,3.0
233640,3732,2.0
233640,3616,5.0
233640,2403,5.0
233640,171,4.0
233640,1679,2.0
233640,5168,5.0
233700,4366,4.0
233700,522,4.0
233700,2135,3.0
233700,5174,3.0
233700,5174,2.0
233700,4123,4.0
233700,5255,2.0
233700,5255,3.0
233744,1841,3.0
233744,5278,5.0
233744,5658,5.0
233744,5215,5.0
233744,5484,5.0
233744,1411,5.0
233744,1631,3.0
233744,3732,5.0
233780,3136,3.0
233780,1442,3.0
233780,5605,3.0
233780,5130,4.0
233780,4364,3.0
233780,5507,3.0
233780,4086,3.0
233780,3209,4.0
233780,469,5.0
233780,1924,4.0
233780,522,4.0
233780,2086,4.0
233780,4157,2.0
233780,3732,3.0
233780,900,5.0
233780,2041,4.0
233780,3084,3.0
233780,1666,3.0
233780,880,3.0
233780,2738,4.0
233824,819,4.0
233824,4802,3.0
233824,1164,5.0
233824,3064,4.0
233824,357,4.0
233824,4184,4.0
233824,3991,4.0
233824,5173,5.0
233824,900,5.0
233824,1631,4.0
233824,4488,5.0
233824,2426,3.0
233824,3504,5.0
233911,686,5.0
233911,4038,5.0
233911,774,5.0
233911,2613,4.0
233911,4088,5.0
233911,904,5.0
233911,4261,5.0
233911,1641,3.0
233911,5855,5.0
233911,1164,5.0
233920,3398,4.0
233920,3700,4.0
233920,5259,5.0
233920,32,3.0
233920,5083,5.0
233936,1011,5.0
233936,1756,4.0
233936,4088,2.0
233936,2085,5.0
233936,5111,4.0
233936,3117,3.0
233936,4194,5.0
233936,497,4.0
233936,1277,4.0
234089,3732,4.0
234089,4624,3.0
234089,4232,2.0
234089,1164,4.0
234089,1442,4.0
234089,4074,4.0
234089,3123,1.0
234089,1442,3.0
234360,1302,4.0
234360,122,5.0
234360,1820,5.0
234360,1164,5.0
234360,774,4.0
234466,2344,4.0
234466,2877,4.0
234466,3703,4.0
234466,1442,4.0
234506,5111,5.0
234506,3412,4.0
234506,2937,5.0
234506,522,4.0
234630,5135,3.0
234630,5670,5.0
234630,3143,5.0
234630,5360,5.0
234630,2651,1.0
234633,3732,5.0
234633,2344,1.0
234633,185,1.0
234633,2988,4.0
234669,2513,4.0
234669,457,5.0
234669,2963,5.0
234669,3237,5.0
234669,4825,5.0
234713,2463,2.0
234713,44,3.0
234713,3586,3.0
234713,5037,3.0
234875,4717,4.0
234875,5169,5.0
234875,5725,3.0
234875,2822,5.0
234875,4873,5.0
234875,4385,4.0
234940,3647,3.0
234940,5585,5.0
234940,764,4.0
234940,1870,4.0
235076,2083,5.0
235076,3137,5.0
235076,522,3.0
235076,3398,4.0
235076,3101,4.0
235076,4359,4.0
235076,3209,4.0
235076,1442,3.0
235076,1961,5.0
235076,5390,4.0
235076,3480,4.0
235076,12,3.0
235087,4435,3.0
235087,904,4.0
235087,3913,2.0
235087,4088,3.0
235225,5819,5.0
235225,5450,4.0
235225,3939,4.0
235225,5037,4.0
235225,5819,4.0
235225,4550,4.0
235225,1870,4.0
235234,891,5.0
235234,5415,4.0
235234,2109,4.0
235234,1199,4.0
235270,3356,1.0
235270,5183,1.0
235270,3356,1.0
235270,5577,1.0
235277,5571,3.0
235277,5571,1.0
235277,904,5.0
235277,3143,5.0
235427,5249,2.0
235427,2122,3.0
235427,522,4.0
235427,3993,2.0
235427,214,4.0
235427,4143,3.0
235427,2407,3.0
235427,2690,3.0
235584,4143,5.0
235584,3523,5.0
235584,3607,5.0
235584,5160,5.0
235680,3922,3.0
235680,4698,1.0
235680,2419,1.0
235680,3732,1.0
235680,3732,1.0
235680,3732,1.0
235680,5833,4.0
235680,3732,1.0
235680,3732,1.0
235701,3077,5.0
235701,3077,5.0
235701,3077,5.0
235701,3077,5.0
235779,2407,5.0
235779,755,1.0
235779,4088,4.0
235779,904,5.0
235779,5111,1.0
235779,2581,1.0
235820,522,4.0
235820,1162,4.0
235820,934,3.0
235820,2109,2.0
235820,2109,2.0
235820,2877,5.0
235820,1914,5.0
235832,1819,4.0
235832,5398,5.0
235832,1820,5.0
235832,5605,4.0
235836,2957,1.0
235836,2957,1.0
235836,2957,1.0
235836,2957,1.0
235856,3653,2.0
235856,2933,4.0
235856,5605,4.0
235856,3999,3.0
235886,3732,4.0
235886,4802,3.0
235886,354,4.0
235886,5214,4.0
235916,2718,4.0
235916,3800,3.0
235916,45,3.0
235916,880,3.0
235930,5585,4.0
235930,5697,5.0
235930,1189,1.0
235930,2245,2.0
235959,3101,3.0
235959,4359,4.0
235959,473,5.0
235959,24,5.0
235983,907,5.0
235983,5585,2.0
235983,1783,3.0
235983,45,2.0
236038,5649,4.0
236038,5183,1.0
236038,5753,4.0
236038,714,2.0
236093,2101,4.0
236093,2557,5.0
236093,2513,4.0
236093,45,4.0
236093,1783,5.0
236093,4576,3.0
236093,1729,5.0
236093,2101,5.0
236093,4464,4.0
236093,1442,5.0
236093,5707,5.0
236093,5061,5.0
236093,5260,5.0
236099,4143,5.0
236099,45,5.0
236099,361,5.0
236099,880,3.0
236126,2440,3.0
236126,5278,5.0
236126,3193,1.0
236126,3885,1.0
236147,4550,2.0
236147,4550,3.0
236147,2463,3.0
236147,3647,4.0
236147,4550,4.0
236174,2781,3.0
236174,5111,5.0
236174,566,5.0
236174,1195,4.0
236322,2463,5.0
236322,5450,2.0
236322,4241,5.0
236322,5819,3.0
236322,2463,5.0
236322,4241,5.0
236398,4463,4.0
236398,1436,3.0
236398,4729,5.0
236398,3081,4.0
236528,2290,5.0
236528,45,3.0
236528,457,3.0
236528,2513,4.0
236768,1356,4.0
236768,904,5.0
236768,3143,5.0
236768,1840,3.0
236768,5201,3.0
236768,4294,3.0
236823,3700,3.0
236823,891,4.0
236823,1436,5.0
236823,891,5.0
236823,5058,5.0
236824,1820,4.0
236824,2325,4.0
236824,5605,2.0
236824,1442,3.0
236824,3165,3.0
236824,4739,3.0
236889,2037,3.0
236889,4167,3.0
236889,2013,2.0
236889,880,3.0
236889,3417,1.0
236892,210,5.0
236892,1924,5.0
236892,2083,4.0
236892,522,4.0
236892,2424,4.0
236892,1613,4.0
236951,1144,5.0
236951,5571,4.0
236951,5111,5.0
236951,3143,4.0
237020,129,4.0
237020,342,2.0
237020,3303,5.0
237020,1976,3.0
237054,4184,3.0
237054,5081,4.0
237054,1820,4.0
237054,1775,5.0
237075,904,5.0
237075,1356,5.0
237075,4254,5.0
237075,4254,5.0
237075,4427,2.0
237170,2463,4.0
237170,1870,4.0
237170,4550,4.0
237170,44,4.0
237189,1020,5.0
237189,2463,1.0
237189,2463,1.0
237189,4550,4.0
237191,880,3.0
237191,2612,3.0
237191,4088,4.0
237191,558,3.0
237289,339,2.0
237289,44,3.0
237289,4590,5.0
237289,4550,4.0
237289,272,5.0
237290,4717,5.0
237290,5605,3.0
237290,4146,5.0
237290,144,4.0
237360,1983,5.0
237360,522,3.0
237360,5494,5.0
237360,24,5.0
237360,2313,5.0
237360,5454,5.0
237360,4140,5.0
237360,3732,5.0
237464,3927,5.0
237464,3474,3.0
237464,1442,3.0
237464,61,3.0
237464,2344,3.0
237464,4634,3.0
237464,522,3.0
237477,5169,4.0
237477,2942,2.0
237477,4717,4.0
237477,1108,4.0
237477,522,3.0
237477,5083,5.0
237477,3843,4.0
237477,4359,5.0
237477,4150,4.0
237583,1531,5.0
237583,473,5.0
237583,24,5.0
237583,522,5.0
237583,5443,3.0
237583,2775,5.0
237583,5571,4.0
237583,5586,5.0
237595,4739,2.0
237595,774,4.0
237595,1404,4.0
237595,3136,4.0
237595,1940,3.0
237656,5819,5.0
237656,5585,1.0
237656,2463,1.0
237656,5585,1.0
237656,44,5.0
237656,3455,1.0
237656,5585,1.0
237701,3647,3.0
237701,1189,4.0
237701,3586,5.0
237701,5585,4.0
237701,1870,5.0
237701,4550,5.0
237701,2463,4.0
237701,5819,5.0
237701,5450,5.0
237800,3169,4.0
237800,4184,3.0
237800,3169,4.0
237800,3169,4.0
237800,1600,3.0
237800,25,5.0
237800,1404,5.0
237800,3949,4.0
237800,3732,4.0
237898,5398,4.0
237898,1958,4.0
237898,490,4.0
237898,4143,4.0
237914,4514,4.0
237914,2187,4.0
237914,5552,3.0
237914,393,1.0
237914,5757,5.0
238038,45,4.0
238038,4355,5.0
238038,1798,4.0
238038,4912,5.0
238071,4591,5.0
238071,4591,3.0
238071,1637,4.0
238071,4717,5.0
238194,45,2.0
238194,4198,4.0
238194,5062,5.0
238194,163,4.0
238194,3209,4.0
238194,3113,4.0
238230,5169,5.0
238230,907,3.0
238230,4717,3.0
238230,3974,5.0
238252,5360,5.0
238252,3825,4.0
238252,725,3.0
238252,4673,2.0
238252,904,3.0
238252,4749,4.0
238252,3560,2.0
238252,5571,2.0
238297,3957,4.0
238297,3143,4.0
238297,5201,4.0
238297,1144,3.0
238461,3136,5.0
238461,5605,4.0
238461,1820,5.0
238461,1442,4.0
238461,1385,3.0
238596,3279,2.0
238596,3822,3.0
238596,144,2.0
238596,4911,5.0
238596,104,2.0
238596,522,4.0
238770,3653,5.0
238770,1629,5.0
238770,1940,2.0
238770,104,3.0
238770,25,5.0
238770,774,4.0
238798,1886,4.0
238798,2707,3.0
238798,45,2.0
238798,2835,5.0
238798,1637,5.0
238798,1820,5.0
238798,45,2.0
238798,104,4.0
238798,5292,2.0
238798,681,4.0
238798,3330,4.0
238798,5390,4.0
238798,683,3.0
238798,721,2.0
238798,3602,4.0
238798,4057,3.0
239034,1093,4.0
239034,2046,2.0
239034,104,2.0
239034,1442,4.0
239034,2054,4.0
239128,5812,5.0
239128,490,5.0
239128,490,5.0
239128,5471,5.0
239158,45,2.0
239158,2169,5.0
239158,115,4.0
239158,4825,4.0
239158,4523,3.0
239158,4304,2.0
239158,4990,4.0
239203,324,5.0
239203,5607,5.0
239203,170,5.0
239203,1093,4.0
239253,1701,1.0
239253,1152,1.0
239253,1152,1.0
239253,3193,1.0
239293,3622,4.0
239293,1410,5.0
239293,5585,1.0
239293,2463,4.0
239306,4453,4.0
239306,4534,4.0
239306,5259,4.0
239306,4122,4.0
239306,604,4.0
239308,837,5.0
239308,2557,4.0
239308,4097,2.0
239308,45,3.0
239335,1629,3.0
239335,1629,2.0
239335,4184,5.0
239335,3277,5.0
239335,1975,5.0
239335,24,5.0
239335,2344,5.0
239335,5176,5.0
239335,5390,3.0
239422,3777,5.0
239422,3209,5.0
239422,757,4.0
239422,1693,5.0
239422,4514,5.0
239422,1631,5.0
239422,45,3.0
239422,5267,5.0
239422,27,4.0
239422,4241,4.0
239422,1798,5.0
239422,904,5.0
239422,2085,5.0
239422,3143,5.0
239422,978,5.0
239422,2656,5.0
239554,45,4.0
239554,4088,5.0
239554,904,4.0
239554,880,5.0
239572,522,3.0
239572,714,4.0
239572,3966,2.0
239572,3213,3.0
239572,45,2.0
239572,4201,1.0
239572,522,3.0
239572,3957,4.0
239572,5259,5.0
239613,507,5.0
239613,507,5.0
239613,507,5.0
239613,507,4.0
239692,3033,4.0
239692,3732,2.0
239692,45,1.0
239692,1442,1.0
239761,2463,5.0
239761,1189,3.0
239761,3586,3.0
239761,5450,3.0
239800,774,4.0
239800,5374,4.0
239800,5521,3.0
239800,1442,2.0
239800,5605,4.0
239857,5431,3.0
239857,2323,4.0
239857,774,5.0
239857,2045,3.0
239909,3703,5.0
239909,4717,4.0
239909,1441,3.0
239909,3488,4.0
239916,5275,4.0
239916,4304,4.0
239916,2360,5.0
239916,1093,5.0
239935,5700,3.0
239935,4198,2.0
239935,5113,3.0
239935,2697,4.0
239935,1093,4.0
239935,2697,4.0
239935,339,4.0
240089,1189,2.0
240089,5585,4.0
240089,5037,3.0
240089,3647,4.0
240116,5585,3.0
240116,3523,5.0
240116,44,4.0
240116,614,3.0
240127,4073,3.0
240127,3999,3.0
240127,1442,3.0
240127,5379,5.0
240127,3474,5.0
240127,4646,5.0
240137,798,3.0
240137,1444,5.0
240137,1960,3.0
240137,2344,5.0
240209,5484,5.0
240209,1164,4.0
240209,51,5.0
240209,5285,4.0
240420,1189,1.0
240420,3647,4.0
240420,5037,1.0
240420,2463,5.0
240559,4194,1.0
240559,4463,1.0
240559,144,1.0
240559,871,1.0
240676,1643,5.0
240676,1710,5.0
240676,1710,5.0
240676,2557,4.0
240676,2307,5.0
240676,604,5.0
240705,1891,3.0
240705,4220,4.0
240705,361,5.0
240705,2417,5.0
240740,5267,5.0
240740,5267,5.0
240740,499,5.0
240740,5267,5.0
240878,1010,4.0
240878,1343,5.0
240878,5690,4.0
240878,3680,5.0
240878,3732,4.0
240956,4671,2.0
240956,1172,5.0
240956,3643,5.0
240956,3614,5.0
241032,3586,4.0
241032,3165,2.0
241032,104,2.0
241032,5352,4.0
241032,1976,5.0
241032,2688,3.0
241111,4693,4.0
241111,4693,4.0
241111,4693,5.0
241111,4693,4.0
241249,5423,4.0
241249,857,4.0
241249,5176,5.0
241249,1444,4.0
241275,774,5.0
241275,61,4.0
241275,5605,4.0
241275,3330,4.0
241490,1298,4.0
241490,5360,5.0
241490,3438,5.0
241490,3136,4.0
241490,25,4.0
241490,1298,5.0
241490,2781,3.0
241490,2085,5.0
241490,3620,4.0
241490,3620,4.0
241490,1804,3.0
241490,4229,4.0
241557,832,3.0
241557,3241,3.0
241557,2229,5.0
241557,5559,3.0
241585,2942,5.0
241585,104,4.0
241585,5605,4.0
241585,1940,3.0
241617,3663,4.0
241617,734,5.0
241617,2045,4.0
241617,4464,4.0
241617,4012,5.0
241617,558,4.0
241786,3517,3.0
241786,4805,4.0
241786,2707,3.0
241786,2707,3.0
241786,4201,4.0
241798,104,4.0
241798,774,5.0
241798,5083,2.0
241798,2344,4.0
241798,1348,3.0
241798,34,4.0
241798,648,2.0
241810,2138,4.0
241810,104,4.0
241810,1404,5.0
241810,2284,4.0
241810,3703,3.0
241810,1819,5.0
241810,5061,4.0
241810,2085,5.0
241919,2071,5.0
241919,3840,1.0
241919,3840,1.0
241919,1687,1.0
241919,2071,1.0
241919,2071,1.0
241987,3474,4.0
241987,4157,3.0
241987,3050,4.0
241987,3843,5.0
241992,4359,4.0
241992,5745,5.0
241992,5176,4.0
241992,190,4.0
242022,1260,1.0
242022,5493,1.0
242022,2015,5.0
242022,5059,5.0
242172,2257,4.0
242172,5488,4.0
242172,339,3.0
242172,4353,4.0
242179,5062,5.0
242179,3209,3.0
242179,45,2.0
242179,2071,3.0
242205,456,5.0
242205,138,5.0
242205,4464,1.0
242205,5135,5.0
242205,3916,4.0
242205,1671,4.0
242205,1174,4.0
242205,2294,4.0
242269,4251,4.0
242269,1683,5.0
242269,958,4.0
242269,1436,5.0
242269,4326,4.0
242269,989,4.0
242269,5044,4.0
242269,2208,4.0
242337,3455,3.0
242337,3067,1.0
242337,2463,5.0
242337,5585,4.0
242358,880,2.0
242358,5068,5.0
242358,2612,4.0
242358,558,2.0
242358,1358,2.0
242383,5493,3.0
242383,2508,2.0
242383,2937,3.0
242383,3279,3.0
242383,2581,1.0
242383,1164,5.0
242480,522,3.0
242480,1363,3.0
242480,3101,3.0
242480,1464,4.0
242480,5176,2.0
242525,1442,4.0
242525,522,4.0
242525,24,4.0
242525,1304,3.0
242525,4543,5.0
242525,4345,4.0
242532,5111,5.0
242532,4226,4.0
242532,1011,4.0
242532,1613,4.0
242547,4088,4.0
242547,3732,4.0
242547,4927,5.0
242547,71,5.0
242608,5585,3.0
242608,5450,2.0
242608,3590,4.0
242608,4567,4.0
242608,3136,4.0
242653,2013,3.0
242653,5548,3.0
242653,3945,3.0
242653,3732,5.0
242723,3586,3.0
242723,3647,1.0
242723,1870,3.0
242723,5585,5.0
242806,4292,1.0
242806,1442,1.0
242806,1819,4.0
242806,4463,1.0
242881,44,2.0
242881,5585,1.0
242881,5585,1.0
242881,44,5.0
242927,781,4.0
242927,5843,4.0
242927,575,4.0
242927,4989,3.0
242964,4220,4.0
242964,4220,4.0
242964,1687,5.0
242964,45,1.0
242991,2851,5.0
242991,1940,4.0
242991,4212,4.0
242991,250,4.0
242991,342,3.0
242991,2926,4.0
243089,1889,1.0
243089,3780,5.0
243089,3137,5.0
243089,2344,1.0
243103,5259,5.0
243103,5855,4.0
243103,5746,3.0
243103,4183,3.0
243103,104,3.0
243132,3523,5.0
243132,44,5.0
243132,2463,5.0
243132,44,5.0
243132,5585,5.0
243164,2085,5.0
243164,4088,3.0
243164,3531,5.0
243164,2781,5.0
243164,880,3.0
243164,1319,4.0
243164,3143,5.0
243285,709,5.0
243285,5292,3.0
243285,1631,3.0
243285,1841,4.0
243319,880,2.0
243319,4251,3.0
243319,2360,5.0
243319,5037,3.0
243319,5499,5.0
243319,4610,4.0
243366,25,5.0
243366,5168,5.0
243366,381,4.0
243366,3730,3.0
243370,1108,5.0
243370,3732,4.0
243370,2041,1.0
243370,5215,4.0
243370,4488,5.0
243370,522,5.0
243370,2344,4.0
243370,3614,5.0
243370,2837,4.0
243370,4771,2.0
243370,4184,5.0
243504,5647,2.0
243504,45,1.0
243504,4683,4.0
243504,361,4.0
243518,975,5.0
243518,341,5.0
243518,5450,4.0
243518,2886,5.0
243579,3580,3.0
243579,3611,5.0
243579,4005,5.0
243579,4715,4.0
243579,5019,2.0
243579,3133,3.0
243579,2468,4.0
243579,2557,3.0
243601,4464,5.0
243601,604,5.0
243601,4122,5.0
243601,1729,5.0
243601,4464,5.0
243601,4809,4.0
243601,4464,5.0
243601,2044,4.0
243765,880,3.0
243765,5111,4.0
243765,1756,2.0
243765,4088,3.0
243792,1730,5.0
243792,5605,4.0
243792,1442,2.0
243792,5746,2.0
243792,3123,3.0
243936,1631,4.0
243936,2383,5.0
243936,4800,2.0
243936,1330,4.0
244052,811,4.0
244052,3274,5.0
244052,1940,2.0
244052,1395,5.0
244073,2888,1.0
244073,4364,1.0
244073,45,1.0
244073,4118,5.0
244095,2400,4.0
244095,792,4.0
244095,3732,4.0
244095,3213,3.0
244095,3700,1.0
244095,4097,3.0
244095,522,3.0
244095,4833,4.0
244095,2187,5.0
244095,4304,2.0
244095,3603,3.0
244095,4830,3.0
244095,1782,3.0
244095,5342,3.0
244329,4031,5.0
244329,3143,4.0
244329,4088,5.0
244329,904,4.0
244384,1055,3.0
244384,4254,4.0
244384,4314,5.0
244384,880,4.0
244384,3356,1.0
244384,3643,5.0
244384,3143,5.0
244384,3705,5.0
244384,3732,4.0
244384,4618,4.0
244384,3517,1.0
244393,5284,1.0
244393,1217,5.0
244393,1217,4.0
244393,1217,4.0
244393,1217,5.0
244393,1843,4.0
244556,5110,4.0
244556,4717,4.0
244556,5855,3.0
244556,1819,2.0
244589,3600,5.0
244589,54,2.0
244589,5484,4.0
244589,2359,4.0
244590,246,5.0
244590,2081,2.0
244590,1787,4.0
244590,4806,4.0
244786,45,1.0
244786,3123,3.0
244786,3850,2.0
244786,1442,2.0
244786,4669,4.0
244786,4845,5.0
244786,24,5.0
244786,473,5.0
244868,2463,5.0
244868,3523,5.0
244868,5585,5.0
244868,5585,5.0
244868,5585,5.0
244868,4143,5.0
244951,678,5.0
244951,4429,2.0
244951,5604,5.0
244951,2187,5.0
244982,3801,4.0
244982,5379,4.0
244982,4656,2.0
244982,1593,5.0
245011,3703,5.0
245011,774,4.0
245011,2872,5.0
245011,2872,5.0
245011,104,5.0
245011,3653,4.0
245038,5037,4.0
245038,1870,4.0
245038,4550,3.0
245038,3586,3.0
245038,25,5.0
245038,4184,5.0
245038,3653,4.0
245038,104,4.0
245038,5746,3.0
245038,5833,5.0
245153,1631,5.0
245153,3069,1.0
245153,1762,1.0
245153,3069,1.0
245167,2463,5.0
245167,3647,1.0
245167,4143,5.0
245167,5259,4.0
245167,2557,5.0
245196,3055,3.0
245196,3583,4.0
245196,3716,5.0
245196,3583,4.0
