usuario,hotel_recomendado,hotel_historico,num_propiedades_compartidas,ratio_propiedades_compartidas,cobertura_tipos_propiedades,precision_at_5,recall_at_5,f1_at_5,ndcg_at_5,mrr,hit_rate,map,diversidad_tipos_shannon,novedad_threshold_2,serendipia,consistencia_tipos,peso_ponderado_perfil,jaccard_similarity,balance_tipos_gini,riqueza_explicativa
276,1093,1442,5,0.29411764705882354,3,1.0,0.0364963503649635,0.0704225352112676,0.7524475452914031,1.0,1.0,1.0,1.3709505944546687,0.2,0.0,1.0,0.7317073170731707,0.0364963503649635,0.7333333333333332,0.5477225575051661
276,1093,4326,4,0.2222222222222222,4,1.0,0.029197080291970802,0.05673758865248227,0.5990415655342963,1.0,1.0,1.0,2.0,0.5,0.0,1.0,0.5,0.029197080291970802,1.0,0.565685424949238
276,1093,3143,4,0.16666666666666666,2,1.0,0.029197080291970802,0.05673758865248227,0.7732760880133429,1.0,1.0,1.0,0.8112781244591328,0.0,0.0,1.0,0.7058823529411765,0.029197080291970802,0.75,0.4
276,1093,104,6,0.18181818181818182,3,1.0,0.0364963503649635,0.0704225352112676,0.8473644560292102,1.0,1.0,1.0,1.4591479170272448,0.3333333333333333,0.0,1.0,0.5957446808510638,0.043795620437956206,0.7777777777777777,0.6
276,1093,1356,2,0.13333333333333333,2,1.0,0.014598540145985401,0.028776978417266185,0.892911205473213,1.0,1.0,1.0,1.0,0.0,0.0,1.0,0.8421052631578947,0.014598540145985401,1.0,0.282842712474619
276,1093,3438,2,0.125,2,1.0,0.014598540145985401,0.028776978417266185,0.9231984112820403,1.0,1.0,1.0,1.0,0.0,0.0,1.0,0.8947368421052632,0.014598540145985401,1.0,0.282842712474619
276,1093,558,1,0.08333333333333333,1,1.0,0.0072992700729927005,0.014492753623188404,1.0,1.0,1.0,1.0,0.0,0.0,0.0,1.0,0.7,0.0072992700729927005,1.0,0.1414213562373095
276,1093,5360,3,0.09090909090909091,2,1.0,0.021897810218978103,0.04285714285714286,0.7801025237741752,1.0,1.0,1.0,0.9182958340544896,0.0,0.0,1.0,0.7407407407407407,0.021897810218978103,0.8333333333333333,0.3464101615137754
276,1093,592,3,0.25,2,1.0,0.021897810218978103,0.04285714285714286,0.8958496943635434,1.0,1.0,1.0,0.9182958340544896,0.0,0.0,1.0,0.8148148148148148,0.021897810218978103,0.8333333333333333,0.3464101615137754
276,1093,4656,1,0.034482758620689655,1,1.0,0.0072992700729927005,0.014492753623188404,1.0,1.0,1.0,1.0,0.0,0.0,0.0,1.0,0.7,0.0072992700729927005,1.0,0.1414213562373095
276,1093,880,4,0.36363636363636365,3,1.0,0.029197080291970802,0.05673758865248227,0.7343788596303724,1.0,1.0,1.0,1.5,0.25,0.0,1.0,0.6764705882352942,0.029197080291970802,0.8333333333333333,0.4898979485566356
276,1093,4088,3,0.17647058823529413,3,1.0,0.021897810218978103,0.04285714285714286,0.6849970063690538,1.0,1.0,1.0,1.584962500721156,0.3333333333333333,0.0,1.0,0.6296296296296297,0.021897810218978103,1.0,0.4242640687119285
276,1144,1442,2,0.11764705882352941,2,1.0,0.014598540145985401,0.028776978417266185,0.7827682246473596,1.0,1.0,1.0,1.0,0.0,0.0,1.0,0.6842105263157895,0.014598540145985401,1.0,0.282842712474619
276,1144,4326,2,0.1111111111111111,2,1.0,0.014598540145985401,0.028776978417266185,0.9509457695419297,1.0,1.0,1.0,1.0,0.0,0.0,1.0,0.9473684210526315,0.014598540145985401,1.0,0.282842712474619
276,1144,3143,6,0.25,5,1.0,0.0364963503649635,0.0704225352112676,0.7738485317444822,1.0,1.0,1.0,2.2516291673878226,0.0,0.0,1.0,0.8085106382978723,0.043795620437956206,0.8666666666666667,0.7745966692414834
276,1144,104,7,0.21212121212121213,3,1.0,0.0364963503649635,0.0704225352112676,0.8303364816984715,1.0,1.0,1.0,1.3787834934861753,0.2857142857142857,0.0,1.0,0.5849056603773585,0.051094890510948905,0.7142857142857142,0.648074069840786
276,1144,1356,4,0.26666666666666666,4,1.0,0.029197080291970802,0.05673758865248227,0.7953167570195755,1.0,1.0,1.0,2.0,0.0,0.0,1.0,0.7941176470588235,0.029197080291970802,1.0,0.565685424949238
276,1144,3438,4,0.25,4,1.0,0.029197080291970802,0.05673758865248227,0.9426255834454044,1.0,1.0,1.0,2.0,0.0,0.0,1.0,0.9705882352941176,0.029197080291970802,1.0,0.565685424949238
276,1144,558,3,0.25,3,1.0,0.021897810218978103,0.04285714285714286,0.9783503981178884,1.0,1.0,1.0,1.584962500721156,0.0,0.0,1.0,0.8518518518518519,0.021897810218978103,1.0,0.4242640687119285
276,1144,5360,8,0.24242424242424243,6,1.0,0.0364963503649635,0.0704225352112676,0.76369942629085,1.0,1.0,1.0,2.5,0.125,0.0,1.0,0.7627118644067796,0.058394160583941604,0.8333333333333335,0.9797958971132712
276,1144,592,3,0.25,3,1.0,0.021897810218978103,0.04285714285714286,0.9491827771962146,1.0,1.0,1.0,1.584962500721156,0.0,0.0,1.0,1.0,0.021897810218978103,1.0,0.4242640687119285
276,1144,4656,4,0.13793103448275862,3,1.0,0.029197080291970802,0.05673758865248227,0.9685355877520633,1.0,1.0,1.0,1.5,0.0,0.0,1.0,0.7647058823529411,0.029197080291970802,0.8333333333333333,0.4898979485566356
276,1144,880,3,0.2727272727272727,3,1.0,0.021897810218978103,0.04285714285714286,0.9522019658715632,1.0,1.0,1.0,1.584962500721156,0.0,0.0,1.0,0.9259259259259259,0.021897810218978103,1.0,0.4242640687119285
276,1144,4088,4,0.23529411764705882,4,1.0,0.029197080291970802,0.05673758865248227,0.9405039693599757,1.0,1.0,1.0,2.0,0.0,0.0,1.0,0.8823529411764706,0.029197080291970802,1.0,0.565685424949238
276,1164,1442,2,0.11764705882352941,2,1.0,0.014598540145985401,0.028776978417266185,0.737826424707602,1.0,1.0,1.0,1.0,0.5,0.0,1.0,0.631578947368421,0.014598540145985401,1.0,0.282842712474619
276,1164,4326,4,0.2222222222222222,3,1.0,0.029197080291970802,0.05673758865248227,0.9236872522847516,1.0,1.0,1.0,1.5,0.0,0.0,1.0,0.8529411764705882,0.029197080291970802,0.8333333333333333,0.4898979485566356
276,1164,3143,8,0.3333333333333333,3,1.0,0.0364963503649635,0.0704225352112676,0.8679501565467167,1.0,1.0,1.0,1.4056390622295665,0.0,0.0,1.0,0.7966101694915254,0.058394160583941604,0.75,0.6928203230275508
276,1164,104,6,0.18181818181818182,5,1.0,0.0364963503649635,0.0704225352112676,0.9753269829063917,1.0,1.0,1.0,2.2516291673878226,0.3333333333333333,0.0,1.0,0.6808510638297872,0.043795620437956206,0.8666666666666667,0.7745966692414834
276,1164,1356,6,0.4,3,1.0,0.0364963503649635,0.0704225352112676,0.8841200348673631,1.0,1.0,1.0,1.4591479170272448,0.16666666666666666,0.0,1.0,0.6382978723404256,0.043795620437956206,0.7777777777777777,0.6
276,1164,3438,4,0.25,3,1.0,0.029197080291970802,0.05673758865248227,0.9236872522847516,1.0,1.0,1.0,1.5,0.0,0.0,1.0,0.8529411764705882,0.029197080291970802,0.8333333333333333,0.4898979485566356
276,1164,558,2,0.16666666666666666,2,1.0,0.014598540145985401,0.028776978417266185,1.0,1.0,1.0,1.0,1.0,0.0,0.0,1.0,0.7894736842105263,0.014598540145985401,1.0,0.282842712474619
276,1164,5360,8,0.24242424242424243,3,1.0,0.0364963503649635,0.0704225352112676,0.8679501565467167,1.0,1.0,1.0,1.4056390622295665,0.0,0.0,1.0,0.7966101694915254,0.058394160583941604,0.75,0.6928203230275508
276,1164,592,3,0.25,3,1.0,0.021897810218978103,0.04285714285714286,0.9390250151083238,1.0,1.0,1.0,1.584962500721156,0.0,0.0,1.0,0.9259259259259259,0.021897810218978103,1.0,0.4242640687119285
276,1164,4656,3,0.10344827586206896,2,1.0,0.021897810218978103,0.04285714285714286,1.0,1.0,1.0,1.0,0.9182958340544896,0.0,0.0,1.0,0.7777777777777778,0.021897810218978103,0.8333333333333333,0.3464101615137754
276,1164,880,1,0.09090909090909091,1,1.0,0.0072992700729927005,0.014492753623188404,1.0,1.0,1.0,1.0,0.0,0.0,0.0,1.0,1.0,0.0072992700729927005,1.0,0.1414213562373095
276,1164,4088,6,0.35294117647058826,4,1.0,0.0364963503649635,0.0704225352112676,0.7513863863283433,1.0,1.0,1.0,1.7924812503605778,0.3333333333333333,0.0,1.0,0.5957446808510638,0.043795620437956206,0.75,0.6928203230275508
276,1195,1442,2,0.11764705882352941,2,1.0,0.014598540145985401,0.028776978417266185,0.9231984112820403,1.0,1.0,1.0,1.0,0.0,0.0,1.0,0.8947368421052632,0.014598540145985401,1.0,0.282842712474619
276,1195,4326,3,0.16666666666666666,2,1.0,0.021897810218978103,0.04285714285714286,0.9106188852699119,1.0,1.0,1.0,0.9182958340544896,0.0,0.0,1.0,0.8148148148148148,0.021897810218978103,0.8333333333333333,0.3464101615137754
276,1195,3143,4,0.16666666666666666,3,1.0,0.029197080291970802,0.05673758865248227,0.8037140757287518,1.0,1.0,1.0,1.5,0.0,0.0,1.0,0.8823529411764706,0.029197080291970802,0.8333333333333333,0.4898979485566356
276,1195,104,7,0.21212121212121213,3,1.0,0.0364963503649635,0.0704225352112676,0.7035222266417206,1.0,1.0,1.0,1.3787834934861753,0.2857142857142857,0.0,1.0,0.6415094339622641,0.051094890510948905,0.7142857142857142,0.648074069840786
276,1195,1356,3,0.2,3,1.0,0.021897810218978103,0.04285714285714286,0.9043514123668492,1.0,1.0,1.0,1.584962500721156,0.3333333333333333,0.0,1.0,0.7407407407407407,0.021897810218978103,1.0,0.4242640687119285
276,1195,3438,5,0.3125,3,1.0,0.0364963503649635,0.0704225352112676,0.9037342262578657,1.0,1.0,1.0,1.3709505944546687,0.0,0.0,1.0,0.926829268292683,0.0364963503649635,0.7333333333333332,0.5477225575051661
276,1195,558,3,0.25,2,1.0,0.021897810218978103,0.04285714285714286,0.9789672859463812,1.0,1.0,1.0,0.9182958340544896,0.0,0.0,1.0,0.8888888888888888,0.021897810218978103,0.8333333333333333,0.3464101615137754
276,1195,5360,5,0.15151515151515152,3,1.0,0.0364963503649635,0.0704225352112676,0.8145794099678884,1.0,1.0,1.0,1.3709505944546687,0.0,0.0,1.0,0.9024390243902439,0.0364963503649635,0.7333333333333332,0.5477225575051661
276,1195,592,4,0.3333333333333333,3,1.0,0.029197080291970802,0.05673758865248227,0.946769276589362,1.0,1.0,1.0,1.5,0.0,0.0,1.0,1.0,0.029197080291970802,0.8333333333333333,0.4898979485566356
276,1195,4656,4,0.13793103448275862,2,1.0,0.029197080291970802,0.05673758865248227,0.9360830244241074,1.0,1.0,1.0,0.8112781244591328,0.0,0.0,1.0,0.8235294117647058,0.029197080291970802,0.75,0.4
276,1195,880,2,0.18181818181818182,2,1.0,0.014598540145985401,0.028776978417266185,0.9764599063144255,1.0,1.0,1.0,1.0,0.0,0.0,1.0,1.0,0.014598540145985401,1.0,0.282842712474619
276,1195,4088,3,0.17647058823529413,3,1.0,0.021897810218978103,0.04285714285714286,0.7218508034557801,1.0,1.0,1.0,1.584962500721156,0.3333333333333333,0.0,1.0,0.7407407407407407,0.021897810218978103,1.0,0.4242640687119285
276,1298,1442,5,0.29411764705882354,2,1.0,0.0364963503649635,0.0704225352112676,0.7712501838824785,1.0,1.0,1.0,0.7219280948873623,0.0,0.0,1.0,0.6829268292682927,0.0364963503649635,0.7,0.4472135954999579
276,1298,4326,6,0.3333333333333333,3,1.0,0.0364963503649635,0.0704225352112676,0.8541911381503423,1.0,1.0,1.0,1.4591479170272448,0.0,0.0,1.0,0.7872340425531915,0.043795620437956206,0.7777777777777777,0.6
276,1298,3143,10,0.4166666666666667,4,1.0,0.0364963503649635,0.0704225352112676,0.8163708243739003,1.0,1.0,1.0,1.5709505944546687,0.1,0.0,1.0,0.8260869565217391,0.072992700729927,0.6000000000000001,0.8944271909999159
276,1298,104,8,0.24242424242424243,3,1.0,0.0364963503649635,0.0704225352112676,0.6932302634959074,1.0,1.0,1.0,1.061278124459133,0.25,0.0,1.0,0.6779661016949152,0.058394160583941604,0.5833333333333333,0.6928203230275508
276,1298,1356,4,0.26666666666666666,3,1.0,0.029197080291970802,0.05673758865248227,0.7807728482236286,1.0,1.0,1.0,1.5,0.0,0.0,1.0,0.8235294117647058,0.029197080291970802,0.8333333333333333,0.4898979485566356
276,1298,3438,8,0.5,5,1.0,0.0364963503649635,0.0704225352112676,0.8346784559175093,1.0,1.0,1.0,2.1556390622295662,0.0,0.0,1.0,0.9152542372881356,0.058394160583941604,0.75,0.8944271909999159
276,1298,558,5,0.4166666666666667,4,1.0,0.0364963503649635,0.0704225352112676,0.9724283644481566,1.0,1.0,1.0,1.9219280948873623,0.0,0.0,1.0,0.9024390243902439,0.0364963503649635,0.8500000000000001,0.6324555320336759
276,1298,5360,16,0.48484848484848486,5,1.0,0.0364963503649635,0.0704225352112676,0.7441250997197867,1.0,1.0,1.0,1.6266144718101818,0.3125,0.0,1.0,0.8131868131868132,0.11678832116788321,0.5,1.0
276,1298,592,6,0.5,4,1.0,0.0364963503649635,0.0704225352112676,0.9719542376274171,1.0,1.0,1.0,1.7924812503605778,0.0,0.0,1.0,0.9787234042553191,0.043795620437956206,0.75,0.6928203230275508
276,1298,4656,16,0.5517241379310345,4,1.0,0.0364963503649635,0.0704225352112676,0.7274410401092095,1.0,1.0,1.0,1.186278124459133,0.4375,0.0,1.0,0.6813186813186813,0.11678832116788321,0.46875,1.0
276,1298,880,4,0.36363636363636365,4,1.0,0.029197080291970802,0.05673758865248227,0.9405039693599757,1.0,1.0,1.0,2.0,0.0,0.0,1.0,0.8823529411764706,0.029197080291970802,1.0,0.565685424949238
276,1298,4088,4,0.23529411764705882,4,1.0,0.029197080291970802,0.05673758865248227,0.8928958696144895,1.0,1.0,1.0,2.0,0.0,0.0,1.0,0.9117647058823529,0.029197080291970802,1.0,0.565685424949238
276,150,1442,2,0.11764705882352941,2,1.0,0.014598540145985401,0.028776978417266185,0.8597186998521972,1.0,1.0,1.0,1.0,0.0,0.0,1.0,0.7894736842105263,0.014598540145985401,1.0,0.282842712474619
276,150,4326,4,0.2222222222222222,3,1.0,0.029197080291970802,0.05673758865248227,0.8322788667576154,1.0,1.0,1.0,1.5,0.25,0.0,1.0,0.6764705882352942,0.029197080291970802,0.8333333333333333,0.4898979485566356
276,150,3143,6,0.25,4,1.0,0.0364963503649635,0.0704225352112676,0.8086875504808775,1.0,1.0,1.0,1.9182958340544893,0.0,0.0,1.0,0.8085106382978723,0.043795620437956206,0.8333333333333333,0.6928203230275508
276,150,104,1,0.030303030303030304,1,1.0,0.0072992700729927005,0.014492753623188404,1.0,1.0,1.0,1.0,0.0,0.0,0.0,1.0,1.0,0.0072992700729927005,1.0,0.1414213562373095
276,150,1356,4,0.26666666666666666,4,1.0,0.029197080291970802,0.05673758865248227,0.7748680477180825,1.0,1.0,1.0,2.0,0.0,0.0,1.0,0.7647058823529411,0.029197080291970802,1.0,0.565685424949238
276,150,3438,3,0.1875,3,1.0,0.021897810218978103,0.04285714285714286,0.9217868789962073,1.0,1.0,1.0,1.584962500721156,0.0,0.0,1.0,0.9629629629629629,0.021897810218978103,1.0,0.4242640687119285
276,150,558,2,0.16666666666666666,2,1.0,0.014598540145985401,0.028776978417266185,0.9449826677905079,1.0,1.0,1.0,1.0,0.0,0.0,1.0,0.8421052631578947,0.014598540145985401,1.0,0.282842712474619
276,150,5360,8,0.24242424242424243,4,1.0,0.0364963503649635,0.0704225352112676,0.7751270093370978,1.0,1.0,1.0,1.75,0.375,0.0,1.0,0.6610169491525424,0.058394160583941604,0.6875,0.8
276,150,592,5,0.4166666666666667,5,1.0,0.0364963503649635,0.0704225352112676,0.733860223838205,1.0,1.0,1.0,2.321928094887362,0.2,0.0,1.0,0.7804878048780488,0.0364963503649635,1.0,0.7071067811865475
276,150,4656,7,0.2413793103448276,3,1.0,0.0364963503649635,0.0704225352112676,0.745589734800396,1.0,1.0,1.0,1.3787834934861753,0.7142857142857143,0.0,1.0,0.4528301886792453,0.051094890510948905,0.7142857142857142,0.648074069840786
276,150,880,3,0.2727272727272727,3,1.0,0.021897810218978103,0.04285714285714286,0.9436847671609195,1.0,1.0,1.0,1.584962500721156,0.0,0.0,1.0,0.8888888888888888,0.021897810218978103,1.0,0.4242640687119285
276,150,4088,3,0.17647058823529413,3,1.0,0.021897810218978103,0.04285714285714286,0.8303010754742701,1.0,1.0,1.0,1.584962500721156,0.0,0.0,1.0,0.8518518518518519,0.021897810218978103,1.0,0.4242640687119285
276,1542,1442,3,0.17647058823529413,2,1.0,0.021897810218978103,0.04285714285714286,0.869152345385363,1.0,1.0,1.0,0.9182958340544896,0.0,0.0,1.0,0.7777777777777778,0.021897810218978103,0.8333333333333333,0.3464101615137754
276,1542,4326,3,0.16666666666666666,2,1.0,0.021897810218978103,0.04285714285714286,0.802040941630865,1.0,1.0,1.0,0.9182958340544896,0.0,0.0,1.0,0.7037037037037037,0.021897810218978103,0.8333333333333333,0.3464101615137754
276,1542,104,5,0.15151515151515152,3,1.0,0.0364963503649635,0.0704225352112676,0.856453715371598,1.0,1.0,1.0,1.3709505944546687,0.0,0.0,1.0,0.7560975609756098,0.0364963503649635,0.7333333333333332,0.5477225575051661
276,1542,3143,8,0.3333333333333333,4,1.0,0.0364963503649635,0.0704225352112676,0.8019671872370121,1.0,1.0,1.0,1.811278124459133,0.125,0.0,1.0,0.7796610169491526,0.058394160583941604,0.75,0.8
276,1542,1356,8,0.5333333333333333,5,1.0,0.0364963503649635,0.0704225352112676,0.7035125371321203,1.0,1.0,1.0,2.1556390622295662,0.25,0.0,1.0,0.7288135593220338,0.058394160583941604,0.75,0.8944271909999159
276,1542,3438,4,0.25,4,1.0,0.029197080291970802,0.05673758865248227,0.8325607441479614,1.0,1.0,1.0,2.0,0.0,0.0,1.0,0.8529411764705882,0.029197080291970802,1.0,0.565685424949238
276,1542,558,2,0.16666666666666666,2,1.0,0.014598540145985401,0.028776978417266185,1.0,1.0,1.0,1.0,1.0,0.0,0.0,1.0,0.7894736842105263,0.014598540145985401,1.0,0.282842712474619
276,1542,5360,6,0.18181818181818182,5,1.0,0.0364963503649635,0.0704225352112676,0.8623412013146784,1.0,1.0,1.0,2.2516291673878226,0.0,0.0,1.0,0.851063829787234,0.043795620437956206,0.8666666666666667,0.7745966692414834
276,1542,592,3,0.25,3,1.0,0.021897810218978103,0.04285714285714286,0.9436847671609195,1.0,1.0,1.0,1.584962500721156,0.0,0.0,1.0,0.8888888888888888,0.021897810218978103,1.0,0.4242640687119285
276,1542,4656,4,0.13793103448275862,3,1.0,0.029197080291970802,0.05673758865248227,0.849291525642326,1.0,1.0,1.0,1.5,0.0,0.0,1.0,0.7352941176470589,0.029197080291970802,0.8333333333333333,0.4898979485566356
276,1542,880,5,0.45454545454545453,4,1.0,0.0364963503649635,0.0704225352112676,0.8923806630887787,1.0,1.0,1.0,1.9219280948873623,0.0,0.0,1.0,0.8780487804878049,0.0364963503649635,0.8500000000000001,0.6324555320336759
276,1542,4088,9,0.5294117647058824,6,1.0,0.0364963503649635,0.0704225352112676,0.7035125371321203,1.0,1.0,1.0,2.4193819456463714,0.2222222222222222,0.0,1.0,0.765625,0.06569343065693431,0.7592592592592593,1.0
276,1840,1442,2,0.11764705882352941,2,1.0,0.014598540145985401,0.028776978417266185,0.737826424707602,1.0,1.0,1.0,1.0,0.5,0.0,1.0,0.631578947368421,0.014598540145985401,1.0,0.282842712474619
276,1840,4326,2,0.1111111111111111,2,1.0,0.014598540145985401,0.028776978417266185,0.9509457695419297,1.0,1.0,1.0,1.0,0.0,0.0,1.0,0.9473684210526315,0.014598540145985401,1.0,0.282842712474619
276,1840,3143,3,0.125,3,1.0,0.021897810218978103,0.04285714285714286,0.9491827771962146,1.0,1.0,1.0,1.584962500721156,0.0,0.0,1.0,1.0,0.021897810218978103,1.0,0.4242640687119285
276,1840,104,2,0.06060606060606061,2,1.0,0.014598540145985401,0.028776978417266185,0.9509457695419297,1.0,1.0,1.0,1.0,0.0,0.0,1.0,0.9473684210526315,0.014598540145985401,1.0,0.282842712474619
276,1840,1356,2,0.13333333333333333,2,1.0,0.014598540145985401,0.028776978417266185,0.9764599063144255,1.0,1.0,1.0,1.0,0.0,0.0,1.0,1.0,0.014598540145985401,1.0,0.282842712474619
276,1840,3438,4,0.25,4,1.0,0.029197080291970802,0.05673758865248227,0.9426255834454044,1.0,1.0,1.0,2.0,0.0,0.0,1.0,0.9705882352941176,0.029197080291970802,1.0,0.565685424949238
276,1840,558,3,0.25,3,1.0,0.021897810218978103,0.04285714285714286,0.9783503981178884,1.0,1.0,1.0,1.584962500721156,0.0,0.0,1.0,0.8518518518518519,0.021897810218978103,1.0,0.4242640687119285
276,1840,5360,5,0.15151515151515152,4,1.0,0.0364963503649635,0.0704225352112676,0.9261915818142721,1.0,1.0,1.0,1.9219280948873623,0.2,0.0,1.0,0.8292682926829268,0.0364963503649635,0.8500000000000001,0.6324555320336759
276,1840,592,4,0.3333333333333333,4,1.0,0.029197080291970802,0.05673758865248227,0.73868272196299,1.0,1.0,1.0,2.0,0.25,0.0,1.0,0.8235294117647058,0.029197080291970802,1.0,0.565685424949238
276,1840,4656,3,0.10344827586206896,3,1.0,0.021897810218978103,0.04285714285714286,0.9783503981178884,1.0,1.0,1.0,1.584962500721156,0.0,0.0,1.0,0.8518518518518519,0.021897810218978103,1.0,0.4242640687119285
276,1840,880,5,0.45454545454545453,5,1.0,0.0364963503649635,0.0704225352112676,0.6631570044711257,1.0,1.0,1.0,2.321928094887362,0.4,0.0,1.0,0.6829268292682927,0.0364963503649635,1.0,0.7071067811865475
276,1840,4088,3,0.17647058823529413,3,1.0,0.021897810218978103,0.04285714285714286,0.9522019658715632,1.0,1.0,1.0,1.584962500721156,0.0,0.0,1.0,0.9259259259259259,0.021897810218978103,1.0,0.4242640687119285
276,2085,1442,5,0.29411764705882354,2,1.0,0.0364963503649635,0.0704225352112676,0.7786590886444382,1.0,1.0,1.0,0.7219280948873623,0.4,0.0,1.0,0.5853658536585366,0.0364963503649635,0.7,0.4472135954999579
276,2085,4326,3,0.16666666666666666,2,1.0,0.021897810218978103,0.04285714285714286,0.9206272016207403,1.0,1.0,1.0,0.9182958340544896,0.0,0.0,1.0,0.8518518518518519,0.021897810218978103,0.8333333333333333,0.3464101615137754
276,2085,3143,14,0.5833333333333334,6,1.0,0.0364963503649635,0.0704225352112676,0.9022221208157427,1.0,1.0,1.0,2.064042639445697,0.21428571428571427,0.0,1.0,0.8,0.10218978102189781,0.5714285714285714,1.0
276,2085,104,11,0.3333333333333333,3,1.0,0.0364963503649635,0.0704225352112676,0.8269250331793824,1.0,1.0,1.0,1.3221793455166666,0.45454545454545453,0.0,1.0,0.6027397260273972,0.08029197080291971,0.6969696969696968,0.812403840463596
276,2085,1356,9,0.6,5,1.0,0.0364963503649635,0.0704225352112676,0.8524177204894934,1.0,1.0,1.0,2.113283334294875,0.1111111111111111,0.0,1.0,0.75,0.06569343065693431,0.7333333333333334,0.9486832980505138
276,2085,3438,4,0.25,4,1.0,0.029197080291970802,0.05673758865248227,0.9426255834454044,1.0,1.0,1.0,2.0,0.0,0.0,1.0,0.9705882352941176,0.029197080291970802,1.0,0.565685424949238
276,2085,558,3,0.25,3,1.0,0.021897810218978103,0.04285714285714286,0.9783503981178884,1.0,1.0,1.0,1.584962500721156,0.0,0.0,1.0,0.8518518518518519,0.021897810218978103,1.0,0.4242640687119285
276,2085,5360,12,0.36363636363636365,6,1.0,0.0364963503649635,0.0704225352112676,0.803360263915276,1.0,1.0,1.0,2.125814583693911,0.16666666666666666,0.0,1.0,0.7792207792207793,0.08759124087591241,0.6111111111111112,1.0
276,2085,592,5,0.4166666666666667,4,1.0,0.0364963503649635,0.0704225352112676,0.777217179160669,1.0,1.0,1.0,1.9219280948873623,0.2,0.0,1.0,0.8292682926829268,0.0364963503649635,0.8500000000000001,0.6324555320336759
276,2085,4656,8,0.27586206896551724,3,1.0,0.0364963503649635,0.0704225352112676,0.7450548083858679,1.0,1.0,1.0,1.061278124459133,0.5,0.0,1.0,0.5932203389830508,0.058394160583941604,0.5833333333333333,0.6928203230275508
276,2085,880,5,0.45454545454545453,4,1.0,0.0364963503649635,0.0704225352112676,0.8923806630887787,1.0,1.0,1.0,1.9219280948873623,0.0,0.0,1.0,0.8780487804878049,0.0364963503649635,0.8500000000000001,0.6324555320336759
276,2085,4088,10,0.5882352941176471,5,1.0,0.0364963503649635,0.0704225352112676,0.7433246246251818,1.0,1.0,1.0,1.9609640474436814,0.3,0.0,1.0,0.7391304347826086,0.072992700729927,0.6399999999999999,1.0
276,2109,1442,2,0.11764705882352941,2,1.0,0.014598540145985401,0.028776978417266185,0.8597186998521972,1.0,1.0,1.0,1.0,0.0,0.0,1.0,0.7894736842105263,0.014598540145985401,1.0,0.282842712474619
276,2109,4326,9,0.5,3,1.0,0.0364963503649635,0.0704225352112676,0.8355824935114626,1.0,1.0,1.0,1.224394445405986,0.2222222222222222,0.0,1.0,0.671875,0.06569343065693431,0.6296296296296295,0.7348469228349535
276,2109,3143,6,0.25,4,1.0,0.0364963503649635,0.0704225352112676,0.9682442519034079,1.0,1.0,1.0,1.9182958340544893,0.0,0.0,1.0,0.9148936170212766,0.043795620437956206,0.8333333333333333,0.6928203230275508
276,2109,104,4,0.12121212121212122,3,1.0,0.029197080291970802,0.05673758865248227,0.7068384606395348,1.0,1.0,1.0,1.5,0.25,0.0,1.0,0.6764705882352942,0.029197080291970802,0.8333333333333333,0.4898979485566356
276,2109,1356,2,0.13333333333333333,2,1.0,0.014598540145985401,0.028776978417266185,0.9764599063144255,1.0,1.0,1.0,1.0,0.0,0.0,1.0,1.0,0.014598540145985401,1.0,0.282842712474619
276,2109,3438,8,0.5,5,1.0,0.0364963503649635,0.0704225352112676,0.8097542927053227,1.0,1.0,1.0,2.1556390622295662,0.0,0.0,1.0,0.864406779661017,0.058394160583941604,0.75,0.8944271909999159
276,2109,558,4,0.3333333333333333,4,1.0,0.029197080291970802,0.05673758865248227,0.9686595715283498,1.0,1.0,1.0,2.0,0.0,0.0,1.0,0.8823529411764706,0.029197080291970802,1.0,0.565685424949238
276,2109,5360,6,0.18181818181818182,5,1.0,0.0364963503649635,0.0704225352112676,0.9708966090018809,1.0,1.0,1.0,2.2516291673878226,0.0,0.0,1.0,0.9361702127659575,0.043795620437956206,0.8666666666666667,0.7745966692414834
276,2109,592,5,0.4166666666666667,4,1.0,0.0364963503649635,0.0704225352112676,0.9314198494135378,1.0,1.0,1.0,1.9219280948873623,0.0,0.0,1.0,0.9512195121951219,0.0364963503649635,0.8500000000000001,0.6324555320336759
276,2109,4656,6,0.20689655172413793,4,1.0,0.0364963503649635,0.0704225352112676,0.8097542927053227,1.0,1.0,1.0,1.7924812503605778,0.0,0.0,1.0,0.7872340425531915,0.043795620437956206,0.75,0.6928203230275508
276,2109,880,4,0.36363636363636365,4,1.0,0.029197080291970802,0.05673758865248227,0.9405039693599757,1.0,1.0,1.0,2.0,0.0,0.0,1.0,0.8823529411764706,0.029197080291970802,1.0,0.565685424949238
276,2109,4088,4,0.23529411764705882,4,1.0,0.029197080291970802,0.05673758865248227,0.7318593810285016,1.0,1.0,1.0,2.0,0.25,0.0,1.0,0.7647058823529411,0.029197080291970802,1.0,0.565685424949238
276,2417,1442,2,0.11764705882352941,2,1.0,0.014598540145985401,0.028776978417266185,0.9231984112820403,1.0,1.0,1.0,1.0,0.0,0.0,1.0,0.8947368421052632,0.014598540145985401,1.0,0.282842712474619
276,2417,4326,3,0.16666666666666666,3,1.0,0.021897810218978103,0.04285714285714286,0.9390250151083238,1.0,1.0,1.0,1.584962500721156,0.0,0.0,1.0,0.9259259259259259,0.021897810218978103,1.0,0.4242640687119285
276,2417,3143,5,0.20833333333333334,5,1.0,0.0364963503649635,0.0704225352112676,0.9224257624409531,1.0,1.0,1.0,2.321928094887362,0.2,0.0,1.0,0.8780487804878049,0.0364963503649635,1.0,0.7071067811865475
276,2417,104,4,0.12121212121212122,3,1.0,0.029197080291970802,0.05673758865248227,0.7300094825570727,1.0,1.0,1.0,1.5,0.25,0.0,1.0,0.7647058823529411,0.029197080291970802,0.8333333333333333,0.4898979485566356
276,2417,1356,2,0.13333333333333333,2,1.0,0.014598540145985401,0.028776978417266185,0.9764599063144255,1.0,1.0,1.0,1.0,0.0,0.0,1.0,1.0,0.014598540145985401,1.0,0.282842712474619
276,2417,3438,6,0.375,4,1.0,0.0364963503649635,0.0704225352112676,0.9709553225989882,1.0,1.0,1.0,1.7924812503605778,0.0,0.0,1.0,0.9361702127659575,0.043795620437956206,0.75,0.6928203230275508
276,2417,558,6,0.5,4,1.0,0.0364963503649635,0.0704225352112676,0.8029430735247896,1.0,1.0,1.0,1.7924812503605778,0.16666666666666666,0.0,1.0,0.7659574468085106,0.043795620437956206,0.75,0.6928203230275508
276,2417,5360,6,0.18181818181818182,5,1.0,0.0364963503649635,0.0704225352112676,0.8029430735247896,1.0,1.0,1.0,2.2516291673878226,0.16666666666666666,0.0,1.0,0.9148936170212766,0.043795620437956206,0.8666666666666667,0.7745966692414834
276,2417,592,6,0.5,5,1.0,0.0364963503649635,0.0704225352112676,0.9704286972512164,1.0,1.0,1.0,2.2516291673878226,0.16666666666666666,0.0,1.0,0.9148936170212766,0.043795620437956206,0.8666666666666667,0.7745966692414834
276,2417,4656,5,0.1724137931034483,3,1.0,0.0364963503649635,0.0704225352112676,0.9709553225989882,1.0,1.0,1.0,1.3709505944546687,0.0,0.0,1.0,0.8292682926829268,0.0364963503649635,0.7333333333333332,0.5477225575051661
276,2417,880,2,0.18181818181818182,2,1.0,0.014598540145985401,0.028776978417266185,0.9764599063144255,1.0,1.0,1.0,1.0,0.0,0.0,1.0,1.0,0.014598540145985401,1.0,0.282842712474619
276,2417,4088,2,0.11764705882352941,2,1.0,0.014598540145985401,0.028776978417266185,0.9764599063144255,1.0,1.0,1.0,1.0,0.0,0.0,1.0,1.0,0.014598540145985401,1.0,0.282842712474619
276,25,1442,3,0.17647058823529413,3,1.0,0.021897810218978103,0.04285714285714286,0.8293121225775372,1.0,1.0,1.0,1.584962500721156,0.3333333333333333,0.0,1.0,0.6666666666666666,0.021897810218978103,1.0,0.4242640687119285
276,25,4326,1,0.05555555555555555,1,1.0,0.0072992700729927005,0.014492753623188404,1.0,1.0,1.0,1.0,0.0,0.0,0.0,1.0,1.0,0.0072992700729927005,1.0,0.1414213562373095
276,25,3143,4,0.16666666666666666,4,1.0,0.029197080291970802,0.05673758865248227,0.7732760880133429,1.0,1.0,1.0,2.0,0.0,0.0,1.0,0.7058823529411765,0.029197080291970802,1.0,0.565685424949238
276,25,104,6,0.18181818181818182,6,1.0,0.0364963503649635,0.0704225352112676,0.7428351068270167,1.0,1.0,1.0,2.584962500721156,0.5,0.0,1.0,0.5319148936170213,0.043795620437956206,1.0,0.848528137423857
276,25,1356,4,0.26666666666666666,4,1.0,0.029197080291970802,0.05673758865248227,0.7732760880133429,1.0,1.0,1.0,2.0,0.0,0.0,1.0,0.7058823529411765,0.029197080291970802,1.0,0.565685424949238
276,25,3438,1,0.0625,1,1.0,0.0072992700729927005,0.014492753623188404,1.0,1.0,1.0,1.0,0.0,0.0,0.0,1.0,1.0,0.0072992700729927005,1.0,0.1414213562373095
276,25,558,0,0.0,0,0.0,0.0,0.0,0.0,0.0,0.0,0.0,0.0,0.0,0.0,0.0,0.0,0.0,1.0,0.0
276,25,5360,3,0.09090909090909091,3,1.0,0.021897810218978103,0.04285714285714286,0.7611679368476773,1.0,1.0,1.0,1.584962500721156,0.0,0.0,1.0,0.6666666666666666,0.021897810218978103,1.0,0.4242640687119285
276,25,592,1,0.08333333333333333,1,1.0,0.0072992700729927005,0.014492753623188404,1.0,1.0,1.0,1.0,0.0,0.0,0.0,1.0,1.0,0.0072992700729927005,1.0,0.1414213562373095
276,25,4656,0,0.0,0,0.0,0.0,0.0,0.0,0.0,0.0,0.0,0.0,0.0,0.0,0.0,0.0,0.0,1.0,0.0
276,25,880,2,0.18181818181818182,2,1.0,0.014598540145985401,0.028776978417266185,0.892911205473213,1.0,1.0,1.0,1.0,0.0,0.0,1.0,0.8421052631578947,0.014598540145985401,1.0,0.282842712474619
276,25,4088,5,0.29411764705882354,3,1.0,0.0364963503649635,0.0704225352112676,0.7690321959837346,1.0,1.0,1.0,1.3709505944546687,0.4,0.0,1.0,0.5609756097560976,0.0364963503649635,0.7333333333333332,0.5477225575051661
276,2557,1442,5,0.29411764705882354,3,1.0,0.0364963503649635,0.0704225352112676,0.7019300039236019,1.0,1.0,1.0,1.5219280948873621,0.4,0.0,1.0,0.5853658536585366,0.0364963503649635,0.8666666666666667,0.5477225575051661
276,2557,4326,2,0.1111111111111111,2,1.0,0.014598540145985401,0.028776978417266185,0.8597186998521972,1.0,1.0,1.0,1.0,0.0,0.0,1.0,0.7894736842105263,0.014598540145985401,1.0,0.282842712474619
276,2557,3143,3,0.125,2,1.0,0.021897810218978103,0.04285714285714286,0.869152345385363,1.0,1.0,1.0,0.9182958340544896,0.0,0.0,1.0,0.7777777777777778,0.021897810218978103,0.8333333333333333,0.3464101615137754
276,2557,104,2,0.06060606060606061,2,1.0,0.014598540145985401,0.028776978417266185,0.892911205473213,1.0,1.0,1.0,1.0,0.0,0.0,1.0,0.8421052631578947,0.014598540145985401,1.0,0.282842712474619
276,2557,1356,2,0.13333333333333333,2,1.0,0.014598540145985401,0.028776978417266185,0.892911205473213,1.0,1.0,1.0,1.0,0.0,0.0,1.0,0.8421052631578947,0.014598540145985401,1.0,0.282842712474619
276,2557,3438,1,0.0625,1,1.0,0.0072992700729927005,0.014492753623188404,1.0,1.0,1.0,1.0,0.0,0.0,0.0,1.0,1.0,0.0072992700729927005,1.0,0.1414213562373095
276,2557,558,0,0.0,0,0.0,0.0,0.0,0.0,0.0,0.0,0.0,0.0,0.0,0.0,0.0,0.0,0.0,1.0,0.0
276,2557,5360,1,0.030303030303030304,1,1.0,0.0072992700729927005,0.014492753623188404,1.0,1.0,1.0,1.0,0.0,0.0,0.0,1.0,1.0,0.0072992700729927005,1.0,0.1414213562373095
276,2557,592,2,0.16666666666666666,2,1.0,0.014598540145985401,0.028776978417266185,0.8597186998521972,1.0,1.0,1.0,1.0,0.0,0.0,1.0,0.7894736842105263,0.014598540145985401,1.0,0.282842712474619
276,2557,4656,0,0.0,0,0.0,0.0,0.0,0.0,0.0,0.0,0.0,0.0,0.0,0.0,0.0,0.0,0.0,1.0,0.0
276,2557,880,4,0.36363636363636365,3,1.0,0.029197080291970802,0.05673758865248227,0.7343788596303724,1.0,1.0,1.0,1.5,0.25,0.0,1.0,0.6764705882352942,0.029197080291970802,0.8333333333333333,0.4898979485566356
276,2557,4088,3,0.17647058823529413,3,1.0,0.021897810218978103,0.04285714285714286,0.6849970063690538,1.0,1.0,1.0,1.584962500721156,0.3333333333333333,0.0,1.0,0.6296296296296297,0.021897810218978103,1.0,0.4242640687119285
276,2781,1442,3,0.17647058823529413,2,1.0,0.021897810218978103,0.04285714285714286,0.8851664197885855,1.0,1.0,1.0,0.9182958340544896,0.0,0.0,1.0,0.8518518518518519,0.021897810218978103,0.8333333333333333,0.3464101615137754
276,2781,4326,2,0.1111111111111111,2,1.0,0.014598540145985401,0.028776978417266185,0.9509457695419297,1.0,1.0,1.0,1.0,0.0,0.0,1.0,0.9473684210526315,0.014598540145985401,1.0,0.282842712474619
276,2781,3143,7,0.2916666666666667,4,1.0,0.0364963503649635,0.0704225352112676,0.8113395780546456,1.0,1.0,1.0,1.6644977792004614,0.0,0.0,1.0,0.8301886792452831,0.051094890510948905,0.6785714285714286,0.7483314773547883
276,2781,104,9,0.2727272727272727,4,1.0,0.0364963503649635,0.0704225352112676,0.7127545917718052,1.0,1.0,1.0,1.7527152789797045,0.3333333333333333,0.0,1.0,0.65625,0.06569343065693431,0.6944444444444444,0.848528137423857
276,2781,1356,5,0.3333333333333333,4,1.0,0.0364963503649635,0.0704225352112676,0.8373245450612647,1.0,1.0,1.0,1.9219280948873623,0.0,0.0,1.0,0.8048780487804879,0.0364963503649635,0.8500000000000001,0.6324555320336759
276,2781,3438,5,0.3125,4,1.0,0.0364963503649635,0.0704225352112676,0.9447008421724711,1.0,1.0,1.0,1.9219280948873623,0.0,0.0,1.0,0.975609756097561,0.0364963503649635,0.8500000000000001,0.6324555320336759
276,2781,558,4,0.3333333333333333,3,1.0,0.029197080291970802,0.05673758865248227,0.9816670245875508,1.0,1.0,1.0,1.5,0.0,0.0,1.0,0.8823529411764706,0.029197080291970802,0.8333333333333333,0.4898979485566356
276,2781,5360,8,0.24242424242424243,5,1.0,0.0364963503649635,0.0704225352112676,0.8065737815270448,1.0,1.0,1.0,2.0,0.0,0.0,1.0,0.864406779661017,0.058394160583941604,0.7,0.8944271909999159
276,2781,592,4,0.3333333333333333,3,1.0,0.029197080291970802,0.05673758865248227,0.946769276589362,1.0,1.0,1.0,1.5,0.0,0.0,1.0,1.0,0.029197080291970802,0.8333333333333333,0.4898979485566356
276,2781,4656,4,0.13793103448275862,3,1.0,0.029197080291970802,0.05673758865248227,0.9816670245875508,1.0,1.0,1.0,1.5,0.0,0.0,1.0,0.8823529411764706,0.029197080291970802,0.8333333333333333,0.4898979485566356
276,2781,880,4,0.36363636363636365,4,1.0,0.029197080291970802,0.05673758865248227,0.8928958696144895,1.0,1.0,1.0,2.0,0.0,0.0,1.0,0.9117647058823529,0.029197080291970802,1.0,0.565685424949238
276,2781,4088,5,0.29411764705882354,5,1.0,0.0364963503649635,0.0704225352112676,0.8923806630887787,1.0,1.0,1.0,2.321928094887362,0.0,0.0,1.0,0.8780487804878049,0.0364963503649635,1.0,0.7071067811865475
276,3136,1442,4,0.23529411764705882,4,1.0,0.029197080291970802,0.05673758865248227,0.7931402979787403,1.0,1.0,1.0,2.0,0.5,0.0,1.0,0.5588235294117647,0.029197080291970802,1.0,0.565685424949238
276,3136,4326,1,0.05555555555555555,1,1.0,0.0072992700729927005,0.014492753623188404,1.0,1.0,1.0,1.0,0.0,0.0,0.0,1.0,1.0,0.0072992700729927005,1.0,0.1414213562373095
276,3136,3143,4,0.16666666666666666,3,1.0,0.029197080291970802,0.05673758865248227,0.815437211118516,1.0,1.0,1.0,1.5,0.0,0.0,1.0,0.7647058823529411,0.029197080291970802,0.8333333333333333,0.4898979485566356
276,3136,104,5,0.15151515151515152,4,1.0,0.0364963503649635,0.0704225352112676,0.8364735199099482,1.0,1.0,1.0,1.9219280948873623,0.4,0.0,1.0,0.6097560975609756,0.0364963503649635,0.8500000000000001,0.6324555320336759
276,3136,1356,4,0.26666666666666666,3,1.0,0.029197080291970802,0.05673758865248227,0.815437211118516,1.0,1.0,1.0,1.5,0.0,0.0,1.0,0.7647058823529411,0.029197080291970802,0.8333333333333333,0.4898979485566356
276,3136,3438,1,0.0625,1,1.0,0.0072992700729927005,0.014492753623188404,1.0,1.0,1.0,1.0,0.0,0.0,0.0,1.0,1.0,0.0072992700729927005,1.0,0.1414213562373095
276,3136,558,0,0.0,0,0.0,0.0,0.0,0.0,0.0,0.0,0.0,0.0,0.0,0.0,0.0,0.0,0.0,1.0,0.0
276,3136,5360,4,0.12121212121212122,3,1.0,0.029197080291970802,0.05673758865248227,0.7765260253016,1.0,1.0,1.0,1.5,0.25,0.0,1.0,0.6176470588235294,0.029197080291970802,0.8333333333333333,0.4898979485566356
276,3136,592,1,0.08333333333333333,1,1.0,0.0072992700729927005,0.014492753623188404,1.0,1.0,1.0,1.0,0.0,0.0,0.0,1.0,1.0,0.0072992700729927005,1.0,0.1414213562373095
276,3136,4656,1,0.034482758620689655,1,1.0,0.0072992700729927005,0.014492753623188404,1.0,1.0,1.0,1.0,0.0,0.0,0.0,1.0,0.6,0.0072992700729927005,1.0,0.1414213562373095
276,3136,880,2,0.18181818181818182,2,1.0,0.014598540145985401,0.028776978417266185,0.892911205473213,1.0,1.0,1.0,1.0,0.0,0.0,1.0,0.8421052631578947,0.014598540145985401,1.0,0.282842712474619
276,3136,4088,5,0.29411764705882354,4,1.0,0.0364963503649635,0.0704225352112676,0.686753742501702,1.0,1.0,1.0,1.9219280948873623,0.2,0.0,1.0,0.6585365853658537,0.0364963503649635,0.8500000000000001,0.6324555320336759
276,3165,1442,5,0.29411764705882354,3,1.0,0.0364963503649635,0.0704225352112676,0.8250148994789446,1.0,1.0,1.0,1.3709505944546687,0.2,0.0,1.0,0.7317073170731707,0.0364963503649635,0.7333333333333332,0.5477225575051661
276,3165,4326,5,0.2777777777777778,3,1.0,0.0364963503649635,0.0704225352112676,0.8036706512378257,1.0,1.0,1.0,1.3709505944546687,0.0,0.0,1.0,0.8048780487804879,0.0364963503649635,0.7333333333333332,0.5477225575051661
276,3165,3143,7,0.2916666666666667,3,1.0,0.0364963503649635,0.0704225352112676,0.8769200260406089,1.0,1.0,1.0,1.3787834934861753,0.0,0.0,1.0,0.8113207547169812,0.051094890510948905,0.7142857142857142,0.648074069840786
276,3165,104,7,0.21212121212121213,5,1.0,0.0364963503649635,0.0704225352112676,0.7568596851305913,1.0,1.0,1.0,2.1280852788913944,0.42857142857142855,0.0,1.0,0.660377358490566,0.051094890510948905,0.7714285714285714,0.8366600265340756
276,3165,1356,4,0.26666666666666666,3,1.0,0.029197080291970802,0.05673758865248227,0.7959161462449857,1.0,1.0,1.0,1.5,0.0,0.0,1.0,0.6764705882352942,0.029197080291970802,0.8333333333333333,0.4898979485566356
276,3165,3438,5,0.3125,3,1.0,0.0364963503649635,0.0704225352112676,0.8111129294679278,1.0,1.0,1.0,1.3709505944546687,0.0,0.0,1.0,0.8536585365853658,0.0364963503649635,0.7333333333333332,0.5477225575051661
276,3165,558,3,0.25,2,1.0,0.021897810218978103,0.04285714285714286,1.0,1.0,1.0,1.0,0.9182958340544896,0.0,0.0,1.0,0.8148148148148148,0.021897810218978103,0.8333333333333333,0.3464101615137754
276,3165,5360,7,0.21212121212121213,3,1.0,0.0364963503649635,0.0704225352112676,0.8697771935088114,1.0,1.0,1.0,1.3787834934861753,0.14285714285714285,0.0,1.0,0.7735849056603774,0.051094890510948905,0.7142857142857142,0.648074069840786
276,3165,592,5,0.4166666666666667,3,1.0,0.0364963503649635,0.0704225352112676,0.9336912754413509,1.0,1.0,1.0,1.3709505944546687,0.0,0.0,1.0,0.9024390243902439,0.0364963503649635,0.7333333333333332,0.5477225575051661
276,3165,4656,5,0.1724137931034483,2,1.0,0.0364963503649635,0.0704225352112676,0.8406493184134523,1.0,1.0,1.0,0.7219280948873623,0.2,0.0,1.0,0.6585365853658537,0.0364963503649635,0.7,0.4472135954999579
276,3165,880,3,0.2727272727272727,2,1.0,0.021897810218978103,0.04285714285714286,0.869152345385363,1.0,1.0,1.0,0.9182958340544896,0.0,0.0,1.0,0.7777777777777778,0.021897810218978103,0.8333333333333333,0.3464101615137754
276,3165,4088,3,0.17647058823529413,3,1.0,0.021897810218978103,0.04285714285714286,0.8099531166420328,1.0,1.0,1.0,1.584962500721156,0.0,0.0,1.0,0.7407407407407407,0.021897810218978103,1.0,0.4242640687119285
276,345,1442,3,0.17647058823529413,2,1.0,0.021897810218978103,0.04285714285714286,0.8958496943635434,1.0,1.0,1.0,0.9182958340544896,0.0,0.0,1.0,0.8148148148148148,0.021897810218978103,0.8333333333333333,0.3464101615137754
276,345,4326,6,0.3333333333333333,3,1.0,0.0364963503649635,0.0704225352112676,0.9734178913602882,1.0,1.0,1.0,1.4591479170272448,0.16666666666666666,0.0,1.0,0.7446808510638298,0.043795620437956206,0.7777777777777777,0.6
276,345,3143,6,0.25,4,1.0,0.0364963503649635,0.0704225352112676,0.9682442519034079,1.0,1.0,1.0,1.9182958340544893,0.0,0.0,1.0,0.9148936170212766,0.043795620437956206,0.8333333333333333,0.6928203230275508
276,345,104,4,0.12121212121212122,3,1.0,0.029197080291970802,0.05673758865248227,0.7300094825570727,1.0,1.0,1.0,1.5,0.25,0.0,1.0,0.7647058823529411,0.029197080291970802,0.8333333333333333,0.4898979485566356
276,345,1356,2,0.13333333333333333,2,1.0,0.014598540145985401,0.028776978417266185,0.9764599063144255,1.0,1.0,1.0,1.0,0.0,0.0,1.0,1.0,0.014598540145985401,1.0,0.282842712474619
276,345,3438,6,0.375,4,1.0,0.0364963503649635,0.0704225352112676,0.971463519152856,1.0,1.0,1.0,1.9182958340544893,0.0,0.0,1.0,0.9574468085106383,0.043795620437956206,0.8333333333333333,0.6928203230275508
276,345,558,4,0.3333333333333333,3,1.0,0.029197080291970802,0.05673758865248227,0.9693159995843194,1.0,1.0,1.0,1.5,0.0,0.0,1.0,0.9117647058823529,0.029197080291970802,0.8333333333333333,0.4898979485566356
276,345,5360,6,0.18181818181818182,4,1.0,0.0364963503649635,0.0704225352112676,0.971463519152856,1.0,1.0,1.0,1.9182958340544893,0.0,0.0,1.0,0.9574468085106383,0.043795620437956206,0.8333333333333333,0.6928203230275508
276,345,592,6,0.5,4,1.0,0.0364963503649635,0.0704225352112676,0.9719542376274171,1.0,1.0,1.0,1.7924812503605778,0.0,0.0,1.0,0.9787234042553191,0.043795620437956206,0.75,0.6928203230275508
276,345,4656,5,0.1724137931034483,4,1.0,0.0364963503649635,0.0704225352112676,0.7700356155107729,1.0,1.0,1.0,1.9219280948873623,0.2,0.0,1.0,0.7804878048780488,0.0364963503649635,0.8500000000000001,0.6324555320336759
276,345,880,3,0.2727272727272727,3,1.0,0.021897810218978103,0.04285714285714286,0.9436847671609195,1.0,1.0,1.0,1.584962500721156,0.0,0.0,1.0,0.8888888888888888,0.021897810218978103,1.0,0.4242640687119285
276,345,4088,2,0.11764705882352941,2,1.0,0.014598540145985401,0.028776978417266185,0.9764599063144255,1.0,1.0,1.0,1.0,0.0,0.0,1.0,1.0,0.014598540145985401,1.0,0.282842712474619
276,3620,1442,4,0.23529411764705882,3,1.0,0.029197080291970802,0.05673758865248227,0.8167336584799247,1.0,1.0,1.0,1.5,0.0,0.0,1.0,0.7647058823529411,0.029197080291970802,0.8333333333333333,0.4898979485566356
276,3620,4326,6,0.3333333333333333,4,1.0,0.0364963503649635,0.0704225352112676,0.8758557303537177,1.0,1.0,1.0,1.7924812503605778,0.16666666666666666,0.0,1.0,0.7446808510638298,0.043795620437956206,0.75,0.6928203230275508
276,3620,3143,7,0.2916666666666667,4,1.0,0.0364963503649635,0.0704225352112676,0.8021848629965135,1.0,1.0,1.0,1.8423709931771088,0.0,0.0,1.0,0.8679245283018868,0.051094890510948905,0.75,0.7483314773547883
276,3620,104,4,0.12121212121212122,2,1.0,0.029197080291970802,0.05673758865248227,0.7991244446076828,1.0,1.0,1.0,0.8112781244591328,0.0,0.0,1.0,0.8235294117647058,0.029197080291970802,0.75,0.4
276,3620,1356,4,0.26666666666666666,4,1.0,0.029197080291970802,0.05673758865248227,0.7998839193688707,1.0,1.0,1.0,2.0,0.25,0.0,1.0,0.7058823529411765,0.029197080291970802,1.0,0.565685424949238
276,3620,3438,6,0.375,5,1.0,0.0364963503649635,0.0704225352112676,0.8653032863323237,1.0,1.0,1.0,2.2516291673878226,0.0,0.0,1.0,0.9574468085106383,0.043795620437956206,0.8666666666666667,0.7745966692414834
276,3620,558,4,0.3333333333333333,3,1.0,0.029197080291970802,0.05673758865248227,0.9693159995843194,1.0,1.0,1.0,1.5,0.0,0.0,1.0,0.9117647058823529,0.029197080291970802,0.8333333333333333,0.4898979485566356
276,3620,5360,13,0.3939393939393939,4,1.0,0.0364963503649635,0.0704225352112676,0.7388011882278595,1.0,1.0,1.0,1.4885252948977485,0.46153846153846156,0.0,1.0,0.7037037037037037,0.0948905109489051,0.5576923076923077,1.0
276,3620,592,6,0.5,4,1.0,0.0364963503649635,0.0704225352112676,0.9719542376274171,1.0,1.0,1.0,1.7924812503605778,0.0,0.0,1.0,0.9787234042553191,0.043795620437956206,0.75,0.6928203230275508
276,3620,4656,8,0.27586206896551724,3,1.0,0.0364963503649635,0.0704225352112676,0.7762527786012774,1.0,1.0,1.0,1.2987949406953985,0.5,0.0,1.0,0.6440677966101694,0.058394160583941604,0.6666666666666665,0.6928203230275508
276,3620,880,4,0.36363636363636365,4,1.0,0.029197080291970802,0.05673758865248227,0.8283539547121105,1.0,1.0,1.0,2.0,0.0,0.0,1.0,0.8235294117647058,0.029197080291970802,1.0,0.565685424949238
276,3620,4088,3,0.17647058823529413,3,1.0,0.021897810218978103,0.04285714285714286,0.8303010754742701,1.0,1.0,1.0,1.584962500721156,0.0,0.0,1.0,0.8518518518518519,0.021897810218978103,1.0,0.4242640687119285
276,3705,1442,2,0.11764705882352941,2,1.0,0.014598540145985401,0.028776978417266185,0.9231984112820403,1.0,1.0,1.0,1.0,0.0,0.0,1.0,0.8947368421052632,0.014598540145985401,1.0,0.282842712474619
276,3705,4326,3,0.16666666666666666,3,1.0,0.021897810218978103,0.04285714285714286,0.9390250151083238,1.0,1.0,1.0,1.584962500721156,0.0,0.0,1.0,0.9259259259259259,0.021897810218978103,1.0,0.4242640687119285
276,3705,3143,4,0.16666666666666666,4,1.0,0.029197080291970802,0.05673758865248227,0.935230109856792,1.0,1.0,1.0,2.0,0.0,0.0,1.0,1.0,0.029197080291970802,1.0,0.565685424949238
276,3705,104,3,0.09090909090909091,2,1.0,0.021897810218978103,0.04285714285714286,0.9390250151083238,1.0,1.0,1.0,0.9182958340544896,0.0,0.0,1.0,0.9259259259259259,0.021897810218978103,0.8333333333333333,0.3464101615137754
276,3705,1356,2,0.13333333333333333,2,1.0,0.014598540145985401,0.028776978417266185,0.9764599063144255,1.0,1.0,1.0,1.0,0.0,0.0,1.0,1.0,0.014598540145985401,1.0,0.282842712474619
276,3705,3438,7,0.4375,5,1.0,0.0364963503649635,0.0704225352112676,0.9724283644481566,1.0,1.0,1.0,2.1280852788913944,0.0,0.0,1.0,0.9433962264150944,0.051094890510948905,0.7714285714285714,0.8366600265340756
276,3705,558,7,0.5833333333333334,5,1.0,0.0364963503649635,0.0704225352112676,0.8029430735247896,1.0,1.0,1.0,2.1280852788913944,0.14285714285714285,0.0,1.0,0.7924528301886793,0.051094890510948905,0.7714285714285714,0.8366600265340756
276,3705,5360,6,0.18181818181818182,5,1.0,0.0364963503649635,0.0704225352112676,0.9724283644481566,1.0,1.0,1.0,2.2516291673878226,0.0,0.0,1.0,1.0,0.043795620437956206,0.8666666666666667,0.7745966692414834
276,3705,592,5,0.4166666666666667,4,1.0,0.0364963503649635,0.0704225352112676,0.9369593141183575,1.0,1.0,1.0,1.9219280948873623,0.0,0.0,1.0,1.0,0.0364963503649635,0.8500000000000001,0.6324555320336759
276,3705,4656,7,0.2413793103448276,5,1.0,0.0364963503649635,0.0704225352112676,0.8029430735247896,1.0,1.0,1.0,2.1280852788913944,0.14285714285714285,0.0,1.0,0.7924528301886793,0.051094890510948905,0.7714285714285714,0.8366600265340756
276,3705,880,3,0.2727272727272727,3,1.0,0.021897810218978103,0.04285714285714286,0.9522019658715632,1.0,1.0,1.0,1.584962500721156,0.0,0.0,1.0,0.9259259259259259,0.021897810218978103,1.0,0.4242640687119285
276,3705,4088,4,0.23529411764705882,4,1.0,0.029197080291970802,0.05673758865248227,0.7318593810285016,1.0,1.0,1.0,2.0,0.25,0.0,1.0,0.7647058823529411,0.029197080291970802,1.0,0.565685424949238
276,3732,1442,7,0.4117647058823529,3,1.0,0.0364963503649635,0.0704225352112676,0.7561043632374517,1.0,1.0,1.0,1.1488348542809166,0.42857142857142855,0.0,1.0,0.6226415094339622,0.051094890510948905,0.6190476190476191,0.648074069840786
276,3732,4326,3,0.16666666666666666,2,1.0,0.021897810218978103,0.04285714285714286,0.9206272016207403,1.0,1.0,1.0,0.9182958340544896,0.0,0.0,1.0,0.8518518518518519,0.021897810218978103,0.8333333333333333,0.3464101615137754
276,3732,3143,4,0.16666666666666666,2,1.0,0.029197080291970802,0.05673758865248227,0.9203756752662261,1.0,1.0,1.0,0.8112781244591328,0.0,0.0,1.0,0.8529411764705882,0.029197080291970802,0.75,0.4
276,3732,104,6,0.18181818181818182,3,1.0,0.0364963503649635,0.0704225352112676,0.9919348620181607,1.0,1.0,1.0,1.4591479170272448,0.3333333333333333,0.0,1.0,0.7021276595744681,0.043795620437956206,0.7777777777777777,0.6
276,3732,1356,2,0.13333333333333333,2,1.0,0.014598540145985401,0.028776978417266185,0.892911205473213,1.0,1.0,1.0,1.0,0.0,0.0,1.0,0.8421052631578947,0.014598540145985401,1.0,0.282842712474619
276,3732,3438,3,0.1875,2,1.0,0.021897810218978103,0.04285714285714286,0.9390250151083238,1.0,1.0,1.0,0.9182958340544896,0.0,0.0,1.0,0.9259259259259259,0.021897810218978103,0.8333333333333333,0.3464101615137754
276,3732,558,2,0.16666666666666666,1,1.0,0.014598540145985401,0.028776978417266185,1.0,1.0,1.0,1.0,0.0,0.0,0.0,1.0,0.7894736842105263,0.014598540145985401,1.0,0.2
276,3732,5360,3,0.09090909090909091,2,1.0,0.021897810218978103,0.04285714285714286,0.9390250151083238,1.0,1.0,1.0,0.9182958340544896,0.0,0.0,1.0,0.9259259259259259,0.021897810218978103,0.8333333333333333,0.3464101615137754
276,3732,592,4,0.3333333333333333,2,1.0,0.029197080291970802,0.05673758865248227,0.9286237499407403,1.0,1.0,1.0,0.8112781244591328,0.0,0.0,1.0,0.8823529411764706,0.029197080291970802,0.75,0.4
276,3732,4656,3,0.10344827586206896,1,1.0,0.021897810218978103,0.04285714285714286,0.9512057269716642,1.0,1.0,1.0,0.0,0.3333333333333333,0.0,1.0,0.6296296296296297,0.021897810218978103,1.0,0.2449489742783178
276,3732,880,4,0.36363636363636365,3,1.0,0.029197080291970802,0.05673758865248227,0.7343788596303724,1.0,1.0,1.0,1.5,0.25,0.0,1.0,0.6764705882352942,0.029197080291970802,0.8333333333333333,0.4898979485566356
276,3732,4088,3,0.17647058823529413,3,1.0,0.021897810218978103,0.04285714285714286,0.6849970063690538,1.0,1.0,1.0,1.584962500721156,0.3333333333333333,0.0,1.0,0.6296296296296297,0.021897810218978103,1.0,0.4242640687119285
276,4031,1442,3,0.17647058823529413,2,1.0,0.021897810218978103,0.04285714285714286,0.8958496943635434,1.0,1.0,1.0,0.9182958340544896,0.0,0.0,1.0,0.8148148148148148,0.021897810218978103,0.8333333333333333,0.3464101615137754
276,4031,4326,4,0.2222222222222222,3,1.0,0.029197080291970802,0.05673758865248227,0.9286237499407403,1.0,1.0,1.0,1.5,0.0,0.0,1.0,0.8823529411764706,0.029197080291970802,0.8333333333333333,0.4898979485566356
276,4031,3143,6,0.25,5,1.0,0.0364963503649635,0.0704225352112676,0.8320538583368622,1.0,1.0,1.0,2.2516291673878226,0.0,0.0,1.0,0.8936170212765957,0.043795620437956206,0.8666666666666667,0.7745966692414834
276,4031,104,3,0.09090909090909091,2,1.0,0.021897810218978103,0.04285714285714286,0.9390250151083238,1.0,1.0,1.0,0.9182958340544896,0.0,0.0,1.0,0.9259259259259259,0.021897810218978103,0.8333333333333333,0.3464101615137754
276,4031,1356,3,0.2,3,1.0,0.021897810218978103,0.04285714285714286,0.796255380930996,1.0,1.0,1.0,1.584962500721156,0.0,0.0,1.0,0.8148148148148148,0.021897810218978103,1.0,0.4242640687119285
276,4031,3438,6,0.375,5,1.0,0.0364963503649635,0.0704225352112676,0.9724283644481566,1.0,1.0,1.0,2.2516291673878226,0.0,0.0,1.0,1.0,0.043795620437956206,0.8666666666666667,0.7745966692414834
276,4031,558,5,0.4166666666666667,4,1.0,0.0364963503649635,0.0704225352112676,0.9724283644481566,1.0,1.0,1.0,1.9219280948873623,0.0,0.0,1.0,0.9024390243902439,0.0364963503649635,0.8500000000000001,0.6324555320336759
276,4031,5360,7,0.21212121212121213,6,1.0,0.0364963503649635,0.0704225352112676,0.8346784559175093,1.0,1.0,1.0,2.5216406363433186,0.0,0.0,1.0,0.9433962264150944,0.051094890510948905,0.8809523809523809,0.916515138991168
276,4031,592,6,0.5,4,1.0,0.0364963503649635,0.0704225352112676,0.9719542376274171,1.0,1.0,1.0,1.7924812503605778,0.0,0.0,1.0,0.9787234042553191,0.043795620437956206,0.75,0.6928203230275508
276,4031,4656,5,0.1724137931034483,4,1.0,0.0364963503649635,0.0704225352112676,0.9724283644481566,1.0,1.0,1.0,1.9219280948873623,0.0,0.0,1.0,0.9024390243902439,0.0364963503649635,0.8500000000000001,0.6324555320336759
276,4031,880,4,0.36363636363636365,4,1.0,0.029197080291970802,0.05673758865248227,0.9405039693599757,1.0,1.0,1.0,2.0,0.0,0.0,1.0,0.8823529411764706,0.029197080291970802,1.0,0.565685424949238
276,4031,4088,3,0.17647058823529413,3,1.0,0.021897810218978103,0.04285714285714286,0.9522019658715632,1.0,1.0,1.0,1.584962500721156,0.0,0.0,1.0,0.9259259259259259,0.021897810218978103,1.0,0.4242640687119285
276,41,1442,2,0.11764705882352941,2,1.0,0.014598540145985401,0.028776978417266185,0.892911205473213,1.0,1.0,1.0,1.0,0.0,0.0,1.0,0.8421052631578947,0.014598540145985401,1.0,0.282842712474619
276,41,4326,1,0.05555555555555555,1,1.0,0.0072992700729927005,0.014492753623188404,1.0,1.0,1.0,1.0,0.0,0.0,0.0,1.0,1.0,0.0072992700729927005,1.0,0.1414213562373095
276,41,3143,7,0.2916666666666667,5,1.0,0.0364963503649635,0.0704225352112676,0.7814867525932923,1.0,1.0,1.0,2.2359263506290326,0.0,0.0,1.0,0.8113207547169812,0.051094890510948905,0.8285714285714285,0.8366600265340756
276,41,104,4,0.12121212121212122,3,1.0,0.029197080291970802,0.05673758865248227,0.8760957810198653,1.0,1.0,1.0,1.5,0.0,0.0,1.0,0.7941176470588235,0.029197080291970802,0.8333333333333333,0.4898979485566356
276,41,1356,8,0.5333333333333333,5,1.0,0.0364963503649635,0.0704225352112676,0.7814867525932923,1.0,1.0,1.0,2.1556390622295662,0.125,0.0,1.0,0.7627118644067796,0.058394160583941604,0.75,0.8944271909999159
276,41,3438,3,0.1875,3,1.0,0.021897810218978103,0.04285714285714286,0.9522019658715632,1.0,1.0,1.0,1.584962500721156,0.0,0.0,1.0,0.9259259259259259,0.021897810218978103,1.0,0.4242640687119285
276,41,558,3,0.25,3,1.0,0.021897810218978103,0.04285714285714286,0.7746042551311372,1.0,1.0,1.0,1.584962500721156,0.3333333333333333,0.0,1.0,0.6296296296296297,0.021897810218978103,1.0,0.4242640687119285
276,41,5360,9,0.2727272727272727,7,1.0,0.0364963503649635,0.0704225352112676,0.7315509199818183,1.0,1.0,1.0,2.725480556997868,0.2222222222222222,0.0,1.0,0.71875,0.06569343065693431,0.8412698412698412,1.0
276,41,592,2,0.16666666666666666,2,1.0,0.014598540145985401,0.028776978417266185,0.9764599063144255,1.0,1.0,1.0,1.0,0.0,0.0,1.0,1.0,0.014598540145985401,1.0,0.282842712474619
276,41,4656,3,0.10344827586206896,3,1.0,0.021897810218978103,0.04285714285714286,0.9298593499260985,1.0,1.0,1.0,1.584962500721156,0.0,0.0,1.0,0.7777777777777778,0.021897810218978103,1.0,0.4242640687119285
276,41,880,4,0.36363636363636365,4,1.0,0.029197080291970802,0.05673758865248227,0.8928958696144895,1.0,1.0,1.0,2.0,0.0,0.0,1.0,0.9117647058823529,0.029197080291970802,1.0,0.565685424949238
276,41,4088,10,0.5882352941176471,5,1.0,0.0364963503649635,0.0704225352112676,0.8213365387411478,1.0,1.0,1.0,1.9609640474436814,0.3,0.0,1.0,0.7246376811594203,0.072992700729927,0.6399999999999999,1.0
276,4143,1442,5,0.29411764705882354,3,1.0,0.0364963503649635,0.0704225352112676,0.7019300039236019,1.0,1.0,1.0,1.5219280948873621,0.4,0.0,1.0,0.5853658536585366,0.0364963503649635,0.8666666666666667,0.5477225575051661
276,4143,4326,2,0.1111111111111111,2,1.0,0.014598540145985401,0.028776978417266185,0.8597186998521972,1.0,1.0,1.0,1.0,0.0,0.0,1.0,0.7894736842105263,0.014598540145985401,1.0,0.282842712474619
276,4143,3143,3,0.125,2,1.0,0.021897810218978103,0.04285714285714286,0.869152345385363,1.0,1.0,1.0,0.9182958340544896,0.0,0.0,1.0,0.7777777777777778,0.021897810218978103,0.8333333333333333,0.3464101615137754
276,4143,104,2,0.06060606060606061,2,1.0,0.014598540145985401,0.028776978417266185,0.892911205473213,1.0,1.0,1.0,1.0,0.0,0.0,1.0,0.8421052631578947,0.014598540145985401,1.0,0.282842712474619
276,4143,1356,2,0.13333333333333333,2,1.0,0.014598540145985401,0.028776978417266185,0.892911205473213,1.0,1.0,1.0,1.0,0.0,0.0,1.0,0.8421052631578947,0.014598540145985401,1.0,0.282842712474619
276,4143,3438,1,0.0625,1,1.0,0.0072992700729927005,0.014492753623188404,1.0,1.0,1.0,1.0,0.0,0.0,0.0,1.0,1.0,0.0072992700729927005,1.0,0.1414213562373095
276,4143,5360,1,0.030303030303030304,1,1.0,0.0072992700729927005,0.014492753623188404,1.0,1.0,1.0,1.0,0.0,0.0,0.0,1.0,1.0,0.0072992700729927005,1.0,0.1414213562373095
276,4143,592,2,0.16666666666666666,2,1.0,0.014598540145985401,0.028776978417266185,0.8597186998521972,1.0,1.0,1.0,1.0,0.0,0.0,1.0,0.7894736842105263,0.014598540145985401,1.0,0.282842712474619
276,4143,558,0,0.0,0,0.0,0.0,0.0,0.0,0.0,0.0,0.0,0.0,0.0,0.0,0.0,0.0,0.0,1.0,0.0
276,4143,4656,0,0.0,0,0.0,0.0,0.0,0.0,0.0,0.0,0.0,0.0,0.0,0.0,0.0,0.0,0.0,1.0,0.0
276,4143,880,4,0.36363636363636365,3,1.0,0.029197080291970802,0.05673758865248227,0.7343788596303724,1.0,1.0,1.0,1.5,0.25,0.0,1.0,0.6764705882352942,0.029197080291970802,0.8333333333333333,0.4898979485566356
276,4143,4088,3,0.17647058823529413,3,1.0,0.021897810218978103,0.04285714285714286,0.6849970063690538,1.0,1.0,1.0,1.584962500721156,0.3333333333333333,0.0,1.0,0.6296296296296297,0.021897810218978103,1.0,0.4242640687119285
276,4184,1442,3,0.17647058823529413,3,1.0,0.021897810218978103,0.04285714285714286,0.7174073291678353,1.0,1.0,1.0,1.584962500721156,0.3333333333333333,0.0,1.0,0.6296296296296297,0.021897810218978103,1.0,0.4242640687119285
276,4184,4326,5,0.2777777777777778,3,1.0,0.0364963503649635,0.0704225352112676,0.8980800572618395,1.0,1.0,1.0,1.3709505944546687,0.2,0.0,1.0,0.7560975609756098,0.0364963503649635,0.7333333333333332,0.5477225575051661
276,4184,3143,9,0.375,3,1.0,0.0364963503649635,0.0704225352112676,0.7441250997197867,1.0,1.0,1.0,1.3516441151533922,0.1111111111111111,0.0,1.0,0.765625,0.06569343065693431,0.7037037037037037,0.7348469228349535
276,4184,104,8,0.24242424242424243,6,1.0,0.0364963503649635,0.0704225352112676,0.7052914719183293,1.0,1.0,1.0,2.4056390622295662,0.375,0.0,1.0,0.6101694915254238,0.058394160583941604,0.7916666666666667,0.9797958971132712
276,4184,1356,4,0.26666666666666666,3,1.0,0.029197080291970802,0.05673758865248227,0.7732760880133429,1.0,1.0,1.0,1.5,0.0,0.0,1.0,0.7058823529411765,0.029197080291970802,0.8333333333333333,0.4898979485566356
276,4184,3438,3,0.1875,3,1.0,0.021897810218978103,0.04285714285714286,0.9390250151083238,1.0,1.0,1.0,1.584962500721156,0.0,0.0,1.0,0.9259259259259259,0.021897810218978103,1.0,0.4242640687119285
276,4184,558,2,0.16666666666666666,2,1.0,0.014598540145985401,0.028776978417266185,1.0,1.0,1.0,1.0,1.0,0.0,0.0,1.0,0.7894736842105263,0.014598540145985401,1.0,0.282842712474619
276,4184,5360,7,0.21212121212121213,3,1.0,0.0364963503649635,0.0704225352112676,0.8329067385136639,1.0,1.0,1.0,1.3787834934861753,0.0,0.0,1.0,0.7924528301886793,0.051094890510948905,0.7142857142857142,0.648074069840786
276,4184,592,4,0.3333333333333333,3,1.0,0.029197080291970802,0.05673758865248227,0.9286237499407403,1.0,1.0,1.0,1.5,0.0,0.0,1.0,0.8823529411764706,0.029197080291970802,0.8333333333333333,0.4898979485566356
276,4184,4656,4,0.13793103448275862,2,1.0,0.029197080291970802,0.05673758865248227,1.0,1.0,1.0,1.0,1.0,0.25,0.0,1.0,0.6470588235294118,0.029197080291970802,1.0,0.4
276,4184,880,2,0.18181818181818182,2,1.0,0.014598540145985401,0.028776978417266185,0.8597186998521972,1.0,1.0,1.0,1.0,0.0,0.0,1.0,0.7894736842105263,0.014598540145985401,1.0,0.282842712474619
276,4184,4088,4,0.23529411764705882,3,1.0,0.029197080291970802,0.05673758865248227,0.7343788596303724,1.0,1.0,1.0,1.5,0.25,0.0,1.0,0.6764705882352942,0.029197080291970802,0.8333333333333333,0.4898979485566356
276,4254,1442,3,0.17647058823529413,2,1.0,0.021897810218978103,0.04285714285714286,0.8728540846195235,1.0,1.0,1.0,0.9182958340544896,0.0,0.0,1.0,0.7407407407407407,0.021897810218978103,0.8333333333333333,0.3464101615137754
276,4254,4326,2,0.1111111111111111,2,1.0,0.014598540145985401,0.028776978417266185,0.9509457695419297,1.0,1.0,1.0,1.0,0.0,0.0,1.0,0.9473684210526315,0.014598540145985401,1.0,0.282842712474619
276,4254,3143,7,0.2916666666666667,5,1.0,0.0364963503649635,0.0704225352112676,0.7303090723119116,1.0,1.0,1.0,2.1280852788913944,0.14285714285714285,0.0,1.0,0.8113207547169812,0.051094890510948905,0.7714285714285714,0.8366600265340756
276,4254,104,9,0.2727272727272727,4,1.0,0.0364963503649635,0.0704225352112676,0.6838622195654689,1.0,1.0,1.0,1.6577427265048887,0.2222222222222222,0.0,1.0,0.6875,0.06569343065693431,0.6388888888888888,0.848528137423857
276,4254,1356,4,0.26666666666666666,4,1.0,0.029197080291970802,0.05673758865248227,0.8873538159231962,1.0,1.0,1.0,2.0,0.0,0.0,1.0,0.8823529411764706,0.029197080291970802,1.0,0.565685424949238
276,4254,3438,5,0.3125,4,1.0,0.0364963503649635,0.0704225352112676,0.9447008421724711,1.0,1.0,1.0,1.9219280948873623,0.0,0.0,1.0,0.975609756097561,0.0364963503649635,0.8500000000000001,0.6324555320336759
276,4254,558,4,0.3333333333333333,3,1.0,0.029197080291970802,0.05673758865248227,0.9816670245875508,1.0,1.0,1.0,1.5,0.0,0.0,1.0,0.8823529411764706,0.029197080291970802,0.8333333333333333,0.4898979485566356
276,4254,5360,15,0.45454545454545453,5,1.0,0.0364963503649635,0.0704225352112676,0.7324026789179561,1.0,1.0,1.0,1.5589385323502771,0.4666666666666667,0.0,1.0,0.7272727272727273,0.10948905109489052,0.4933333333333332,1.0
276,4254,592,5,0.4166666666666667,4,1.0,0.0364963503649635,0.0704225352112676,0.7853944594408803,1.0,1.0,1.0,1.9219280948873623,0.2,0.0,1.0,0.8780487804878049,0.0364963503649635,0.8500000000000001,0.6324555320336759
276,4254,4656,13,0.4482758620689655,4,1.0,0.0364963503649635,0.0704225352112676,0.7770678703501128,1.0,1.0,1.0,1.1451104143815827,0.5384615384615384,0.0,1.0,0.6049382716049383,0.0948905109489051,0.48076923076923084,1.0
276,4254,880,3,0.2727272727272727,3,1.0,0.021897810218978103,0.04285714285714286,0.9522019658715632,1.0,1.0,1.0,1.584962500721156,0.0,0.0,1.0,0.9259259259259259,0.021897810218978103,1.0,0.4242640687119285
276,4254,4088,5,0.29411764705882354,5,1.0,0.0364963503649635,0.0704225352112676,0.8923806630887787,1.0,1.0,1.0,2.321928094887362,0.0,0.0,1.0,0.8780487804878049,0.0364963503649635,1.0,0.7071067811865475
276,4294,1442,2,0.11764705882352941,2,1.0,0.014598540145985401,0.028776978417266185,0.8597186998521972,1.0,1.0,1.0,1.0,0.0,0.0,1.0,0.7894736842105263,0.014598540145985401,1.0,0.282842712474619
276,4294,4326,6,0.3333333333333333,3,1.0,0.0364963503649635,0.0704225352112676,0.9734178913602882,1.0,1.0,1.0,1.4591479170272448,0.16666666666666666,0.0,1.0,0.7446808510638298,0.043795620437956206,0.7777777777777777,0.6
276,4294,104,3,0.09090909090909091,3,1.0,0.021897810218978103,0.04285714285714286,0.710563245743105,1.0,1.0,1.0,1.584962500721156,0.3333333333333333,0.0,1.0,0.7037037037037037,0.021897810218978103,1.0,0.4242640687119285
276,4294,3143,8,0.3333333333333333,4,1.0,0.0364963503649635,0.0704225352112676,0.7493635344173087,1.0,1.0,1.0,1.75,0.125,0.0,1.0,0.8305084745762712,0.058394160583941604,0.6875,0.8
276,4294,1356,4,0.26666666666666666,4,1.0,0.029197080291970802,0.05673758865248227,0.7998839193688707,1.0,1.0,1.0,2.0,0.25,0.0,1.0,0.7058823529411765,0.029197080291970802,1.0,0.565685424949238
276,4294,3438,5,0.3125,4,1.0,0.0364963503649635,0.0704225352112676,0.9285175111235733,1.0,1.0,1.0,1.9219280948873623,0.0,0.0,1.0,0.926829268292683,0.0364963503649635,0.8500000000000001,0.6324555320336759
276,4294,558,3,0.25,3,1.0,0.021897810218978103,0.04285714285714286,0.9640443378375724,1.0,1.0,1.0,1.584962500721156,0.0,0.0,1.0,0.8888888888888888,0.021897810218978103,1.0,0.4242640687119285
276,4294,5360,9,0.2727272727272727,4,1.0,0.0364963503649635,0.0704225352112676,0.7493635344173087,1.0,1.0,1.0,1.7527152789797045,0.3333333333333333,0.0,1.0,0.734375,0.06569343065693431,0.6944444444444444,0.848528137423857
276,4294,592,5,0.4166666666666667,4,1.0,0.0364963503649635,0.0704225352112676,0.9314198494135378,1.0,1.0,1.0,1.9219280948873623,0.0,0.0,1.0,0.9512195121951219,0.0364963503649635,0.8500000000000001,0.6324555320336759
276,4294,4656,6,0.20689655172413793,3,1.0,0.0364963503649635,0.0704225352112676,0.6984246434308555,1.0,1.0,1.0,1.2516291673878228,0.5,0.0,1.0,0.6170212765957447,0.043795620437956206,0.6666666666666665,0.6
276,4294,880,3,0.2727272727272727,3,1.0,0.021897810218978103,0.04285714285714286,0.9436847671609195,1.0,1.0,1.0,1.584962500721156,0.0,0.0,1.0,0.8888888888888888,0.021897810218978103,1.0,0.4242640687119285
276,4294,4088,5,0.29411764705882354,4,1.0,0.0364963503649635,0.0704225352112676,0.6343713758737176,1.0,1.0,1.0,1.9219280948873623,0.4,0.0,1.0,0.6341463414634146,0.0364963503649635,0.8500000000000001,0.6324555320336759
276,4314,1442,2,0.11764705882352941,2,1.0,0.014598540145985401,0.028776978417266185,0.687550167778977,1.0,1.0,1.0,1.0,0.5,0.0,1.0,0.5789473684210527,0.014598540145985401,1.0,0.282842712474619
276,4314,4326,1,0.05555555555555555,1,1.0,0.0072992700729927005,0.014492753623188404,1.0,1.0,1.0,1.0,0.0,0.0,0.0,1.0,1.0,0.0072992700729927005,1.0,0.1414213562373095
276,4314,3143,2,0.08333333333333333,2,1.0,0.014598540145985401,0.028776978417266185,0.9764599063144255,1.0,1.0,1.0,1.0,0.0,0.0,1.0,1.0,0.014598540145985401,1.0,0.282842712474619
276,4314,104,2,0.06060606060606061,2,1.0,0.014598540145985401,0.028776978417266185,0.687550167778977,1.0,1.0,1.0,1.0,0.5,0.0,1.0,0.5789473684210527,0.014598540145985401,1.0,0.282842712474619
276,4314,1356,2,0.13333333333333333,2,1.0,0.014598540145985401,0.028776978417266185,0.9764599063144255,1.0,1.0,1.0,1.0,0.0,0.0,1.0,1.0,0.014598540145985401,1.0,0.282842712474619
276,4314,3438,3,0.1875,3,1.0,0.021897810218978103,0.04285714285714286,0.9522019658715632,1.0,1.0,1.0,1.584962500721156,0.0,0.0,1.0,0.9259259259259259,0.021897810218978103,1.0,0.4242640687119285
276,4314,558,2,0.16666666666666666,2,1.0,0.014598540145985401,0.028776978417266185,1.0,1.0,1.0,1.0,1.0,0.0,0.0,1.0,0.7894736842105263,0.014598540145985401,1.0,0.282842712474619
276,4314,5360,3,0.09090909090909091,3,1.0,0.021897810218978103,0.04285714285714286,0.9522019658715632,1.0,1.0,1.0,1.584962500721156,0.0,0.0,1.0,0.9259259259259259,0.021897810218978103,1.0,0.4242640687119285
276,4314,592,2,0.16666666666666666,2,1.0,0.014598540145985401,0.028776978417266185,0.9764599063144255,1.0,1.0,1.0,1.0,0.0,0.0,1.0,1.0,0.014598540145985401,1.0,0.282842712474619
276,4314,4656,2,0.06896551724137931,2,1.0,0.014598540145985401,0.028776978417266185,1.0,1.0,1.0,1.0,1.0,0.0,0.0,1.0,0.7894736842105263,0.014598540145985401,1.0,0.282842712474619
276,4314,880,3,0.2727272727272727,3,1.0,0.021897810218978103,0.04285714285714286,0.9522019658715632,1.0,1.0,1.0,1.584962500721156,0.0,0.0,1.0,0.9259259259259259,0.021897810218978103,1.0,0.4242640687119285
276,4314,4088,3,0.17647058823529413,3,1.0,0.021897810218978103,0.04285714285714286,0.9522019658715632,1.0,1.0,1.0,1.584962500721156,0.0,0.0,1.0,0.9259259259259259,0.021897810218978103,1.0,0.4242640687119285
276,4427,1442,3,0.17647058823529413,3,1.0,0.021897810218978103,0.04285714285714286,0.7394915187441626,1.0,1.0,1.0,1.584962500721156,0.3333333333333333,0.0,1.0,0.5555555555555556,0.021897810218978103,1.0,0.4242640687119285
276,4427,4326,2,0.1111111111111111,2,1.0,0.014598540145985401,0.028776978417266185,0.8231817979910551,1.0,1.0,1.0,1.0,0.0,0.0,1.0,0.7368421052631579,0.014598540145985401,1.0,0.282842712474619
276,4427,3143,2,0.08333333333333333,2,1.0,0.014598540145985401,0.028776978417266185,0.9764599063144255,1.0,1.0,1.0,1.0,0.0,0.0,1.0,1.0,0.014598540145985401,1.0,0.282842712474619
276,4427,104,1,0.030303030303030304,1,1.0,0.0072992700729927005,0.014492753623188404,1.0,1.0,1.0,1.0,0.0,0.0,0.0,1.0,1.0,0.0072992700729927005,1.0,0.1414213562373095
276,4427,1356,2,0.13333333333333333,2,1.0,0.014598540145985401,0.028776978417266185,0.9764599063144255,1.0,1.0,1.0,1.0,0.0,0.0,1.0,1.0,0.014598540145985401,1.0,0.282842712474619
276,4427,3438,4,0.25,4,1.0,0.029197080291970802,0.05673758865248227,0.8325607441479614,1.0,1.0,1.0,2.0,0.0,0.0,1.0,0.8529411764705882,0.029197080291970802,1.0,0.565685424949238
276,4427,558,3,0.25,3,1.0,0.021897810218978103,0.04285714285714286,0.7746042551311372,1.0,1.0,1.0,1.584962500721156,0.3333333333333333,0.0,1.0,0.6296296296296297,0.021897810218978103,1.0,0.4242640687119285
276,4427,5360,4,0.12121212121212122,4,1.0,0.029197080291970802,0.05673758865248227,0.7669062132913337,1.0,1.0,1.0,2.0,0.25,0.0,1.0,0.7941176470588235,0.029197080291970802,1.0,0.565685424949238
276,4427,592,2,0.16666666666666666,2,1.0,0.014598540145985401,0.028776978417266185,0.9764599063144255,1.0,1.0,1.0,1.0,0.0,0.0,1.0,1.0,0.014598540145985401,1.0,0.282842712474619
276,4427,4656,2,0.06896551724137931,2,1.0,0.014598540145985401,0.028776978417266185,1.0,1.0,1.0,1.0,1.0,0.0,0.0,1.0,0.7894736842105263,0.014598540145985401,1.0,0.282842712474619
276,4427,880,4,0.36363636363636365,4,1.0,0.029197080291970802,0.05673758865248227,0.8325607441479614,1.0,1.0,1.0,2.0,0.0,0.0,1.0,0.8529411764705882,0.029197080291970802,1.0,0.565685424949238
276,4427,4088,3,0.17647058823529413,3,1.0,0.021897810218978103,0.04285714285714286,0.9522019658715632,1.0,1.0,1.0,1.584962500721156,0.0,0.0,1.0,0.9259259259259259,0.021897810218978103,1.0,0.4242640687119285
276,45,1442,4,0.23529411764705882,3,1.0,0.029197080291970802,0.05673758865248227,0.7343788596303724,1.0,1.0,1.0,1.5,0.25,0.0,1.0,0.6764705882352942,0.029197080291970802,0.8333333333333333,0.4898979485566356
276,45,4326,3,0.16666666666666666,2,1.0,0.021897810218978103,0.04285714285714286,0.9206272016207403,1.0,1.0,1.0,0.9182958340544896,0.0,0.0,1.0,0.8518518518518519,0.021897810218978103,0.8333333333333333,0.3464101615137754
276,45,3143,4,0.16666666666666666,2,1.0,0.029197080291970802,0.05673758865248227,0.9203756752662261,1.0,1.0,1.0,0.8112781244591328,0.0,0.0,1.0,0.8529411764705882,0.029197080291970802,0.75,0.4
276,45,104,3,0.09090909090909091,2,1.0,0.021897810218978103,0.04285714285714286,0.9300809618991231,1.0,1.0,1.0,0.9182958340544896,0.0,0.0,1.0,0.8888888888888888,0.021897810218978103,0.8333333333333333,0.3464101615137754
276,45,1356,2,0.13333333333333333,2,1.0,0.014598540145985401,0.028776978417266185,0.892911205473213,1.0,1.0,1.0,1.0,0.0,0.0,1.0,0.8421052631578947,0.014598540145985401,1.0,0.282842712474619
276,45,3438,2,0.125,2,1.0,0.014598540145985401,0.028776978417266185,0.9509457695419297,1.0,1.0,1.0,1.0,0.0,0.0,1.0,0.9473684210526315,0.014598540145985401,1.0,0.282842712474619
276,45,558,2,0.16666666666666666,2,1.0,0.014598540145985401,0.028776978417266185,0.7609096232928763,1.0,1.0,1.0,1.0,0.5,0.0,1.0,0.5263157894736842,0.014598540145985401,1.0,0.282842712474619
276,45,5360,2,0.06060606060606061,2,1.0,0.014598540145985401,0.028776978417266185,0.9509457695419297,1.0,1.0,1.0,1.0,0.0,0.0,1.0,0.9473684210526315,0.014598540145985401,1.0,0.282842712474619
276,45,592,3,0.25,2,1.0,0.021897810218978103,0.04285714285714286,0.9206272016207403,1.0,1.0,1.0,0.9182958340544896,0.0,0.0,1.0,0.8518518518518519,0.021897810218978103,0.8333333333333333,0.3464101615137754
276,45,4656,2,0.06896551724137931,2,1.0,0.014598540145985401,0.028776978417266185,0.7609096232928763,1.0,1.0,1.0,1.0,0.5,0.0,1.0,0.5263157894736842,0.014598540145985401,1.0,0.282842712474619
276,45,880,4,0.36363636363636365,3,1.0,0.029197080291970802,0.05673758865248227,0.7343788596303724,1.0,1.0,1.0,1.5,0.25,0.0,1.0,0.6764705882352942,0.029197080291970802,0.8333333333333333,0.4898979485566356
276,45,4088,2,0.11764705882352941,2,1.0,0.014598540145985401,0.028776978417266185,0.892911205473213,1.0,1.0,1.0,1.0,0.0,0.0,1.0,0.8421052631578947,0.014598540145985401,1.0,0.282842712474619
276,4525,1442,1,0.058823529411764705,1,1.0,0.0072992700729927005,0.014492753623188404,1.0,1.0,1.0,1.0,0.0,0.0,0.0,1.0,1.0,0.0072992700729927005,1.0,0.1414213562373095
276,4525,4326,2,0.1111111111111111,2,1.0,0.014598540145985401,0.028776978417266185,0.9509457695419297,1.0,1.0,1.0,1.0,0.0,0.0,1.0,0.9473684210526315,0.014598540145985401,1.0,0.282842712474619
276,4525,3143,6,0.25,3,1.0,0.0364963503649635,0.0704225352112676,0.7771451486242535,1.0,1.0,1.0,1.4591479170272448,0.16666666666666666,0.0,1.0,0.7446808510638298,0.043795620437956206,0.7777777777777777,0.6
276,4525,104,5,0.15151515151515152,4,1.0,0.0364963503649635,0.0704225352112676,0.7319597718960501,1.0,1.0,1.0,1.9219280948873623,0.2,0.0,1.0,0.7317073170731707,0.0364963503649635,0.8500000000000001,0.6324555320336759
276,4525,1356,4,0.26666666666666666,3,1.0,0.029197080291970802,0.05673758865248227,0.8103128255536071,1.0,1.0,1.0,1.5,0.0,0.0,1.0,0.7352941176470589,0.029197080291970802,0.8333333333333333,0.4898979485566356
276,4525,3438,2,0.125,2,1.0,0.014598540145985401,0.028776978417266185,0.9509457695419297,1.0,1.0,1.0,1.0,0.0,0.0,1.0,0.9473684210526315,0.014598540145985401,1.0,0.282842712474619
276,4525,558,1,0.08333333333333333,1,1.0,0.0072992700729927005,0.014492753623188404,1.0,1.0,1.0,1.0,0.0,0.0,0.0,1.0,0.8,0.0072992700729927005,1.0,0.1414213562373095
276,4525,5360,11,0.3333333333333333,3,1.0,0.0364963503649635,0.0704225352112676,0.7704924111109555,1.0,1.0,1.0,1.2406705316766884,0.5454545454545454,0.0,1.0,0.5753424657534246,0.08029197080291971,0.6363636363636362,0.812403840463596
276,4525,592,2,0.16666666666666666,2,1.0,0.014598540145985401,0.028776978417266185,0.9509457695419297,1.0,1.0,1.0,1.0,0.0,0.0,1.0,0.9473684210526315,0.014598540145985401,1.0,0.282842712474619
276,4525,4656,6,0.20689655172413793,1,1.0,0.0364963503649635,0.0704225352112676,0.7117605914329749,1.0,1.0,1.0,0.0,0.6666666666666666,0.0,1.0,0.44680851063829785,0.043795620437956206,1.0,0.3464101615137754
276,4525,880,1,0.09090909090909091,1,1.0,0.0072992700729927005,0.014492753623188404,1.0,1.0,1.0,1.0,0.0,0.0,0.0,1.0,1.0,0.0072992700729927005,1.0,0.1414213562373095
276,4525,4088,6,0.35294117647058826,3,1.0,0.0364963503649635,0.0704225352112676,0.797288999565341,1.0,1.0,1.0,1.2516291673878228,0.3333333333333333,0.0,1.0,0.5957446808510638,0.043795620437956206,0.6666666666666665,0.6
276,4673,1442,5,0.29411764705882354,2,1.0,0.0364963503649635,0.0704225352112676,0.7342872348543112,1.0,1.0,1.0,0.7219280948873623,0.2,0.0,1.0,0.6585365853658537,0.0364963503649635,0.7,0.4472135954999579
276,4673,4326,5,0.2777777777777778,3,1.0,0.0364963503649635,0.0704225352112676,0.8980800572618395,1.0,1.0,1.0,1.3709505944546687,0.2,0.0,1.0,0.7560975609756098,0.0364963503649635,0.7333333333333332,0.5477225575051661
276,4673,3143,6,0.25,4,1.0,0.0364963503649635,0.0704225352112676,0.8639679313573426,1.0,1.0,1.0,1.9182958340544893,0.0,0.0,1.0,0.9148936170212766,0.043795620437956206,0.8333333333333333,0.6928203230275508
276,4673,104,5,0.15151515151515152,2,1.0,0.0364963503649635,0.0704225352112676,0.8549003013951793,1.0,1.0,1.0,0.7219280948873623,0.2,0.0,1.0,0.7073170731707317,0.0364963503649635,0.7,0.4472135954999579
276,4673,1356,4,0.26666666666666666,4,1.0,0.029197080291970802,0.05673758865248227,0.7998839193688707,1.0,1.0,1.0,2.0,0.25,0.0,1.0,0.7058823529411765,0.029197080291970802,1.0,0.565685424949238
276,4673,3438,5,0.3125,4,1.0,0.0364963503649635,0.0704225352112676,0.9369593141183575,1.0,1.0,1.0,1.9219280948873623,0.0,0.0,1.0,1.0,0.0364963503649635,0.8500000000000001,0.6324555320336759
276,4673,558,5,0.4166666666666667,4,1.0,0.0364963503649635,0.0704225352112676,0.8029430735247896,1.0,1.0,1.0,1.9219280948873623,0.2,0.0,1.0,0.8048780487804879,0.0364963503649635,0.8500000000000001,0.6324555320336759
276,4673,5360,10,0.30303030303030304,4,1.0,0.0364963503649635,0.0704225352112676,0.7612847305740338,1.0,1.0,1.0,1.5709505944546687,0.4,0.0,1.0,0.7391304347826086,0.072992700729927,0.6000000000000001,0.8944271909999159
276,4673,592,6,0.5,4,1.0,0.0364963503649635,0.0704225352112676,0.9719542376274171,1.0,1.0,1.0,1.7924812503605778,0.0,0.0,1.0,0.9787234042553191,0.043795620437956206,0.75,0.6928203230275508
276,4673,4656,10,0.3448275862068966,4,1.0,0.0364963503649635,0.0704225352112676,0.7172304445810977,1.0,1.0,1.0,1.5709505944546687,0.5,0.0,1.0,0.6231884057971014,0.072992700729927,0.6000000000000001,0.8944271909999159
276,4673,880,3,0.2727272727272727,3,1.0,0.021897810218978103,0.04285714285714286,0.9436847671609195,1.0,1.0,1.0,1.584962500721156,0.0,0.0,1.0,0.8888888888888888,0.021897810218978103,1.0,0.4242640687119285
276,4673,4088,4,0.23529411764705882,4,1.0,0.029197080291970802,0.05673758865248227,0.6809020047312082,1.0,1.0,1.0,2.0,0.25,0.0,1.0,0.7058823529411765,0.029197080291970802,1.0,0.565685424949238
276,4749,1442,7,0.4117647058823529,3,1.0,0.0364963503649635,0.0704225352112676,0.8455725756585659,1.0,1.0,1.0,1.1488348542809166,0.14285714285714285,0.0,1.0,0.6415094339622641,0.051094890510948905,0.6190476190476191,0.648074069840786
276,4749,4326,6,0.3333333333333333,4,1.0,0.0364963503649635,0.0704225352112676,0.8758557303537177,1.0,1.0,1.0,1.9182958340544893,0.16666666666666666,0.0,1.0,0.7446808510638298,0.043795620437956206,0.8333333333333333,0.6928203230275508
276,4749,3143,7,0.2916666666666667,4,1.0,0.0364963503649635,0.0704225352112676,0.8021848629965135,1.0,1.0,1.0,1.8423709931771088,0.0,0.0,1.0,0.8679245283018868,0.051094890510948905,0.75,0.7483314773547883
276,4749,104,6,0.18181818181818182,2,1.0,0.0364963503649635,0.0704225352112676,0.8158008064993886,1.0,1.0,1.0,0.6500224216483541,0.16666666666666666,0.0,1.0,0.6808510638297872,0.043795620437956206,0.6666666666666667,0.4898979485566356
276,4749,1356,3,0.2,3,1.0,0.021897810218978103,0.04285714285714286,0.8303010754742701,1.0,1.0,1.0,1.584962500721156,0.0,0.0,1.0,0.8518518518518519,0.021897810218978103,1.0,0.4242640687119285
276,4749,3438,6,0.375,5,1.0,0.0364963503649635,0.0704225352112676,0.8653032863323237,1.0,1.0,1.0,2.2516291673878226,0.0,0.0,1.0,0.9574468085106383,0.043795620437956206,0.8666666666666667,0.7745966692414834
276,4749,558,4,0.3333333333333333,3,1.0,0.029197080291970802,0.05673758865248227,0.9693159995843194,1.0,1.0,1.0,1.5,0.0,0.0,1.0,0.9117647058823529,0.029197080291970802,0.8333333333333333,0.4898979485566356
276,4749,5360,13,0.3939393939393939,4,1.0,0.0364963503649635,0.0704225352112676,0.7388011882278595,1.0,1.0,1.0,1.4885252948977485,0.38461538461538464,0.0,1.0,0.7283950617283951,0.0948905109489051,0.5576923076923077,1.0
276,4749,592,6,0.5,4,1.0,0.0364963503649635,0.0704225352112676,0.9719542376274171,1.0,1.0,1.0,1.7924812503605778,0.0,0.0,1.0,0.9787234042553191,0.043795620437956206,0.75,0.6928203230275508
276,4749,4656,13,0.4482758620689655,3,1.0,0.0364963503649635,0.0704225352112676,0.7762527786012774,1.0,1.0,1.0,0.9912642605354288,0.5384615384615384,0.0,1.0,0.5925925925925926,0.0948905109489051,0.5384615384615383,0.8831760866327847
276,4749,880,4,0.36363636363636365,4,1.0,0.029197080291970802,0.05673758865248227,0.8283539547121105,1.0,1.0,1.0,2.0,0.0,0.0,1.0,0.8235294117647058,0.029197080291970802,1.0,0.565685424949238
276,4749,4088,3,0.17647058823529413,3,1.0,0.021897810218978103,0.04285714285714286,0.8303010754742701,1.0,1.0,1.0,1.584962500721156,0.0,0.0,1.0,0.8518518518518519,0.021897810218978103,1.0,0.4242640687119285
276,4783,1442,2,0.11764705882352941,2,1.0,0.014598540145985401,0.028776978417266185,0.8597186998521972,1.0,1.0,1.0,1.0,0.0,0.0,1.0,0.7894736842105263,0.014598540145985401,1.0,0.282842712474619
276,4783,4326,9,0.5,3,1.0,0.0364963503649635,0.0704225352112676,0.8355824935114626,1.0,1.0,1.0,1.224394445405986,0.2222222222222222,0.0,1.0,0.671875,0.06569343065693431,0.6296296296296295,0.7348469228349535
276,4783,3143,7,0.2916666666666667,4,1.0,0.0364963503649635,0.0704225352112676,0.9612147774430272,1.0,1.0,1.0,1.8423709931771088,0.14285714285714285,0.0,1.0,0.8301886792452831,0.051094890510948905,0.75,0.7483314773547883
276,4783,104,3,0.09090909090909091,2,1.0,0.021897810218978103,0.04285714285714286,0.9106188852699119,1.0,1.0,1.0,0.9182958340544896,0.0,0.0,1.0,0.8148148148148148,0.021897810218978103,0.8333333333333333,0.3464101615137754
276,4783,1356,3,0.2,3,1.0,0.021897810218978103,0.04285714285714286,0.9043514123668492,1.0,1.0,1.0,1.584962500721156,0.3333333333333333,0.0,1.0,0.7407407407407407,0.021897810218978103,1.0,0.4242640687119285
276,4783,3438,7,0.4375,4,1.0,0.0364963503649635,0.0704225352112676,0.8097542927053227,1.0,1.0,1.0,1.8423709931771088,0.0,0.0,1.0,0.8490566037735849,0.051094890510948905,0.75,0.7483314773547883
276,4783,5360,5,0.15151515151515152,4,1.0,0.0364963503649635,0.0704225352112676,0.9285175111235733,1.0,1.0,1.0,1.9219280948873623,0.0,0.0,1.0,0.926829268292683,0.0364963503649635,0.8500000000000001,0.6324555320336759
276,4783,592,5,0.4166666666666667,4,1.0,0.0364963503649635,0.0704225352112676,0.9314198494135378,1.0,1.0,1.0,1.9219280948873623,0.0,0.0,1.0,0.9512195121951219,0.0364963503649635,0.8500000000000001,0.6324555320336759
276,4783,558,3,0.25,3,1.0,0.021897810218978103,0.04285714285714286,0.9640443378375724,1.0,1.0,1.0,1.584962500721156,0.0,0.0,1.0,0.8888888888888888,0.021897810218978103,1.0,0.4242640687119285
276,4783,4656,6,0.20689655172413793,4,1.0,0.0364963503649635,0.0704225352112676,0.7035222266417206,1.0,1.0,1.0,1.7924812503605778,0.16666666666666666,0.0,1.0,0.6808510638297872,0.043795620437956206,0.75,0.6928203230275508
276,4783,880,3,0.2727272727272727,3,1.0,0.021897810218978103,0.04285714285714286,0.9436847671609195,1.0,1.0,1.0,1.584962500721156,0.0,0.0,1.0,0.8888888888888888,0.021897810218978103,1.0,0.4242640687119285
276,4783,4088,3,0.17647058823529413,3,1.0,0.021897810218978103,0.04285714285714286,0.7218508034557801,1.0,1.0,1.0,1.584962500721156,0.3333333333333333,0.0,1.0,0.7407407407407407,0.021897810218978103,1.0,0.4242640687119285
276,5068,1442,1,0.058823529411764705,1,1.0,0.0072992700729927005,0.014492753623188404,1.0,1.0,1.0,1.0,0.0,0.0,0.0,1.0,1.0,0.0072992700729927005,1.0,0.1414213562373095
276,5068,4326,1,0.05555555555555555,1,1.0,0.0072992700729927005,0.014492753623188404,1.0,1.0,1.0,1.0,0.0,0.0,0.0,1.0,1.0,0.0072992700729927005,1.0,0.1414213562373095
276,5068,3143,7,0.2916666666666667,4,1.0,0.0364963503649635,0.0704225352112676,0.7174190549212971,1.0,1.0,1.0,1.8423709931771088,0.14285714285714285,0.0,1.0,0.7358490566037735,0.051094890510948905,0.75,0.7483314773547883
276,5068,104,3,0.09090909090909091,3,1.0,0.021897810218978103,0.04285714285714286,0.869152345385363,1.0,1.0,1.0,1.584962500721156,0.0,0.0,1.0,0.7777777777777778,0.021897810218978103,1.0,0.4242640687119285
276,5068,1356,7,0.4666666666666667,4,1.0,0.0364963503649635,0.0704225352112676,0.8036515164599595,1.0,1.0,1.0,1.8423709931771088,0.14285714285714285,0.0,1.0,0.7358490566037735,0.051094890510948905,0.75,0.7483314773547883
276,5068,3438,3,0.1875,3,1.0,0.021897810218978103,0.04285714285714286,0.9522019658715632,1.0,1.0,1.0,1.584962500721156,0.0,0.0,1.0,0.9259259259259259,0.021897810218978103,1.0,0.4242640687119285
276,5068,558,2,0.16666666666666666,2,1.0,0.014598540145985401,0.028776978417266185,1.0,1.0,1.0,1.0,1.0,0.0,0.0,1.0,0.7894736842105263,0.014598540145985401,1.0,0.282842712474619
276,5068,5360,8,0.24242424242424243,5,1.0,0.0364963503649635,0.0704225352112676,0.8082983495541561,1.0,1.0,1.0,2.1556390622295662,0.125,0.0,1.0,0.7457627118644068,0.058394160583941604,0.75,0.8944271909999159
276,5068,592,2,0.16666666666666666,2,1.0,0.014598540145985401,0.028776978417266185,0.9764599063144255,1.0,1.0,1.0,1.0,0.0,0.0,1.0,1.0,0.014598540145985401,1.0,0.282842712474619
276,5068,4656,3,0.10344827586206896,3,1.0,0.021897810218978103,0.04285714285714286,0.9298593499260985,1.0,1.0,1.0,1.584962500721156,0.0,0.0,1.0,0.7777777777777778,0.021897810218978103,1.0,0.4242640687119285
276,5068,880,3,0.2727272727272727,3,1.0,0.021897810218978103,0.04285714285714286,0.9522019658715632,1.0,1.0,1.0,1.584962500721156,0.0,0.0,1.0,0.9259259259259259,0.021897810218978103,1.0,0.4242640687119285
276,5068,4088,13,0.7647058823529411,7,1.0,0.0364963503649635,0.0704225352112676,0.6454494258588229,1.0,1.0,1.0,2.1887870678023824,0.5384615384615384,0.0,1.0,0.6049382716049383,0.0948905109489051,0.6043956043956042,1.0
276,5111,1442,1,0.058823529411764705,1,1.0,0.0072992700729927005,0.014492753623188404,1.0,1.0,1.0,1.0,0.0,0.0,0.0,1.0,1.0,0.0072992700729927005,1.0,0.1414213562373095
276,5111,4326,2,0.1111111111111111,2,1.0,0.014598540145985401,0.028776978417266185,0.9509457695419297,1.0,1.0,1.0,1.0,0.0,0.0,1.0,0.9473684210526315,0.014598540145985401,1.0,0.282842712474619
276,5111,3143,7,0.2916666666666667,5,1.0,0.0364963503649635,0.0704225352112676,0.7514726281039273,1.0,1.0,1.0,2.1280852788913944,0.14285714285714285,0.0,1.0,0.7547169811320755,0.051094890510948905,0.7714285714285714,0.8366600265340756
276,5111,104,6,0.18181818181818182,3,1.0,0.0364963503649635,0.0704225352112676,0.8208658492280498,1.0,1.0,1.0,1.4591479170272448,0.3333333333333333,0.0,1.0,0.6170212765957447,0.043795620437956206,0.7777777777777777,0.6
276,5111,1356,4,0.26666666666666666,4,1.0,0.029197080291970802,0.05673758865248227,0.7953167570195755,1.0,1.0,1.0,2.0,0.0,0.0,1.0,0.7941176470588235,0.029197080291970802,1.0,0.565685424949238
276,5111,3438,4,0.25,4,1.0,0.029197080291970802,0.05673758865248227,0.9426255834454044,1.0,1.0,1.0,2.0,0.0,0.0,1.0,0.9705882352941176,0.029197080291970802,1.0,0.565685424949238
276,5111,558,3,0.25,3,1.0,0.021897810218978103,0.04285714285714286,0.9783503981178884,1.0,1.0,1.0,1.584962500721156,0.0,0.0,1.0,0.8518518518518519,0.021897810218978103,1.0,0.4242640687119285
276,5111,5360,8,0.24242424242424243,6,1.0,0.0364963503649635,0.0704225352112676,0.76369942629085,1.0,1.0,1.0,2.5,0.125,0.0,1.0,0.7627118644067796,0.058394160583941604,0.8333333333333335,0.9797958971132712
276,5111,592,3,0.25,3,1.0,0.021897810218978103,0.04285714285714286,0.9491827771962146,1.0,1.0,1.0,1.584962500721156,0.0,0.0,1.0,1.0,0.021897810218978103,1.0,0.4242640687119285
276,5111,4656,3,0.10344827586206896,3,1.0,0.021897810218978103,0.04285714285714286,0.9783503981178884,1.0,1.0,1.0,1.584962500721156,0.0,0.0,1.0,0.8518518518518519,0.021897810218978103,1.0,0.4242640687119285
276,5111,880,3,0.2727272727272727,3,1.0,0.021897810218978103,0.04285714285714286,0.9522019658715632,1.0,1.0,1.0,1.584962500721156,0.0,0.0,1.0,0.9259259259259259,0.021897810218978103,1.0,0.4242640687119285
276,5111,4088,4,0.23529411764705882,4,1.0,0.029197080291970802,0.05673758865248227,0.9405039693599757,1.0,1.0,1.0,2.0,0.0,0.0,1.0,0.8823529411764706,0.029197080291970802,1.0,0.565685424949238
276,5176,1442,5,0.29411764705882354,2,1.0,0.0364963503649635,0.0704225352112676,0.8172784208172168,1.0,1.0,1.0,0.7219280948873623,0.2,0.0,1.0,0.6829268292682927,0.0364963503649635,0.7,0.4472135954999579
276,5176,4326,4,0.2222222222222222,3,1.0,0.029197080291970802,0.05673758865248227,0.9236872522847516,1.0,1.0,1.0,1.5,0.0,0.0,1.0,0.8529411764705882,0.029197080291970802,0.8333333333333333,0.4898979485566356
276,5176,3143,9,0.375,3,1.0,0.0364963503649635,0.0704225352112676,0.829781785747462,1.0,1.0,1.0,1.3921472236645345,0.0,0.0,1.0,0.828125,0.06569343065693431,0.7777777777777777,0.7348469228349535
276,5176,104,9,0.2727272727272727,3,1.0,0.0364963503649635,0.0704225352112676,0.8381222699993401,1.0,1.0,1.0,1.224394445405986,0.1111111111111111,0.0,1.0,0.765625,0.06569343065693431,0.6296296296296295,0.7348469228349535
276,5176,1356,6,0.4,3,1.0,0.0364963503649635,0.0704225352112676,0.9187663728270931,1.0,1.0,1.0,1.4591479170272448,0.16666666666666666,0.0,1.0,0.7021276595744681,0.043795620437956206,0.7777777777777777,0.6
276,5176,3438,5,0.3125,3,1.0,0.0364963503649635,0.0704225352112676,0.9306849269246902,1.0,1.0,1.0,1.5219280948873621,0.0,0.0,1.0,0.8780487804878049,0.0364963503649635,0.8666666666666667,0.5477225575051661
276,5176,558,3,0.25,2,1.0,0.021897810218978103,0.04285714285714286,1.0,1.0,1.0,1.0,0.9182958340544896,0.0,0.0,1.0,0.8148148148148148,0.021897810218978103,0.8333333333333333,0.3464101615137754
276,5176,5360,10,0.30303030303030304,3,1.0,0.0364963503649635,0.0704225352112676,0.8321765559453701,1.0,1.0,1.0,1.3609640474436813,0.1,0.0,1.0,0.8115942028985508,0.072992700729927,0.7333333333333332,0.7745966692414834
276,5176,592,4,0.3333333333333333,3,1.0,0.029197080291970802,0.05673758865248227,0.9379051442872995,1.0,1.0,1.0,1.5,0.0,0.0,1.0,0.9411764705882353,0.029197080291970802,0.8333333333333333,0.4898979485566356
276,5176,4656,10,0.3448275862068966,2,1.0,0.0364963503649635,0.0704225352112676,0.7711174793117549,1.0,1.0,1.0,0.7219280948873623,0.5,0.0,1.0,0.5507246376811594,0.072992700729927,0.7,0.6324555320336759
276,5176,880,2,0.18181818181818182,2,1.0,0.014598540145985401,0.028776978417266185,0.892911205473213,1.0,1.0,1.0,1.0,0.0,0.0,1.0,0.8421052631578947,0.014598540145985401,1.0,0.282842712474619
276,5176,4088,9,0.5294117647058824,4,1.0,0.0364963503649635,0.0704225352112676,0.7533563352221031,1.0,1.0,1.0,1.6577427265048887,0.4444444444444444,0.0,1.0,0.5625,0.06569343065693431,0.6388888888888888,0.848528137423857
276,5201,1442,1,0.058823529411764705,1,1.0,0.0072992700729927005,0.014492753623188404,1.0,1.0,1.0,1.0,0.0,0.0,0.0,1.0,1.0,0.0072992700729927005,1.0,0.1414213562373095
276,5201,4326,3,0.16666666666666666,2,1.0,0.021897810218978103,0.04285714285714286,0.8847020798206645,1.0,1.0,1.0,0.9182958340544896,0.0,0.0,1.0,0.7777777777777778,0.021897810218978103,0.8333333333333333,0.3464101615137754
276,5201,3143,11,0.4583333333333333,5,1.0,0.0364963503649635,0.0704225352112676,0.9224340954598991,1.0,1.0,1.0,1.971747257128181,0.18181818181818182,0.0,1.0,0.7534246575342466,0.08029197080291971,0.6363636363636362,1.0
276,5201,104,5,0.15151515151515152,3,1.0,0.0364963503649635,0.0704225352112676,0.7238593654548745,1.0,1.0,1.0,1.3709505944546687,0.2,0.0,1.0,0.6341463414634146,0.0364963503649635,0.7333333333333332,0.5477225575051661
276,5201,1356,7,0.4666666666666667,5,1.0,0.0364963503649635,0.0704225352112676,0.7817499454259583,1.0,1.0,1.0,2.1280852788913944,0.14285714285714285,0.0,1.0,0.7358490566037735,0.051094890510948905,0.7714285714285714,0.8366600265340756
276,5201,3438,4,0.25,3,1.0,0.029197080291970802,0.05673758865248227,0.9083329091014045,1.0,1.0,1.0,1.5,0.0,0.0,1.0,0.8823529411764706,0.029197080291970802,0.8333333333333333,0.4898979485566356
276,5201,558,2,0.16666666666666666,2,1.0,0.014598540145985401,0.028776978417266185,0.9449826677905079,1.0,1.0,1.0,1.0,0.0,0.0,1.0,0.8421052631578947,0.014598540145985401,1.0,0.282842712474619
276,5201,5360,9,0.2727272727272727,5,1.0,0.0364963503649635,0.0704225352112676,0.8110930976520692,1.0,1.0,1.0,2.058813890331201,0.0,0.0,1.0,0.796875,0.06569343065693431,0.6888888888888889,0.9486832980505138
276,5201,592,3,0.25,3,1.0,0.021897810218978103,0.04285714285714286,0.9217868789962073,1.0,1.0,1.0,1.584962500721156,0.0,0.0,1.0,0.9629629629629629,0.021897810218978103,1.0,0.4242640687119285
276,5201,4656,3,0.10344827586206896,3,1.0,0.021897810218978103,0.04285714285714286,0.9311102132909901,1.0,1.0,1.0,1.584962500721156,0.0,0.0,1.0,0.8148148148148148,0.021897810218978103,1.0,0.4242640687119285
276,5201,880,2,0.18181818181818182,2,1.0,0.014598540145985401,0.028776978417266185,0.9764599063144255,1.0,1.0,1.0,1.0,0.0,0.0,1.0,1.0,0.014598540145985401,1.0,0.282842712474619
276,5201,4088,8,0.47058823529411764,4,1.0,0.0364963503649635,0.0704225352112676,0.741354520202903,1.0,1.0,1.0,1.5487949406953985,0.375,0.0,1.0,0.6610169491525424,0.058394160583941604,0.625,0.8
276,522,1442,6,0.35294117647058826,3,1.0,0.0364963503649635,0.0704225352112676,0.8107734964435334,1.0,1.0,1.0,1.4591479170272448,0.3333333333333333,0.0,1.0,0.574468085106383,0.043795620437956206,0.7777777777777777,0.6
276,522,4326,3,0.16666666666666666,2,1.0,0.021897810218978103,0.04285714285714286,0.9206272016207403,1.0,1.0,1.0,0.9182958340544896,0.0,0.0,1.0,0.8518518518518519,0.021897810218978103,0.8333333333333333,0.3464101615137754
276,522,3143,4,0.16666666666666666,2,1.0,0.029197080291970802,0.05673758865248227,0.9203756752662261,1.0,1.0,1.0,0.8112781244591328,0.0,0.0,1.0,0.8529411764705882,0.029197080291970802,0.75,0.4
276,522,104,4,0.12121212121212122,3,1.0,0.029197080291970802,0.05673758865248227,0.7227037989556174,1.0,1.0,1.0,1.5,0.25,0.0,1.0,0.7352941176470589,0.029197080291970802,0.8333333333333333,0.4898979485566356
276,522,1356,2,0.13333333333333333,2,1.0,0.014598540145985401,0.028776978417266185,0.892911205473213,1.0,1.0,1.0,1.0,0.0,0.0,1.0,0.8421052631578947,0.014598540145985401,1.0,0.282842712474619
276,522,3438,2,0.125,2,1.0,0.014598540145985401,0.028776978417266185,0.9509457695419297,1.0,1.0,1.0,1.0,0.0,0.0,1.0,0.9473684210526315,0.014598540145985401,1.0,0.282842712474619
276,522,558,1,0.08333333333333333,1,1.0,0.0072992700729927005,0.014492753623188404,1.0,1.0,1.0,1.0,0.0,0.0,0.0,1.0,0.8,0.0072992700729927005,1.0,0.1414213562373095
276,522,5360,4,0.12121212121212122,2,1.0,0.029197080291970802,0.05673758865248227,0.8730965128534848,1.0,1.0,1.0,0.8112781244591328,0.25,0.0,1.0,0.6764705882352942,0.029197080291970802,0.75,0.4
276,522,592,3,0.25,2,1.0,0.021897810218978103,0.04285714285714286,0.9206272016207403,1.0,1.0,1.0,0.9182958340544896,0.0,0.0,1.0,0.8518518518518519,0.021897810218978103,0.8333333333333333,0.3464101615137754
276,522,4656,3,0.10344827586206896,1,1.0,0.021897810218978103,0.04285714285714286,1.0,1.0,1.0,1.0,0.0,0.3333333333333333,0.0,1.0,0.48148148148148145,0.021897810218978103,1.0,0.2449489742783178
276,522,880,4,0.36363636363636365,3,1.0,0.029197080291970802,0.05673758865248227,0.7343788596303724,1.0,1.0,1.0,1.5,0.25,0.0,1.0,0.6764705882352942,0.029197080291970802,0.8333333333333333,0.4898979485566356
276,522,4088,2,0.11764705882352941,2,1.0,0.014598540145985401,0.028776978417266185,0.892911205473213,1.0,1.0,1.0,1.0,0.0,0.0,1.0,0.8421052631578947,0.014598540145985401,1.0,0.282842712474619
276,5241,1442,2,0.11764705882352941,2,1.0,0.014598540145985401,0.028776978417266185,0.687550167778977,1.0,1.0,1.0,1.0,0.5,0.0,1.0,0.5789473684210527,0.014598540145985401,1.0,0.282842712474619
276,5241,4326,1,0.05555555555555555,1,1.0,0.0072992700729927005,0.014492753623188404,1.0,1.0,1.0,1.0,0.0,0.0,0.0,1.0,1.0,0.0072992700729927005,1.0,0.1414213562373095
276,5241,3143,2,0.08333333333333333,2,1.0,0.014598540145985401,0.028776978417266185,0.9764599063144255,1.0,1.0,1.0,1.0,0.0,0.0,1.0,1.0,0.014598540145985401,1.0,0.282842712474619
276,5241,104,2,0.06060606060606061,2,1.0,0.014598540145985401,0.028776978417266185,0.687550167778977,1.0,1.0,1.0,1.0,0.5,0.0,1.0,0.5789473684210527,0.014598540145985401,1.0,0.282842712474619
276,5241,1356,2,0.13333333333333333,2,1.0,0.014598540145985401,0.028776978417266185,0.9764599063144255,1.0,1.0,1.0,1.0,0.0,0.0,1.0,1.0,0.014598540145985401,1.0,0.282842712474619
276,5241,3438,3,0.1875,3,1.0,0.021897810218978103,0.04285714285714286,0.9522019658715632,1.0,1.0,1.0,1.584962500721156,0.0,0.0,1.0,0.9259259259259259,0.021897810218978103,1.0,0.4242640687119285
276,5241,558,2,0.16666666666666666,2,1.0,0.014598540145985401,0.028776978417266185,1.0,1.0,1.0,1.0,1.0,0.0,0.0,1.0,0.7894736842105263,0.014598540145985401,1.0,0.282842712474619
276,5241,5360,3,0.09090909090909091,3,1.0,0.021897810218978103,0.04285714285714286,0.9522019658715632,1.0,1.0,1.0,1.584962500721156,0.0,0.0,1.0,0.9259259259259259,0.021897810218978103,1.0,0.4242640687119285
276,5241,592,2,0.16666666666666666,2,1.0,0.014598540145985401,0.028776978417266185,0.9764599063144255,1.0,1.0,1.0,1.0,0.0,0.0,1.0,1.0,0.014598540145985401,1.0,0.282842712474619
276,5241,4656,2,0.06896551724137931,2,1.0,0.014598540145985401,0.028776978417266185,1.0,1.0,1.0,1.0,1.0,0.0,0.0,1.0,0.7894736842105263,0.014598540145985401,1.0,0.282842712474619
276,5241,880,3,0.2727272727272727,3,1.0,0.021897810218978103,0.04285714285714286,0.9522019658715632,1.0,1.0,1.0,1.584962500721156,0.0,0.0,1.0,0.9259259259259259,0.021897810218978103,1.0,0.4242640687119285
276,5241,4088,4,0.23529411764705882,4,1.0,0.029197080291970802,0.05673758865248227,0.7318593810285016,1.0,1.0,1.0,2.0,0.25,0.0,1.0,0.7647058823529411,0.029197080291970802,1.0,0.565685424949238
276,5341,1442,1,0.058823529411764705,1,1.0,0.0072992700729927005,0.014492753623188404,1.0,1.0,1.0,1.0,0.0,0.0,0.0,1.0,1.0,0.0072992700729927005,1.0,0.1414213562373095
276,5341,4326,1,0.05555555555555555,1,1.0,0.0072992700729927005,0.014492753623188404,1.0,1.0,1.0,1.0,0.0,0.0,0.0,1.0,1.0,0.0072992700729927005,1.0,0.1414213562373095
276,5341,3143,4,0.16666666666666666,4,1.0,0.029197080291970802,0.05673758865248227,0.8873538159231962,1.0,1.0,1.0,2.0,0.0,0.0,1.0,0.8823529411764706,0.029197080291970802,1.0,0.565685424949238
276,5341,104,3,0.09090909090909091,3,1.0,0.021897810218978103,0.04285714285714286,0.869152345385363,1.0,1.0,1.0,1.584962500721156,0.0,0.0,1.0,0.7777777777777778,0.021897810218978103,1.0,0.4242640687119285
276,5341,1356,4,0.26666666666666666,4,1.0,0.029197080291970802,0.05673758865248227,0.8873538159231962,1.0,1.0,1.0,2.0,0.0,0.0,1.0,0.8823529411764706,0.029197080291970802,1.0,0.565685424949238
276,5341,3438,3,0.1875,3,1.0,0.021897810218978103,0.04285714285714286,0.9522019658715632,1.0,1.0,1.0,1.584962500721156,0.0,0.0,1.0,0.9259259259259259,0.021897810218978103,1.0,0.4242640687119285
276,5341,558,2,0.16666666666666666,2,1.0,0.014598540145985401,0.028776978417266185,1.0,1.0,1.0,1.0,1.0,0.0,0.0,1.0,0.7894736842105263,0.014598540145985401,1.0,0.282842712474619
276,5341,5360,5,0.15151515151515152,5,1.0,0.0364963503649635,0.0704225352112676,0.8923806630887787,1.0,1.0,1.0,2.321928094887362,0.0,0.0,1.0,0.8780487804878049,0.0364963503649635,1.0,0.7071067811865475
276,5341,592,2,0.16666666666666666,2,1.0,0.014598540145985401,0.028776978417266185,0.9764599063144255,1.0,1.0,1.0,1.0,0.0,0.0,1.0,1.0,0.014598540145985401,1.0,0.282842712474619
276,5341,4656,3,0.10344827586206896,3,1.0,0.021897810218978103,0.04285714285714286,0.9298593499260985,1.0,1.0,1.0,1.584962500721156,0.0,0.0,1.0,0.7777777777777778,0.021897810218978103,1.0,0.4242640687119285
276,5341,880,3,0.2727272727272727,3,1.0,0.021897810218978103,0.04285714285714286,0.9522019658715632,1.0,1.0,1.0,1.584962500721156,0.0,0.0,1.0,0.9259259259259259,0.021897810218978103,1.0,0.4242640687119285
276,5341,4088,7,0.4117647058823529,7,1.0,0.0364963503649635,0.0704225352112676,0.652175224873968,1.0,1.0,1.0,2.807354922057604,0.2857142857142857,0.0,1.0,0.7169811320754716,0.051094890510948905,1.0,0.9899494936611665
276,5571,1442,4,0.23529411764705882,2,1.0,0.029197080291970802,0.05673758865248227,0.808564195357966,1.0,1.0,1.0,0.8112781244591328,0.5,0.0,1.0,0.38235294117647056,0.029197080291970802,0.75,0.4
276,5571,4326,1,0.05555555555555555,1,1.0,0.0072992700729927005,0.014492753623188404,1.0,1.0,1.0,1.0,0.0,0.0,0.0,1.0,0.8,0.0072992700729927005,1.0,0.1414213562373095
276,5571,3143,6,0.25,3,1.0,0.0364963503649635,0.0704225352112676,0.800700513596178,1.0,1.0,1.0,1.4591479170272448,0.0,0.0,1.0,0.7446808510638298,0.043795620437956206,0.7777777777777777,0.6
276,5571,104,8,0.24242424242424243,2,1.0,0.0364963503649635,0.0704225352112676,0.8519027510288073,1.0,1.0,1.0,0.954434002924965,0.25,0.0,1.0,0.576271186440678,0.058394160583941604,0.875,0.565685424949238
276,5571,1356,4,0.26666666666666666,3,1.0,0.029197080291970802,0.05673758865248227,0.8489369457808317,1.0,1.0,1.0,1.5,0.0,0.0,1.0,0.7058823529411765,0.029197080291970802,0.8333333333333333,0.4898979485566356
276,5571,3438,4,0.25,3,1.0,0.029197080291970802,0.05673758865248227,0.9816670245875508,1.0,1.0,1.0,1.5,0.0,0.0,1.0,0.8823529411764706,0.029197080291970802,0.8333333333333333,0.4898979485566356
276,5571,558,7,0.5833333333333334,6,1.0,0.0364963503649635,0.0704225352112676,0.7217995839782267,1.0,1.0,1.0,2.5216406363433186,0.42857142857142855,0.0,1.0,0.6792452830188679,0.051094890510948905,0.8809523809523809,0.916515138991168
276,5571,5360,14,0.42424242424242425,5,1.0,0.0364963503649635,0.0704225352112676,0.7064110581081037,1.0,1.0,1.0,1.6266888497018317,0.42857142857142855,0.0,1.0,0.6823529411764706,0.10218978102189781,0.5142857142857142,1.0
276,5571,592,3,0.25,2,1.0,0.021897810218978103,0.04285714285714286,0.9789672859463812,1.0,1.0,1.0,0.9182958340544896,0.0,0.0,1.0,0.8888888888888888,0.021897810218978103,0.8333333333333333,0.3464101615137754
276,5571,4656,15,0.5172413793103449,6,1.0,0.0364963503649635,0.0704225352112676,0.6789607502245102,1.0,1.0,1.0,1.6922718656836107,0.6,0.0,1.0,0.6136363636363636,0.10948905109489052,0.5,1.0
276,5571,880,2,0.18181818181818182,2,1.0,0.014598540145985401,0.028776978417266185,1.0,1.0,1.0,1.0,1.0,0.0,0.0,1.0,0.7894736842105263,0.014598540145985401,1.0,0.282842712474619
276,5571,4088,5,0.29411764705882354,4,1.0,0.0364963503649635,0.0704225352112676,0.8623412013146784,1.0,1.0,1.0,1.9219280948873623,0.0,0.0,1.0,0.7317073170731707,0.0364963503649635,0.8500000000000001,0.6324555320336759
276,5605,1442,3,0.17647058823529413,3,1.0,0.021897810218978103,0.04285714285714286,0.8293121225775372,1.0,1.0,1.0,1.584962500721156,0.3333333333333333,0.0,1.0,0.6666666666666666,0.021897810218978103,1.0,0.4242640687119285
276,5605,4326,4,0.2222222222222222,3,1.0,0.029197080291970802,0.05673758865248227,0.8794275213024582,1.0,1.0,1.0,1.5,0.25,0.0,1.0,0.7941176470588235,0.029197080291970802,0.8333333333333333,0.4898979485566356
276,5605,3143,10,0.4166666666666667,3,1.0,0.0364963503649635,0.0704225352112676,0.7438025934957154,1.0,1.0,1.0,1.3609640474436813,0.2,0.0,1.0,0.7536231884057971,0.072992700729927,0.7333333333333332,0.7745966692414834
276,5605,104,9,0.2727272727272727,6,1.0,0.0364963503649635,0.0704225352112676,0.7165716175279452,1.0,1.0,1.0,2.2810361125534233,0.3333333333333333,0.0,1.0,0.65625,0.06569343065693431,0.7222222222222223,1.0
276,5605,1356,5,0.3333333333333333,3,1.0,0.0364963503649635,0.0704225352112676,0.8204229104358088,1.0,1.0,1.0,1.5219280948873621,0.0,0.0,1.0,0.7560975609756098,0.0364963503649635,0.8666666666666667,0.5477225575051661
276,5605,3438,4,0.25,3,1.0,0.029197080291970802,0.05673758865248227,0.8794275213024582,1.0,1.0,1.0,1.5,0.25,0.0,1.0,0.7941176470588235,0.029197080291970802,0.8333333333333333,0.4898979485566356
276,5605,558,2,0.16666666666666666,2,1.0,0.014598540145985401,0.028776978417266185,1.0,1.0,1.0,1.0,1.0,0.0,0.0,1.0,0.7894736842105263,0.014598540145985401,1.0,0.282842712474619
276,5605,5360,7,0.21212121212121213,3,1.0,0.0364963503649635,0.0704225352112676,0.8321765559453701,1.0,1.0,1.0,1.4488156357251847,0.0,0.0,1.0,0.8113207547169812,0.051094890510948905,0.8095238095238095,0.648074069840786
276,5605,592,3,0.25,3,1.0,0.021897810218978103,0.04285714285714286,0.9390250151083238,1.0,1.0,1.0,1.584962500721156,0.0,0.0,1.0,0.9259259259259259,0.021897810218978103,1.0,0.4242640687119285
276,5605,4656,3,0.10344827586206896,2,1.0,0.021897810218978103,0.04285714285714286,1.0,1.0,1.0,1.0,0.9182958340544896,0.0,0.0,1.0,0.7777777777777778,0.021897810218978103,0.8333333333333333,0.3464101615137754
276,5605,880,2,0.18181818181818182,2,1.0,0.014598540145985401,0.028776978417266185,0.892911205473213,1.0,1.0,1.0,1.0,0.0,0.0,1.0,0.8421052631578947,0.014598540145985401,1.0,0.282842712474619
276,5605,4088,6,0.35294117647058826,3,1.0,0.0364963503649635,0.0704225352112676,0.814642825421639,1.0,1.0,1.0,1.4591479170272448,0.16666666666666666,0.0,1.0,0.7021276595744681,0.043795620437956206,0.7777777777777777,0.6
276,566,1442,3,0.17647058823529413,2,1.0,0.021897810218978103,0.04285714285714286,0.8958496943635434,1.0,1.0,1.0,0.9182958340544896,0.0,0.0,1.0,0.8148148148148148,0.021897810218978103,0.8333333333333333,0.3464101615137754
276,566,4326,5,0.2777777777777778,3,1.0,0.0364963503649635,0.0704225352112676,0.9009987775146034,1.0,1.0,1.0,1.3709505944546687,0.0,0.0,1.0,0.8292682926829268,0.0364963503649635,0.7333333333333332,0.5477225575051661
276,566,3143,5,0.20833333333333334,4,1.0,0.0364963503649635,0.0704225352112676,0.9314198494135378,1.0,1.0,1.0,1.9219280948873623,0.0,0.0,1.0,0.9512195121951219,0.0364963503649635,0.8500000000000001,0.6324555320336759
276,566,104,4,0.12121212121212122,2,1.0,0.029197080291970802,0.05673758865248227,0.9043095282952527,1.0,1.0,1.0,0.8112781244591328,0.0,0.0,1.0,0.8529411764705882,0.029197080291970802,0.75,0.4
276,566,1356,2,0.13333333333333333,2,1.0,0.014598540145985401,0.028776978417266185,0.9764599063144255,1.0,1.0,1.0,1.0,0.0,0.0,1.0,1.0,0.014598540145985401,1.0,0.282842712474619
276,566,3438,7,0.4375,5,1.0,0.0364963503649635,0.0704225352112676,0.9320743711248305,1.0,1.0,1.0,2.1280852788913944,0.0,0.0,1.0,0.9622641509433962,0.051094890510948905,0.7714285714285714,0.8366600265340756
276,566,558,5,0.4166666666666667,4,1.0,0.0364963503649635,0.0704225352112676,0.9724283644481566,1.0,1.0,1.0,1.9219280948873623,0.0,0.0,1.0,0.9024390243902439,0.0364963503649635,0.8500000000000001,0.6324555320336759
276,566,5360,6,0.18181818181818182,5,1.0,0.0364963503649635,0.0704225352112676,0.9724283644481566,1.0,1.0,1.0,2.2516291673878226,0.0,0.0,1.0,1.0,0.043795620437956206,0.8666666666666667,0.7745966692414834
276,566,592,6,0.5,4,1.0,0.0364963503649635,0.0704225352112676,0.9719542376274171,1.0,1.0,1.0,1.7924812503605778,0.0,0.0,1.0,0.9787234042553191,0.043795620437956206,0.75,0.6928203230275508
276,566,4656,6,0.20689655172413793,4,1.0,0.0364963503649635,0.0704225352112676,0.9320743711248305,1.0,1.0,1.0,1.7924812503605778,0.0,0.0,1.0,0.8723404255319149,0.043795620437956206,0.75,0.6928203230275508
276,566,880,4,0.36363636363636365,4,1.0,0.029197080291970802,0.05673758865248227,0.9405039693599757,1.0,1.0,1.0,2.0,0.0,0.0,1.0,0.8823529411764706,0.029197080291970802,1.0,0.565685424949238
276,566,4088,4,0.23529411764705882,4,1.0,0.029197080291970802,0.05673758865248227,0.7318593810285016,1.0,1.0,1.0,2.0,0.25,0.0,1.0,0.7647058823529411,0.029197080291970802,1.0,0.565685424949238
276,5746,1442,3,0.17647058823529413,3,1.0,0.021897810218978103,0.04285714285714286,0.8293121225775372,1.0,1.0,1.0,1.584962500721156,0.3333333333333333,0.0,1.0,0.6666666666666666,0.021897810218978103,1.0,0.4242640687119285
276,5746,4326,7,0.3888888888888889,3,1.0,0.0364963503649635,0.0704225352112676,0.9360814398009398,1.0,1.0,1.0,1.3787834934861753,0.42857142857142855,0.0,1.0,0.6226415094339622,0.051094890510948905,0.7142857142857142,0.648074069840786
276,5746,3143,5,0.20833333333333334,3,1.0,0.0364963503649635,0.0704225352112676,0.8043538994041054,1.0,1.0,1.0,1.3709505944546687,0.0,0.0,1.0,0.8292682926829268,0.0364963503649635,0.7333333333333332,0.5477225575051661
276,5746,104,11,0.3333333333333333,6,1.0,0.0364963503649635,0.0704225352112676,0.7128770822363185,1.0,1.0,1.0,2.2998963911678914,0.5454545454545454,0.0,1.0,0.5205479452054794,0.08029197080291971,0.6818181818181819,1.0
276,5746,1356,2,0.13333333333333333,2,1.0,0.014598540145985401,0.028776978417266185,0.892911205473213,1.0,1.0,1.0,1.0,0.0,0.0,1.0,0.8421052631578947,0.014598540145985401,1.0,0.282842712474619
276,5746,3438,5,0.3125,3,1.0,0.0364963503649635,0.0704225352112676,0.862253037989505,1.0,1.0,1.0,1.5219280948873621,0.2,0.0,1.0,0.7560975609756098,0.0364963503649635,0.8666666666666667,0.5477225575051661
276,5746,558,2,0.16666666666666666,2,1.0,0.014598540145985401,0.028776978417266185,1.0,1.0,1.0,1.0,1.0,0.0,0.0,1.0,0.7894736842105263,0.014598540145985401,1.0,0.282842712474619
276,5746,5360,5,0.15151515151515152,3,1.0,0.0364963503649635,0.0704225352112676,0.7834664071072708,1.0,1.0,1.0,1.3709505944546687,0.2,0.0,1.0,0.7073170731707317,0.0364963503649635,0.7333333333333332,0.5477225575051661
276,5746,592,3,0.25,3,1.0,0.021897810218978103,0.04285714285714286,0.9390250151083238,1.0,1.0,1.0,1.584962500721156,0.0,0.0,1.0,0.9259259259259259,0.021897810218978103,1.0,0.4242640687119285
276,5746,4656,3,0.10344827586206896,2,1.0,0.021897810218978103,0.04285714285714286,0.9727542028054387,1.0,1.0,1.0,0.9182958340544896,0.0,0.0,1.0,0.7037037037037037,0.021897810218978103,0.8333333333333333,0.3464101615137754
276,5746,880,2,0.18181818181818182,2,1.0,0.014598540145985401,0.028776978417266185,0.892911205473213,1.0,1.0,1.0,1.0,0.0,0.0,1.0,0.8421052631578947,0.014598540145985401,1.0,0.282842712474619
276,5746,4088,2,0.11764705882352941,2,1.0,0.014598540145985401,0.028776978417266185,0.892911205473213,1.0,1.0,1.0,1.0,0.0,0.0,1.0,0.8421052631578947,0.014598540145985401,1.0,0.282842712474619
276,581,1442,3,0.17647058823529413,2,1.0,0.021897810218978103,0.04285714285714286,0.869152345385363,1.0,1.0,1.0,0.9182958340544896,0.0,0.0,1.0,0.7777777777777778,0.021897810218978103,0.8333333333333333,0.3464101615137754
276,581,4326,4,0.2222222222222222,2,1.0,0.029197080291970802,0.05673758865248227,0.8586937890457765,1.0,1.0,1.0,0.8112781244591328,0.25,0.0,1.0,0.7058823529411765,0.029197080291970802,0.75,0.4
276,581,3143,9,0.375,5,1.0,0.0364963503649635,0.0704225352112676,0.7876657891052932,1.0,1.0,1.0,2.058813890331201,0.0,0.0,1.0,0.828125,0.06569343065693431,0.6888888888888889,0.9486832980505138
276,581,104,6,0.18181818181818182,3,1.0,0.0364963503649635,0.0704225352112676,0.8401397717339313,1.0,1.0,1.0,1.4591479170272448,0.16666666666666666,0.0,1.0,0.7021276595744681,0.043795620437956206,0.7777777777777777,0.6
276,581,1356,7,0.4666666666666667,5,1.0,0.0364963503649635,0.0704225352112676,0.7817499454259583,1.0,1.0,1.0,2.1280852788913944,0.14285714285714285,0.0,1.0,0.7358490566037735,0.051094890510948905,0.7714285714285714,0.8366600265340756
276,581,3438,4,0.25,4,1.0,0.029197080291970802,0.05673758865248227,0.9426255834454044,1.0,1.0,1.0,2.0,0.0,0.0,1.0,0.9705882352941176,0.029197080291970802,1.0,0.565685424949238
276,581,558,3,0.25,3,1.0,0.021897810218978103,0.04285714285714286,0.9783503981178884,1.0,1.0,1.0,1.584962500721156,0.0,0.0,1.0,0.8518518518518519,0.021897810218978103,1.0,0.4242640687119285
276,581,5360,8,0.24242424242424243,6,1.0,0.0364963503649635,0.0704225352112676,0.7540965969508499,1.0,1.0,1.0,2.5,0.0,0.0,1.0,0.8135593220338984,0.058394160583941604,0.8333333333333335,0.9797958971132712
276,581,592,4,0.3333333333333333,3,1.0,0.029197080291970802,0.05673758865248227,0.9383184044192655,1.0,1.0,1.0,1.5,0.0,0.0,1.0,0.9411764705882353,0.029197080291970802,0.8333333333333333,0.4898979485566356
276,581,4656,3,0.10344827586206896,3,1.0,0.021897810218978103,0.04285714285714286,0.9783503981178884,1.0,1.0,1.0,1.584962500721156,0.0,0.0,1.0,0.8518518518518519,0.021897810218978103,1.0,0.4242640687119285
276,581,880,5,0.45454545454545453,4,1.0,0.0364963503649635,0.0704225352112676,0.8923806630887787,1.0,1.0,1.0,1.9219280948873623,0.0,0.0,1.0,0.8780487804878049,0.0364963503649635,0.8500000000000001,0.6324555320336759
276,581,4088,7,0.4117647058823529,5,1.0,0.0364963503649635,0.0704225352112676,0.8460812072133808,1.0,1.0,1.0,2.1280852788913944,0.14285714285714285,0.0,1.0,0.7924528301886793,0.051094890510948905,0.7714285714285714,0.8366600265340756
276,686,1442,2,0.11764705882352941,2,1.0,0.014598540145985401,0.028776978417266185,0.8597186998521972,1.0,1.0,1.0,1.0,0.0,0.0,1.0,0.7894736842105263,0.014598540145985401,1.0,0.282842712474619
276,686,4326,5,0.2777777777777778,3,1.0,0.0364963503649635,0.0704225352112676,0.9186536302628627,1.0,1.0,1.0,1.5219280948873621,0.0,0.0,1.0,0.8292682926829268,0.0364963503649635,0.8666666666666667,0.5477225575051661
276,686,3143,8,0.3333333333333333,5,1.0,0.0364963503649635,0.0704225352112676,0.8021914121675189,1.0,1.0,1.0,2.1556390622295662,0.0,0.0,1.0,0.8305084745762712,0.058394160583941604,0.75,0.8944271909999159
276,686,104,2,0.06060606060606061,2,1.0,0.014598540145985401,0.028776978417266185,0.9509457695419297,1.0,1.0,1.0,1.0,0.0,0.0,1.0,0.9473684210526315,0.014598540145985401,1.0,0.282842712474619
276,686,1356,4,0.26666666666666666,4,1.0,0.029197080291970802,0.05673758865248227,0.7417033051840813,1.0,1.0,1.0,2.0,0.0,0.0,1.0,0.7352941176470589,0.029197080291970802,1.0,0.565685424949238
276,686,3438,6,0.375,5,1.0,0.0364963503649635,0.0704225352112676,0.9708966090018809,1.0,1.0,1.0,2.2516291673878226,0.0,0.0,1.0,0.9361702127659575,0.043795620437956206,0.8666666666666667,0.7745966692414834
276,686,5360,8,0.24242424242424243,6,1.0,0.0364963503649635,0.0704225352112676,0.8021914121675189,1.0,1.0,1.0,2.5,0.0,0.0,1.0,0.847457627118644,0.058394160583941604,0.8333333333333335,0.9797958971132712
276,686,592,5,0.4166666666666667,4,1.0,0.0364963503649635,0.0704225352112676,0.9314198494135378,1.0,1.0,1.0,1.9219280948873623,0.0,0.0,1.0,0.9512195121951219,0.0364963503649635,0.8500000000000001,0.6324555320336759
276,686,558,4,0.3333333333333333,4,1.0,0.029197080291970802,0.05673758865248227,0.9686595715283498,1.0,1.0,1.0,2.0,0.0,0.0,1.0,0.8823529411764706,0.029197080291970802,1.0,0.565685424949238
276,686,4656,4,0.13793103448275862,4,1.0,0.029197080291970802,0.05673758865248227,0.9686595715283498,1.0,1.0,1.0,2.0,0.0,0.0,1.0,0.8823529411764706,0.029197080291970802,1.0,0.565685424949238
276,686,880,4,0.36363636363636365,4,1.0,0.029197080291970802,0.05673758865248227,0.9405039693599757,1.0,1.0,1.0,2.0,0.0,0.0,1.0,0.8823529411764706,0.029197080291970802,1.0,0.565685424949238
276,686,4088,4,0.23529411764705882,4,1.0,0.029197080291970802,0.05673758865248227,0.7318593810285016,1.0,1.0,1.0,2.0,0.25,0.0,1.0,0.7647058823529411,0.029197080291970802,1.0,0.565685424949238
276,725,1442,3,0.17647058823529413,3,1.0,0.021897810218978103,0.04285714285714286,0.802040941630865,1.0,1.0,1.0,1.584962500721156,0.0,0.0,1.0,0.7037037037037037,0.021897810218978103,1.0,0.4242640687119285
276,725,4326,8,0.4444444444444444,4,1.0,0.0364963503649635,0.0704225352112676,0.8789463058046246,1.0,1.0,1.0,1.75,0.25,0.0,1.0,0.6779661016949152,0.058394160583941604,0.6875,0.8
276,725,3143,8,0.3333333333333333,4,1.0,0.0364963503649635,0.0704225352112676,0.8585843955730389,1.0,1.0,1.0,1.811278124459133,0.0,0.0,1.0,0.8983050847457628,0.058394160583941604,0.75,0.8
276,725,104,3,0.09090909090909091,2,1.0,0.021897810218978103,0.04285714285714286,0.9300809618991231,1.0,1.0,1.0,0.9182958340544896,0.0,0.0,1.0,0.8888888888888888,0.021897810218978103,0.8333333333333333,0.3464101615137754
276,725,1356,5,0.3333333333333333,5,1.0,0.0364963503649635,0.0704225352112676,0.7978084247707696,1.0,1.0,1.0,2.321928094887362,0.2,0.0,1.0,0.7317073170731707,0.0364963503649635,1.0,0.7071067811865475
276,725,3438,6,0.375,5,1.0,0.0364963503649635,0.0704225352112676,0.8632588148484903,1.0,1.0,1.0,2.2516291673878226,0.0,0.0,1.0,0.8936170212765957,0.043795620437956206,0.8666666666666667,0.7745966692414834
276,725,558,3,0.25,3,1.0,0.021897810218978103,0.04285714285714286,0.9640443378375724,1.0,1.0,1.0,1.584962500721156,0.0,0.0,1.0,0.8888888888888888,0.021897810218978103,1.0,0.4242640687119285
276,725,5360,7,0.21212121212121213,4,1.0,0.0364963503649635,0.0704225352112676,0.8585843955730389,1.0,1.0,1.0,1.8423709931771088,0.0,0.0,1.0,0.9056603773584906,0.051094890510948905,0.75,0.7483314773547883
276,725,592,5,0.4166666666666667,4,1.0,0.0364963503649635,0.0704225352112676,0.9314198494135378,1.0,1.0,1.0,1.9219280948873623,0.0,0.0,1.0,0.9512195121951219,0.0364963503649635,0.8500000000000001,0.6324555320336759
276,725,4656,4,0.13793103448275862,3,1.0,0.029197080291970802,0.05673758865248227,0.958328977539981,1.0,1.0,1.0,1.5,0.0,0.0,1.0,0.8823529411764706,0.029197080291970802,0.8333333333333333,0.4898979485566356
276,725,880,4,0.36363636363636365,4,1.0,0.029197080291970802,0.05673758865248227,0.8283539547121105,1.0,1.0,1.0,2.0,0.0,0.0,1.0,0.8235294117647058,0.029197080291970802,1.0,0.565685424949238
276,725,4088,4,0.23529411764705882,4,1.0,0.029197080291970802,0.05673758865248227,0.8133073822692478,1.0,1.0,1.0,2.0,0.0,0.0,1.0,0.8529411764705882,0.029197080291970802,1.0,0.565685424949238
276,774,1442,3,0.17647058823529413,3,1.0,0.021897810218978103,0.04285714285714286,0.8293121225775372,1.0,1.0,1.0,1.584962500721156,0.3333333333333333,0.0,1.0,0.6666666666666666,0.021897810218978103,1.0,0.4242640687119285
276,774,4326,1,0.05555555555555555,1,1.0,0.0072992700729927005,0.014492753623188404,1.0,1.0,1.0,1.0,0.0,0.0,0.0,1.0,1.0,0.0072992700729927005,1.0,0.1414213562373095
276,774,104,6,0.18181818181818182,5,1.0,0.0364963503649635,0.0704225352112676,0.9716808457606106,1.0,1.0,1.0,2.2516291673878226,0.3333333333333333,0.0,1.0,0.6382978723404256,0.043795620437956206,0.8666666666666667,0.7745966692414834
276,774,3143,7,0.2916666666666667,4,1.0,0.0364963503649635,0.0704225352112676,0.8524177204894934,1.0,1.0,1.0,1.8423709931771084,0.0,0.0,1.0,0.6981132075471698,0.051094890510948905,0.75,0.7483314773547883
276,774,1356,8,0.5333333333333333,4,1.0,0.0364963503649635,0.0704225352112676,0.8524177204894934,1.0,1.0,1.0,1.811278124459133,0.125,0.0,1.0,0.6610169491525424,0.058394160583941604,0.75,0.8
276,774,3438,1,0.0625,1,1.0,0.0072992700729927005,0.014492753623188404,1.0,1.0,1.0,1.0,0.0,0.0,0.0,1.0,1.0,0.0072992700729927005,1.0,0.1414213562373095
276,774,558,0,0.0,0,0.0,0.0,0.0,0.0,0.0,0.0,0.0,0.0,0.0,0.0,0.0,0.0,0.0,1.0,0.0
276,774,5360,6,0.18181818181818182,4,1.0,0.0364963503649635,0.0704225352112676,0.8482282269680186,1.0,1.0,1.0,1.9182958340544893,0.0,0.0,1.0,0.6595744680851063,0.043795620437956206,0.8333333333333333,0.6928203230275508
276,774,592,1,0.08333333333333333,1,1.0,0.0072992700729927005,0.014492753623188404,1.0,1.0,1.0,1.0,0.0,0.0,0.0,1.0,1.0,0.0072992700729927005,1.0,0.1414213562373095
276,774,4656,2,0.06896551724137931,1,1.0,0.014598540145985401,0.028776978417266185,1.0,1.0,1.0,1.0,0.0,0.5,0.0,1.0,0.3684210526315789,0.014598540145985401,1.0,0.2
276,774,880,2,0.18181818181818182,2,1.0,0.014598540145985401,0.028776978417266185,0.892911205473213,1.0,1.0,1.0,1.0,0.0,0.0,1.0,0.8421052631578947,0.014598540145985401,1.0,0.282842712474619
276,774,4088,8,0.47058823529411764,3,1.0,0.0364963503649635,0.0704225352112676,0.9199139931108428,1.0,1.0,1.0,1.2987949406953985,0.375,0.0,1.0,0.5932203389830508,0.058394160583941604,0.6666666666666665,0.6928203230275508
276,9,1442,1,0.058823529411764705,1,1.0,0.0072992700729927005,0.014492753623188404,1.0,1.0,1.0,1.0,0.0,0.0,0.0,1.0,1.0,0.0072992700729927005,1.0,0.1414213562373095
276,9,4326,1,0.05555555555555555,1,1.0,0.0072992700729927005,0.014492753623188404,1.0,1.0,1.0,1.0,0.0,0.0,0.0,1.0,1.0,0.0072992700729927005,1.0,0.1414213562373095
276,9,3143,5,0.20833333333333334,5,1.0,0.0364963503649635,0.0704225352112676,0.7869791838908237,1.0,1.0,1.0,2.321928094887362,0.0,0.0,1.0,0.8048780487804879,0.0364963503649635,1.0,0.7071067811865475
276,9,104,3,0.09090909090909091,3,1.0,0.021897810218978103,0.04285714285714286,0.869152345385363,1.0,1.0,1.0,1.584962500721156,0.0,0.0,1.0,0.7777777777777778,0.021897810218978103,1.0,0.4242640687119285
276,9,1356,5,0.3333333333333333,5,1.0,0.0364963503649635,0.0704225352112676,0.7869791838908237,1.0,1.0,1.0,2.321928094887362,0.0,0.0,1.0,0.8048780487804879,0.0364963503649635,1.0,0.7071067811865475
276,9,3438,3,0.1875,3,1.0,0.021897810218978103,0.04285714285714286,0.9522019658715632,1.0,1.0,1.0,1.584962500721156,0.0,0.0,1.0,0.9259259259259259,0.021897810218978103,1.0,0.4242640687119285
276,9,558,2,0.16666666666666666,2,1.0,0.014598540145985401,0.028776978417266185,1.0,1.0,1.0,1.0,1.0,0.0,0.0,1.0,0.7894736842105263,0.014598540145985401,1.0,0.282842712474619
276,9,5360,6,0.18181818181818182,6,1.0,0.0364963503649635,0.0704225352112676,0.82745022527047,1.0,1.0,1.0,2.584962500721156,0.0,0.0,1.0,0.8297872340425532,0.043795620437956206,1.0,0.848528137423857
276,9,592,2,0.16666666666666666,2,1.0,0.014598540145985401,0.028776978417266185,0.9764599063144255,1.0,1.0,1.0,1.0,0.0,0.0,1.0,1.0,0.014598540145985401,1.0,0.282842712474619
276,9,4656,3,0.10344827586206896,3,1.0,0.021897810218978103,0.04285714285714286,0.9298593499260985,1.0,1.0,1.0,1.584962500721156,0.0,0.0,1.0,0.7777777777777778,0.021897810218978103,1.0,0.4242640687119285
276,9,880,3,0.2727272727272727,3,1.0,0.021897810218978103,0.04285714285714286,0.9522019658715632,1.0,1.0,1.0,1.584962500721156,0.0,0.0,1.0,0.9259259259259259,0.021897810218978103,1.0,0.4242640687119285
276,9,4088,8,0.47058823529411764,6,1.0,0.0364963503649635,0.0704225352112676,0.6770507910744813,1.0,1.0,1.0,2.4056390622295662,0.375,0.0,1.0,0.6610169491525424,0.058394160583941604,0.7916666666666667,0.9797958971132712
276,904,1442,2,0.11764705882352941,2,1.0,0.014598540145985401,0.028776978417266185,0.892911205473213,1.0,1.0,1.0,1.0,0.0,0.0,1.0,0.8421052631578947,0.014598540145985401,1.0,0.282842712474619
276,904,4326,5,0.2777777777777778,3,1.0,0.0364963503649635,0.0704225352112676,0.9060229250030414,1.0,1.0,1.0,1.5219280948873621,0.2,0.0,1.0,0.7317073170731707,0.0364963503649635,0.8666666666666667,0.5477225575051661
276,904,3143,13,0.5416666666666666,5,1.0,0.0364963503649635,0.0704225352112676,0.7673437390919764,1.0,1.0,1.0,1.914341183612352,0.15384615384615385,0.0,1.0,0.8518518518518519,0.0948905109489051,0.6307692307692307,1.0
276,904,104,6,0.18181818181818182,3,1.0,0.0364963503649635,0.0704225352112676,0.947354961373654,1.0,1.0,1.0,1.2516291673878228,0.16666666666666666,0.0,1.0,0.7872340425531915,0.043795620437956206,0.6666666666666665,0.6
276,904,1356,9,0.6,5,1.0,0.0364963503649635,0.0704225352112676,0.8524177204894934,1.0,1.0,1.0,2.113283334294875,0.1111111111111111,0.0,1.0,0.75,0.06569343065693431,0.7333333333333334,0.9486832980505138
276,904,3438,6,0.375,5,1.0,0.0364963503649635,0.0704225352112676,0.9708966090018809,1.0,1.0,1.0,2.2516291673878226,0.0,0.0,1.0,0.9361702127659575,0.043795620437956206,0.8666666666666667,0.7745966692414834
276,904,558,5,0.4166666666666667,5,1.0,0.0364963503649635,0.0704225352112676,0.8009797322447867,1.0,1.0,1.0,2.321928094887362,0.2,0.0,1.0,0.7804878048780488,0.0364963503649635,1.0,0.7071067811865475
276,904,5360,13,0.3939393939393939,7,1.0,0.0364963503649635,0.0704225352112676,0.7713450187448965,1.0,1.0,1.0,2.469670487371862,0.15384615384615385,0.0,1.0,0.8395061728395061,0.0948905109489051,0.6703296703296702,1.0
276,904,592,4,0.3333333333333333,4,1.0,0.029197080291970802,0.05673758865248227,0.935230109856792,1.0,1.0,1.0,2.0,0.0,0.0,1.0,1.0,0.029197080291970802,1.0,0.565685424949238
276,904,4656,6,0.20689655172413793,4,1.0,0.0364963503649635,0.0704225352112676,0.9591146426579965,1.0,1.0,1.0,1.7924812503605778,0.16666666666666666,0.0,1.0,0.7872340425531915,0.043795620437956206,0.75,0.6928203230275508
276,904,880,4,0.36363636363636365,4,1.0,0.029197080291970802,0.05673758865248227,0.8928958696144895,1.0,1.0,1.0,2.0,0.0,0.0,1.0,0.9117647058823529,0.029197080291970802,1.0,0.565685424949238
276,904,4088,9,0.5294117647058824,5,1.0,0.0364963503649635,0.0704225352112676,0.7433246246251818,1.0,1.0,1.0,2.058813890331201,0.2222222222222222,0.0,1.0,0.78125,0.06569343065693431,0.6888888888888889,0.9486832980505138
