usuario,hotel_recomendado,hotel_historico,num_propiedades_compartidas,propiedades_compartidas
276,1093,1442,5,"[('Airports', 'has_category'), ('ByAppointmentOnly=False', 'has_attribute'), ('RestaurantsPriceRange2=2', 'has_attribute'), ('WiFi=free', 'has_attribute'), ('open', 'status')]"
276,1093,4326,4,"[('AZ', 'in_state'), ('Tucson', 'located_in_city'), ('WiFi=free', 'has_attribute'), ('open', 'status')]"
276,1093,3143,4,"[('BikeParking=True', 'has_attribute'), ('ByAppointmentOnly=False', 'has_attribute'), ('WiFi=free', 'has_attribute'), ('open', 'status')]"
276,1093,104,6,"[('BikeParking=True', 'has_attribute'), ('ByAppointmentOnly=False', 'has_attribute'), ('RestaurantsPriceRange2=2', 'has_attribute'), ('Shopping', 'has_category'), ('Shopping Centers', 'has_category'), ('open', 'status')]"
276,1093,1356,2,"[('ByAppointmentOnly=False', 'has_attribute'), ('open', 'status')]"
276,1093,3438,2,"[('RestaurantsPriceRange2=2', 'has_attribute'), ('open', 'status')]"
276,1093,558,1,"[('RestaurantsPriceRange2=2', 'has_attribute')]"
276,1093,5360,3,"[('BikeParking=True', 'has_attribute'), ('RestaurantsPriceRange2=2', 'has_attribute'), ('open', 'status')]"
276,1093,592,3,"[('RestaurantsPriceRange2=2', 'has_attribute'), ('WiFi=free', 'has_attribute'), ('open', 'status')]"
276,1093,4656,1,"[('RestaurantsPriceRange2=2', 'has_attribute')]"
276,1093,880,4,"[('Airports', 'has_category'), ('ByAppointmentOnly=False', 'has_attribute'), ('WiFi=free', 'has_attribute'), ('open', 'status')]"
276,1093,4088,3,"[('4.0 stars', 'has_rating'), ('ByAppointmentOnly=False', 'has_attribute'), ('open', 'status')]"
276,1144,1442,2,"[('RestaurantsTakeOut=True', 'has_attribute'), ('open', 'status')]"
276,1144,4326,2,"[('BusinessAcceptsCreditCards=True', 'has_attribute'), ('open', 'status')]"
276,1144,3143,6,"[('4.5 stars', 'has_rating'), ('BikeParking=True', 'has_attribute'), ('BusinessAcceptsCreditCards=True', 'has_attribute'), ('MO', 'in_state'), ('Tours', 'has_category'), ('open', 'status')]"
276,1144,104,7,"[('BikeParking=True', 'has_attribute'), ('BusinessAcceptsCreditCards=True', 'has_attribute'), ('Caters=False', 'has_attribute'), ('Food', 'has_category'), ('RestaurantsTakeOut=True', 'has_attribute'), ('Tours', 'has_category'), ('open', 'status')]"
276,1144,1356,4,"[('4.5 stars', 'has_rating'), ('MO', 'in_state'), ('Tours', 'has_category'), ('open', 'status')]"
276,1144,3438,4,"[('BusinessAcceptsCreditCards=True', 'has_attribute'), ('MO', 'in_state'), ('Saint Louis', 'located_in_city'), ('open', 'status')]"
276,1144,558,3,"[('BusinessAcceptsCreditCards=True', 'has_attribute'), ('MO', 'in_state'), ('Saint Louis', 'located_in_city')]"
276,1144,5360,8,"[('4.5 stars', 'has_rating'), ('BikeParking=True', 'has_attribute'), ('BusinessAcceptsCreditCards=True', 'has_attribute'), ('MO', 'in_state'), ('Nightlife', 'has_category'), ('Saint Louis', 'located_in_city'), ('Tours', 'has_category'), ('open', 'status')]"
276,1144,592,3,"[('BusinessAcceptsCreditCards=True', 'has_attribute'), ('MO', 'in_state'), ('open', 'status')]"
276,1144,4656,4,"[('BusinessAcceptsCreditCards=True', 'has_attribute'), ('MO', 'in_state'), ('RestaurantsTakeOut=True', 'has_attribute'), ('Saint Louis', 'located_in_city')]"
276,1144,880,3,"[('MO', 'in_state'), ('Saint Louis', 'located_in_city'), ('open', 'status')]"
276,1144,4088,4,"[('MO', 'in_state'), ('Saint Louis', 'located_in_city'), ('Tours', 'has_category'), ('open', 'status')]"
276,1164,1442,2,"[('LA', 'in_state'), ('open', 'status')]"
276,1164,4326,4,"[('BusinessAcceptsCreditCards=True', 'has_attribute'), ('Event Planning & Services', 'has_category'), ('Venues & Event Spaces', 'has_category'), ('open', 'status')]"
276,1164,3143,8,"[('Arts & Entertainment', 'has_category'), ('BusinessAcceptsCreditCards=True', 'has_attribute'), ('DogsAllowed=False', 'has_attribute'), ('Event Planning & Services', 'has_category'), ('GoodForKids=True', 'has_attribute'), ('Tours', 'has_category'), ('Venues & Event Spaces', 'has_category'), ('open', 'status')]"
276,1164,104,6,"[('BusinessAcceptsCreditCards=True', 'has_attribute'), ('GoodForKids=True', 'has_attribute'), ('LA', 'in_state'), ('New Orleans', 'located_in_city'), ('Tours', 'has_category'), ('open', 'status')]"
276,1164,1356,6,"[('Arts & Entertainment', 'has_category'), ('DogsAllowed=False', 'has_attribute'), ('GoodForKids=True', 'has_attribute'), ('Museums', 'has_category'), ('Tours', 'has_category'), ('open', 'status')]"
276,1164,3438,4,"[('BusinessAcceptsCreditCards=True', 'has_attribute'), ('Event Planning & Services', 'has_category'), ('Venues & Event Spaces', 'has_category'), ('open', 'status')]"
276,1164,558,2,"[('BusinessAcceptsCreditCards=True', 'has_attribute'), ('Event Planning & Services', 'has_category')]"
276,1164,5360,8,"[('Arts & Entertainment', 'has_category'), ('BusinessAcceptsCreditCards=True', 'has_attribute'), ('DogsAllowed=False', 'has_attribute'), ('Event Planning & Services', 'has_category'), ('GoodForKids=True', 'has_attribute'), ('Tours', 'has_category'), ('Venues & Event Spaces', 'has_category'), ('open', 'status')]"
276,1164,592,3,"[('BusinessAcceptsCreditCards=True', 'has_attribute'), ('Event Planning & Services', 'has_category'), ('open', 'status')]"
276,1164,4656,3,"[('BusinessAcceptsCreditCards=True', 'has_attribute'), ('Event Planning & Services', 'has_category'), ('GoodForKids=True', 'has_attribute')]"
276,1164,880,1,"[('open', 'status')]"
276,1164,4088,6,"[('4.0 stars', 'has_rating'), ('Arts & Entertainment', 'has_category'), ('GoodForKids=True', 'has_attribute'), ('Museums', 'has_category'), ('Tours', 'has_category'), ('open', 'status')]"
276,1195,1442,2,"[('RestaurantsPriceRange2=2', 'has_attribute'), ('open', 'status')]"
276,1195,4326,3,"[('BusinessAcceptsCreditCards=True', 'has_attribute'), ('DogsAllowed=True', 'has_attribute'), ('open', 'status')]"
276,1195,3143,4,"[('BikeParking=True', 'has_attribute'), ('BusinessAcceptsCreditCards=True', 'has_attribute'), ('MO', 'in_state'), ('open', 'status')]"
276,1195,104,7,"[('Arts & Crafts', 'has_category'), ('BikeParking=True', 'has_attribute'), ('BusinessAcceptsCreditCards=True', 'has_attribute'), ('DogsAllowed=True', 'has_attribute'), ('RestaurantsPriceRange2=2', 'has_attribute'), ('Shopping', 'has_category'), ('open', 'status')]"
276,1195,1356,3,"[('MO', 'in_state'), ('St. Louis', 'located_in_city'), ('open', 'status')]"
276,1195,3438,5,"[('BusinessAcceptsCreditCards=True', 'has_attribute'), ('DogsAllowed=True', 'has_attribute'), ('MO', 'in_state'), ('RestaurantsPriceRange2=2', 'has_attribute'), ('open', 'status')]"
276,1195,558,3,"[('BusinessAcceptsCreditCards=True', 'has_attribute'), ('MO', 'in_state'), ('RestaurantsPriceRange2=2', 'has_attribute')]"
276,1195,5360,5,"[('BikeParking=True', 'has_attribute'), ('BusinessAcceptsCreditCards=True', 'has_attribute'), ('MO', 'in_state'), ('RestaurantsPriceRange2=2', 'has_attribute'), ('open', 'status')]"
276,1195,592,4,"[('BusinessAcceptsCreditCards=True', 'has_attribute'), ('MO', 'in_state'), ('RestaurantsPriceRange2=2', 'has_attribute'), ('open', 'status')]"
276,1195,4656,4,"[('BusinessAcceptsCreditCards=True', 'has_attribute'), ('DogsAllowed=True', 'has_attribute'), ('MO', 'in_state'), ('RestaurantsPriceRange2=2', 'has_attribute')]"
276,1195,880,2,"[('MO', 'in_state'), ('open', 'status')]"
276,1195,4088,3,"[('4.0 stars', 'has_rating'), ('MO', 'in_state'), ('open', 'status')]"
276,1298,1442,5,"[('OutdoorSeating=False', 'has_attribute'), ('RestaurantsPriceRange2=2', 'has_attribute'), ('RestaurantsTakeOut=True', 'has_attribute'), ('WiFi=free', 'has_attribute'), ('open', 'status')]"
276,1298,4326,6,"[('BusinessAcceptsBitcoin=False', 'has_attribute'), ('BusinessAcceptsCreditCards=True', 'has_attribute'), ('Event Planning & Services', 'has_category'), ('Venues & Event Spaces', 'has_category'), ('WiFi=free', 'has_attribute'), ('open', 'status')]"
276,1298,3143,10,"[('BikeParking=True', 'has_attribute'), ('BusinessAcceptsCreditCards=True', 'has_attribute'), ('BusinessParking={garage: False, street: True, validated: False, lot: True, valet: False}', 'has_attribute'), ('DogsAllowed=False', 'has_attribute'), ('Event Planning & Services', 'has_category'), ('GoodForKids=True', 'has_attribute'), ('MO', 'in_state'), ('Venues & Event Spaces', 'has_category'), ('WiFi=free', 'has_attribute'), ('open', 'status')]"
276,1298,104,8,"[('3.5 stars', 'has_rating'), ('BikeParking=True', 'has_attribute'), ('BusinessAcceptsCreditCards=True', 'has_attribute'), ('BusinessParking={garage: False, street: True, validated: False, lot: True, valet: False}', 'has_attribute'), ('GoodForKids=True', 'has_attribute'), ('RestaurantsPriceRange2=2', 'has_attribute'), ('RestaurantsTakeOut=True', 'has_attribute'), ('open', 'status')]"
276,1298,1356,4,"[('DogsAllowed=False', 'has_attribute'), ('GoodForKids=True', 'has_attribute'), ('MO', 'in_state'), ('open', 'status')]"
276,1298,3438,8,"[('BusinessAcceptsBitcoin=False', 'has_attribute'), ('BusinessAcceptsCreditCards=True', 'has_attribute'), ('Event Planning & Services', 'has_category'), ('MO', 'in_state'), ('RestaurantsPriceRange2=2', 'has_attribute'), ('Saint Louis', 'located_in_city'), ('Venues & Event Spaces', 'has_category'), ('open', 'status')]"
276,1298,558,5,"[('BusinessAcceptsCreditCards=True', 'has_attribute'), ('Event Planning & Services', 'has_category'), ('MO', 'in_state'), ('RestaurantsPriceRange2=2', 'has_attribute'), ('Saint Louis', 'located_in_city')]"
276,1298,5360,16,"[('Alcohol=full_bar', 'has_attribute'), ('BikeParking=True', 'has_attribute'), ('BusinessAcceptsCreditCards=True', 'has_attribute'), ('DogsAllowed=False', 'has_attribute'), ('Event Planning & Services', 'has_category'), ('GoodForKids=True', 'has_attribute'), ('HasTV=True', 'has_attribute'), ('MO', 'in_state'), ('Nightlife', 'has_category'), ('NoiseLevel=average', 'has_attribute'), ('OutdoorSeating=False', 'has_attribute'), ('RestaurantsGoodForGroups=True', 'has_attribute'), ('RestaurantsPriceRange2=2', 'has_attribute'), ('Saint Louis', 'located_in_city'), ('Venues & Event Spaces', 'has_category'), ('open', 'status')]"
276,1298,592,6,"[('BusinessAcceptsCreditCards=True', 'has_attribute'), ('Event Planning & Services', 'has_category'), ('MO', 'in_state'), ('RestaurantsPriceRange2=2', 'has_attribute'), ('WiFi=free', 'has_attribute'), ('open', 'status')]"
276,1298,4656,16,"[('Alcohol=full_bar', 'has_attribute'), ('BusinessAcceptsBitcoin=False', 'has_attribute'), ('BusinessAcceptsCreditCards=True', 'has_attribute'), ('Caters=True', 'has_attribute'), ('Event Planning & Services', 'has_category'), ('GoodForKids=True', 'has_attribute'), ('HasTV=True', 'has_attribute'), ('MO', 'in_state'), ('OutdoorSeating=False', 'has_attribute'), ('Restaurants', 'has_category'), ('RestaurantsAttire=casual', 'has_attribute'), ('RestaurantsGoodForGroups=True', 'has_attribute'), ('RestaurantsPriceRange2=2', 'has_attribute'), ('RestaurantsReservations=True', 'has_attribute'), ('RestaurantsTakeOut=True', 'has_attribute'), ('Saint Louis', 'located_in_city')]"
276,1298,880,4,"[('MO', 'in_state'), ('Saint Louis', 'located_in_city'), ('WiFi=free', 'has_attribute'), ('open', 'status')]"
276,1298,4088,4,"[('GoodForKids=True', 'has_attribute'), ('MO', 'in_state'), ('Saint Louis', 'located_in_city'), ('open', 'status')]"
276,150,1442,2,"[('WiFi=free', 'has_attribute'), ('open', 'status')]"
276,150,4326,4,"[('Event Planning & Services', 'has_category'), ('RestaurantsPriceRange2=3', 'has_attribute'), ('WiFi=free', 'has_attribute'), ('open', 'status')]"
276,150,3143,6,"[('Arts & Entertainment', 'has_category'), ('DogsAllowed=False', 'has_attribute'), ('Event Planning & Services', 'has_category'), ('MO', 'in_state'), ('WiFi=free', 'has_attribute'), ('open', 'status')]"
276,150,104,1,"[('open', 'status')]"
276,150,1356,4,"[('Arts & Entertainment', 'has_category'), ('DogsAllowed=False', 'has_attribute'), ('MO', 'in_state'), ('open', 'status')]"
276,150,3438,3,"[('Event Planning & Services', 'has_category'), ('MO', 'in_state'), ('open', 'status')]"
276,150,558,2,"[('Event Planning & Services', 'has_category'), ('MO', 'in_state')]"
276,150,5360,8,"[('Alcohol=full_bar', 'has_attribute'), ('Arts & Entertainment', 'has_category'), ('DogsAllowed=False', 'has_attribute'), ('Event Planning & Services', 'has_category'), ('HasTV=True', 'has_attribute'), ('MO', 'in_state'), ('RestaurantsGoodForGroups=True', 'has_attribute'), ('open', 'status')]"
276,150,592,5,"[('2.0 stars', 'has_rating'), ('Event Planning & Services', 'has_category'), ('MO', 'in_state'), ('WiFi=free', 'has_attribute'), ('open', 'status')]"
276,150,4656,7,"[('Alcohol=full_bar', 'has_attribute'), ('Event Planning & Services', 'has_category'), ('HasTV=True', 'has_attribute'), ('MO', 'in_state'), ('Restaurants', 'has_category'), ('RestaurantsAttire=casual', 'has_attribute'), ('RestaurantsGoodForGroups=True', 'has_attribute')]"
276,150,880,3,"[('MO', 'in_state'), ('WiFi=free', 'has_attribute'), ('open', 'status')]"
276,150,4088,3,"[('Arts & Entertainment', 'has_category'), ('MO', 'in_state'), ('open', 'status')]"
276,1542,1442,3,"[('ByAppointmentOnly=False', 'has_attribute'), ('WiFi=free', 'has_attribute'), ('open', 'status')]"
276,1542,4326,3,"[('DogsAllowed=True', 'has_attribute'), ('WiFi=free', 'has_attribute'), ('open', 'status')]"
276,1542,104,5,"[('ByAppointmentOnly=False', 'has_attribute'), ('DogsAllowed=True', 'has_attribute'), ('GoodForKids=True', 'has_attribute'), ('Tours', 'has_category'), ('open', 'status')]"
276,1542,3143,8,"[('Arts & Entertainment', 'has_category'), ('ByAppointmentOnly=False', 'has_attribute'), ('Education', 'has_category'), ('GoodForKids=True', 'has_attribute'), ('MO', 'in_state'), ('Tours', 'has_category'), ('WiFi=free', 'has_attribute'), ('open', 'status')]"
276,1542,1356,8,"[('63122', 'has_postal_code'), ('Arts & Entertainment', 'has_category'), ('ByAppointmentOnly=False', 'has_attribute'), ('GoodForKids=True', 'has_attribute'), ('MO', 'in_state'), ('Museums', 'has_category'), ('Tours', 'has_category'), ('open', 'status')]"
276,1542,3438,4,"[('DogsAllowed=True', 'has_attribute'), ('MO', 'in_state'), ('Saint Louis', 'located_in_city'), ('open', 'status')]"
276,1542,558,2,"[('MO', 'in_state'), ('Saint Louis', 'located_in_city')]"
276,1542,5360,6,"[('Arts & Entertainment', 'has_category'), ('GoodForKids=True', 'has_attribute'), ('MO', 'in_state'), ('Saint Louis', 'located_in_city'), ('Tours', 'has_category'), ('open', 'status')]"
276,1542,592,3,"[('MO', 'in_state'), ('WiFi=free', 'has_attribute'), ('open', 'status')]"
276,1542,4656,4,"[('DogsAllowed=True', 'has_attribute'), ('GoodForKids=True', 'has_attribute'), ('MO', 'in_state'), ('Saint Louis', 'located_in_city')]"
276,1542,880,5,"[('ByAppointmentOnly=False', 'has_attribute'), ('MO', 'in_state'), ('Saint Louis', 'located_in_city'), ('WiFi=free', 'has_attribute'), ('open', 'status')]"
276,1542,4088,9,"[('4.0 stars', 'has_rating'), ('Arts & Entertainment', 'has_category'), ('ByAppointmentOnly=False', 'has_attribute'), ('GoodForKids=True', 'has_attribute'), ('MO', 'in_state'), ('Museums', 'has_category'), ('Saint Louis', 'located_in_city'), ('Tours', 'has_category'), ('open', 'status')]"
276,1840,1442,2,"[('Airports', 'has_category'), ('open', 'status')]"
276,1840,4326,2,"[('BusinessAcceptsCreditCards=True', 'has_attribute'), ('open', 'status')]"
276,1840,3143,3,"[('BusinessAcceptsCreditCards=True', 'has_attribute'), ('MO', 'in_state'), ('open', 'status')]"
276,1840,104,2,"[('BusinessAcceptsCreditCards=True', 'has_attribute'), ('open', 'status')]"
276,1840,1356,2,"[('MO', 'in_state'), ('open', 'status')]"
276,1840,3438,4,"[('BusinessAcceptsCreditCards=True', 'has_attribute'), ('MO', 'in_state'), ('Saint Louis', 'located_in_city'), ('open', 'status')]"
276,1840,558,3,"[('BusinessAcceptsCreditCards=True', 'has_attribute'), ('MO', 'in_state'), ('Saint Louis', 'located_in_city')]"
276,1840,5360,5,"[('BusinessAcceptsCreditCards=True', 'has_attribute'), ('MO', 'in_state'), ('Saint Louis', 'located_in_city'), ('WiFi=no', 'has_attribute'), ('open', 'status')]"
276,1840,592,4,"[('2.0 stars', 'has_rating'), ('BusinessAcceptsCreditCards=True', 'has_attribute'), ('MO', 'in_state'), ('open', 'status')]"
276,1840,4656,3,"[('BusinessAcceptsCreditCards=True', 'has_attribute'), ('MO', 'in_state'), ('Saint Louis', 'located_in_city')]"
276,1840,880,5,"[('63145', 'has_postal_code'), ('Airports', 'has_category'), ('MO', 'in_state'), ('Saint Louis', 'located_in_city'), ('open', 'status')]"
276,1840,4088,3,"[('MO', 'in_state'), ('Saint Louis', 'located_in_city'), ('open', 'status')]"
276,2085,1442,5,"[('ByAppointmentOnly=False', 'has_attribute'), ('GoodForMeal={dessert: False, latenight: False, lunch: False, dinner: False, brunch: False, breakfast: False}', 'has_attribute'), ('RestaurantsDelivery=False', 'has_attribute'), ('WiFi=free', 'has_attribute'), ('open', 'status')]"
276,2085,4326,3,"[('BusinessAcceptsCreditCards=True', 'has_attribute'), ('WiFi=free', 'has_attribute'), ('open', 'status')]"
276,2085,3143,14,"[('4.5 stars', 'has_rating'), ('63110', 'has_postal_code'), ('Active Life', 'has_category'), ('Arts & Entertainment', 'has_category'), ('BikeParking=True', 'has_attribute'), ('BusinessAcceptsCreditCards=True', 'has_attribute'), ('BusinessParking={garage: False, street: True, validated: False, lot: True, valet: False}', 'has_attribute'), ('ByAppointmentOnly=False', 'has_attribute'), ('DogsAllowed=False', 'has_attribute'), ('GoodForKids=True', 'has_attribute'), ('MO', 'in_state'), ('Tours', 'has_category'), ('WiFi=free', 'has_attribute'), ('open', 'status')]"
276,2085,104,11,"[('BikeParking=True', 'has_attribute'), ('BusinessAcceptsCreditCards=True', 'has_attribute'), ('BusinessParking={garage: False, street: True, validated: False, lot: True, valet: False}', 'has_attribute'), ('ByAppointmentOnly=False', 'has_attribute'), ('Caters=False', 'has_attribute'), ('Farmers Market', 'has_category'), ('Food', 'has_category'), ('GoodForKids=True', 'has_attribute'), ('Shopping', 'has_category'), ('Tours', 'has_category'), ('open', 'status')]"
276,2085,1356,9,"[('4.5 stars', 'has_rating'), ('Arts & Entertainment', 'has_category'), ('ByAppointmentOnly=False', 'has_attribute'), ('DogsAllowed=False', 'has_attribute'), ('GoodForKids=True', 'has_attribute'), ('MO', 'in_state'), ('Museums', 'has_category'), ('Tours', 'has_category'), ('open', 'status')]"
276,2085,3438,4,"[('BusinessAcceptsCreditCards=True', 'has_attribute'), ('MO', 'in_state'), ('Saint Louis', 'located_in_city'), ('open', 'status')]"
276,2085,558,3,"[('BusinessAcceptsCreditCards=True', 'has_attribute'), ('MO', 'in_state'), ('Saint Louis', 'located_in_city')]"
276,2085,5360,12,"[('4.5 stars', 'has_rating'), ('Arts & Entertainment', 'has_category'), ('BikeParking=True', 'has_attribute'), ('BusinessAcceptsCreditCards=True', 'has_attribute'), ('DogsAllowed=False', 'has_attribute'), ('GoodForKids=True', 'has_attribute'), ('MO', 'in_state'), ('NoiseLevel=average', 'has_attribute'), ('RestaurantsGoodForGroups=True', 'has_attribute'), ('Saint Louis', 'located_in_city'), ('Tours', 'has_category'), ('open', 'status')]"
276,2085,592,5,"[('63110', 'has_postal_code'), ('BusinessAcceptsCreditCards=True', 'has_attribute'), ('MO', 'in_state'), ('WiFi=free', 'has_attribute'), ('open', 'status')]"
276,2085,4656,8,"[('Ambience={romantic: False, intimate: False, touristy: False, hipster: False, divey: False, classy: False, trendy: False, upscale: False, casual: False}', 'has_attribute'), ('BusinessAcceptsCreditCards=True', 'has_attribute'), ('GoodForKids=True', 'has_attribute'), ('MO', 'in_state'), ('RestaurantsAttire=casual', 'has_attribute'), ('RestaurantsDelivery=False', 'has_attribute'), ('RestaurantsGoodForGroups=True', 'has_attribute'), ('Saint Louis', 'located_in_city')]"
276,2085,880,5,"[('ByAppointmentOnly=False', 'has_attribute'), ('MO', 'in_state'), ('Saint Louis', 'located_in_city'), ('WiFi=free', 'has_attribute'), ('open', 'status')]"
276,2085,4088,10,"[('Active Life', 'has_category'), ('Arts & Entertainment', 'has_category'), ('ByAppointmentOnly=False', 'has_attribute'), ('GoodForKids=True', 'has_attribute'), ('MO', 'in_state'), ('Museums', 'has_category'), ('Parks', 'has_category'), ('Saint Louis', 'located_in_city'), ('Tours', 'has_category'), ('open', 'status')]"
276,2109,1442,2,"[('WiFi=free', 'has_attribute'), ('open', 'status')]"
276,2109,4326,9,"[('BusinessAcceptsBitcoin=False', 'has_attribute'), ('BusinessAcceptsCreditCards=True', 'has_attribute'), ('DogsAllowed=True', 'has_attribute'), ('Event Planning & Services', 'has_category'), ('RestaurantsPriceRange2=3', 'has_attribute'), ('Venues & Event Spaces', 'has_category'), ('WheelchairAccessible=True', 'has_attribute'), ('WiFi=free', 'has_attribute'), ('open', 'status')]"
276,2109,3143,6,"[('BusinessAcceptsCreditCards=True', 'has_attribute'), ('Event Planning & Services', 'has_category'), ('MO', 'in_state'), ('Venues & Event Spaces', 'has_category'), ('WiFi=free', 'has_attribute'), ('open', 'status')]"
276,2109,104,4,"[('3.5 stars', 'has_rating'), ('BusinessAcceptsCreditCards=True', 'has_attribute'), ('DogsAllowed=True', 'has_attribute'), ('open', 'status')]"
276,2109,1356,2,"[('MO', 'in_state'), ('open', 'status')]"
276,2109,3438,8,"[('BusinessAcceptsBitcoin=False', 'has_attribute'), ('BusinessAcceptsCreditCards=True', 'has_attribute'), ('DogsAllowed=True', 'has_attribute'), ('Event Planning & Services', 'has_category'), ('MO', 'in_state'), ('Saint Louis', 'located_in_city'), ('Venues & Event Spaces', 'has_category'), ('open', 'status')]"
276,2109,558,4,"[('BusinessAcceptsCreditCards=True', 'has_attribute'), ('Event Planning & Services', 'has_category'), ('MO', 'in_state'), ('Saint Louis', 'located_in_city')]"
276,2109,5360,6,"[('BusinessAcceptsCreditCards=True', 'has_attribute'), ('Event Planning & Services', 'has_category'), ('MO', 'in_state'), ('Saint Louis', 'located_in_city'), ('Venues & Event Spaces', 'has_category'), ('open', 'status')]"
276,2109,592,5,"[('BusinessAcceptsCreditCards=True', 'has_attribute'), ('Event Planning & Services', 'has_category'), ('MO', 'in_state'), ('WiFi=free', 'has_attribute'), ('open', 'status')]"
276,2109,4656,6,"[('BusinessAcceptsBitcoin=False', 'has_attribute'), ('BusinessAcceptsCreditCards=True', 'has_attribute'), ('DogsAllowed=True', 'has_attribute'), ('Event Planning & Services', 'has_category'), ('MO', 'in_state'), ('Saint Louis', 'located_in_city')]"
276,2109,880,4,"[('MO', 'in_state'), ('Saint Louis', 'located_in_city'), ('WiFi=free', 'has_attribute'), ('open', 'status')]"
276,2109,4088,4,"[('63102', 'has_postal_code'), ('MO', 'in_state'), ('Saint Louis', 'located_in_city'), ('open', 'status')]"
276,2417,1442,2,"[('RestaurantsPriceRange2=2', 'has_attribute'), ('open', 'status')]"
276,2417,4326,3,"[('BusinessAcceptsCreditCards=True', 'has_attribute'), ('Event Planning & Services', 'has_category'), ('open', 'status')]"
276,2417,3143,5,"[('BusinessAcceptsCreditCards=True', 'has_attribute'), ('Event Planning & Services', 'has_category'), ('MO', 'in_state'), ('St Louis', 'located_in_city'), ('open', 'status')]"
276,2417,104,4,"[('3.5 stars', 'has_rating'), ('BusinessAcceptsCreditCards=True', 'has_attribute'), ('RestaurantsPriceRange2=2', 'has_attribute'), ('open', 'status')]"
276,2417,1356,2,"[('MO', 'in_state'), ('open', 'status')]"
276,2417,3438,6,"[('BusinessAcceptsCreditCards=True', 'has_attribute'), ('Event Planning & Services', 'has_category'), ('MO', 'in_state'), ('RestaurantsPriceRange2=2', 'has_attribute'), ('WiFi=paid', 'has_attribute'), ('open', 'status')]"
276,2417,558,6,"[('63103', 'has_postal_code'), ('BusinessAcceptsCreditCards=True', 'has_attribute'), ('Event Planning & Services', 'has_category'), ('MO', 'in_state'), ('RestaurantsPriceRange2=2', 'has_attribute'), ('WiFi=paid', 'has_attribute')]"
276,2417,5360,6,"[('63103', 'has_postal_code'), ('BusinessAcceptsCreditCards=True', 'has_attribute'), ('Event Planning & Services', 'has_category'), ('MO', 'in_state'), ('RestaurantsPriceRange2=2', 'has_attribute'), ('open', 'status')]"
276,2417,592,6,"[('BusinessAcceptsCreditCards=True', 'has_attribute'), ('Event Planning & Services', 'has_category'), ('MO', 'in_state'), ('RestaurantsPriceRange2=2', 'has_attribute'), ('St Louis', 'located_in_city'), ('open', 'status')]"
276,2417,4656,5,"[('BusinessAcceptsCreditCards=True', 'has_attribute'), ('Event Planning & Services', 'has_category'), ('MO', 'in_state'), ('RestaurantsPriceRange2=2', 'has_attribute'), ('WiFi=paid', 'has_attribute')]"
276,2417,880,2,"[('MO', 'in_state'), ('open', 'status')]"
276,2417,4088,2,"[('MO', 'in_state'), ('open', 'status')]"
276,25,1442,3,"[('ByAppointmentOnly=False', 'has_attribute'), ('LA', 'in_state'), ('open', 'status')]"
276,25,4326,1,"[('open', 'status')]"
276,25,3143,4,"[('4.5 stars', 'has_rating'), ('ByAppointmentOnly=False', 'has_attribute'), ('Tours', 'has_category'), ('open', 'status')]"
276,25,104,6,"[('70116', 'has_postal_code'), ('ByAppointmentOnly=False', 'has_attribute'), ('LA', 'in_state'), ('New Orleans', 'located_in_city'), ('Tours', 'has_category'), ('open', 'status')]"
276,25,1356,4,"[('4.5 stars', 'has_rating'), ('ByAppointmentOnly=False', 'has_attribute'), ('Tours', 'has_category'), ('open', 'status')]"
276,25,3438,1,"[('open', 'status')]"
276,25,558,0,[]
276,25,5360,3,"[('4.5 stars', 'has_rating'), ('Tours', 'has_category'), ('open', 'status')]"
276,25,592,1,"[('open', 'status')]"
276,25,4656,0,[]
276,25,880,2,"[('ByAppointmentOnly=False', 'has_attribute'), ('open', 'status')]"
276,25,4088,5,"[('ByAppointmentOnly=False', 'has_attribute'), ('Landmarks & Historical Buildings', 'has_category'), ('Public Services & Government', 'has_category'), ('Tours', 'has_category'), ('open', 'status')]"
276,2557,1442,5,"[('Airports', 'has_category'), ('ByAppointmentOnly=False', 'has_attribute'), ('Transportation', 'has_category'), ('WiFi=free', 'has_attribute'), ('open', 'status')]"
276,2557,4326,2,"[('WiFi=free', 'has_attribute'), ('open', 'status')]"
276,2557,3143,3,"[('ByAppointmentOnly=False', 'has_attribute'), ('WiFi=free', 'has_attribute'), ('open', 'status')]"
276,2557,104,2,"[('ByAppointmentOnly=False', 'has_attribute'), ('open', 'status')]"
276,2557,1356,2,"[('ByAppointmentOnly=False', 'has_attribute'), ('open', 'status')]"
276,2557,3438,1,"[('open', 'status')]"
276,2557,558,0,[]
276,2557,5360,1,"[('open', 'status')]"
276,2557,592,2,"[('WiFi=free', 'has_attribute'), ('open', 'status')]"
276,2557,4656,0,[]
276,2557,880,4,"[('Airports', 'has_category'), ('ByAppointmentOnly=False', 'has_attribute'), ('WiFi=free', 'has_attribute'), ('open', 'status')]"
276,2557,4088,3,"[('4.0 stars', 'has_rating'), ('ByAppointmentOnly=False', 'has_attribute'), ('open', 'status')]"
276,2781,1442,3,"[('ByAppointmentOnly=False', 'has_attribute'), ('RestaurantsPriceRange2=2', 'has_attribute'), ('open', 'status')]"
276,2781,4326,2,"[('BusinessAcceptsCreditCards=True', 'has_attribute'), ('open', 'status')]"
276,2781,3143,7,"[('BikeParking=True', 'has_attribute'), ('BusinessAcceptsCreditCards=True', 'has_attribute'), ('ByAppointmentOnly=False', 'has_attribute'), ('DogsAllowed=False', 'has_attribute'), ('MO', 'in_state'), ('Tours', 'has_category'), ('open', 'status')]"
276,2781,104,9,"[('3.5 stars', 'has_rating'), ('BikeParking=True', 'has_attribute'), ('BusinessAcceptsCreditCards=True', 'has_attribute'), ('ByAppointmentOnly=False', 'has_attribute'), ('RestaurantsPriceRange2=2', 'has_attribute'), ('Shopping', 'has_category'), ('Shopping Centers', 'has_category'), ('Tours', 'has_category'), ('open', 'status')]"
276,2781,1356,5,"[('ByAppointmentOnly=False', 'has_attribute'), ('DogsAllowed=False', 'has_attribute'), ('MO', 'in_state'), ('Tours', 'has_category'), ('open', 'status')]"
276,2781,3438,5,"[('BusinessAcceptsCreditCards=True', 'has_attribute'), ('MO', 'in_state'), ('RestaurantsPriceRange2=2', 'has_attribute'), ('Saint Louis', 'located_in_city'), ('open', 'status')]"
276,2781,558,4,"[('BusinessAcceptsCreditCards=True', 'has_attribute'), ('MO', 'in_state'), ('RestaurantsPriceRange2=2', 'has_attribute'), ('Saint Louis', 'located_in_city')]"
276,2781,5360,8,"[('BikeParking=True', 'has_attribute'), ('BusinessAcceptsCreditCards=True', 'has_attribute'), ('DogsAllowed=False', 'has_attribute'), ('MO', 'in_state'), ('RestaurantsPriceRange2=2', 'has_attribute'), ('Saint Louis', 'located_in_city'), ('Tours', 'has_category'), ('open', 'status')]"
276,2781,592,4,"[('BusinessAcceptsCreditCards=True', 'has_attribute'), ('MO', 'in_state'), ('RestaurantsPriceRange2=2', 'has_attribute'), ('open', 'status')]"
276,2781,4656,4,"[('BusinessAcceptsCreditCards=True', 'has_attribute'), ('MO', 'in_state'), ('RestaurantsPriceRange2=2', 'has_attribute'), ('Saint Louis', 'located_in_city')]"
276,2781,880,4,"[('ByAppointmentOnly=False', 'has_attribute'), ('MO', 'in_state'), ('Saint Louis', 'located_in_city'), ('open', 'status')]"
276,2781,4088,5,"[('ByAppointmentOnly=False', 'has_attribute'), ('MO', 'in_state'), ('Saint Louis', 'located_in_city'), ('Tours', 'has_category'), ('open', 'status')]"
276,3136,1442,4,"[('ByAppointmentOnly=False', 'has_attribute'), ('LA', 'in_state'), ('Transportation', 'has_category'), ('open', 'status')]"
276,3136,4326,1,"[('open', 'status')]"
276,3136,3143,4,"[('Arts & Entertainment', 'has_category'), ('ByAppointmentOnly=False', 'has_attribute'), ('GoodForKids=True', 'has_attribute'), ('open', 'status')]"
276,3136,104,5,"[('ByAppointmentOnly=False', 'has_attribute'), ('GoodForKids=True', 'has_attribute'), ('LA', 'in_state'), ('New Orleans', 'located_in_city'), ('open', 'status')]"
276,3136,1356,4,"[('Arts & Entertainment', 'has_category'), ('ByAppointmentOnly=False', 'has_attribute'), ('GoodForKids=True', 'has_attribute'), ('open', 'status')]"
276,3136,3438,1,"[('open', 'status')]"
276,3136,558,0,[]
276,3136,5360,4,"[('Arts & Entertainment', 'has_category'), ('GoodForKids=True', 'has_attribute'), ('WiFi=no', 'has_attribute'), ('open', 'status')]"
276,3136,592,1,"[('open', 'status')]"
276,3136,4656,1,"[('GoodForKids=True', 'has_attribute')]"
276,3136,880,2,"[('ByAppointmentOnly=False', 'has_attribute'), ('open', 'status')]"
276,3136,4088,5,"[('4.0 stars', 'has_rating'), ('Arts & Entertainment', 'has_category'), ('ByAppointmentOnly=False', 'has_attribute'), ('GoodForKids=True', 'has_attribute'), ('open', 'status')]"
276,3165,1442,5,"[('ByAppointmentOnly=False', 'has_attribute'), ('LA', 'in_state'), ('RestaurantsPriceRange2=2', 'has_attribute'), ('WiFi=free', 'has_attribute'), ('open', 'status')]"
276,3165,4326,5,"[('BusinessAcceptsBitcoin=False', 'has_attribute'), ('BusinessAcceptsCreditCards=True', 'has_attribute'), ('Event Planning & Services', 'has_category'), ('WiFi=free', 'has_attribute'), ('open', 'status')]"
276,3165,3143,7,"[('Arts & Entertainment', 'has_category'), ('BusinessAcceptsCreditCards=True', 'has_attribute'), ('ByAppointmentOnly=False', 'has_attribute'), ('DogsAllowed=False', 'has_attribute'), ('Event Planning & Services', 'has_category'), ('WiFi=free', 'has_attribute'), ('open', 'status')]"
276,3165,104,7,"[('3.5 stars', 'has_rating'), ('BusinessAcceptsCreditCards=True', 'has_attribute'), ('ByAppointmentOnly=False', 'has_attribute'), ('LA', 'in_state'), ('New Orleans', 'located_in_city'), ('RestaurantsPriceRange2=2', 'has_attribute'), ('open', 'status')]"
276,3165,1356,4,"[('Arts & Entertainment', 'has_category'), ('ByAppointmentOnly=False', 'has_attribute'), ('DogsAllowed=False', 'has_attribute'), ('open', 'status')]"
276,3165,3438,5,"[('BusinessAcceptsBitcoin=False', 'has_attribute'), ('BusinessAcceptsCreditCards=True', 'has_attribute'), ('Event Planning & Services', 'has_category'), ('RestaurantsPriceRange2=2', 'has_attribute'), ('open', 'status')]"
276,3165,558,3,"[('BusinessAcceptsCreditCards=True', 'has_attribute'), ('Event Planning & Services', 'has_category'), ('RestaurantsPriceRange2=2', 'has_attribute')]"
276,3165,5360,7,"[('Arts & Entertainment', 'has_category'), ('BusinessAcceptsCreditCards=True', 'has_attribute'), ('DogsAllowed=False', 'has_attribute'), ('Event Planning & Services', 'has_category'), ('RestaurantsGoodForGroups=True', 'has_attribute'), ('RestaurantsPriceRange2=2', 'has_attribute'), ('open', 'status')]"
276,3165,592,5,"[('BusinessAcceptsCreditCards=True', 'has_attribute'), ('Event Planning & Services', 'has_category'), ('RestaurantsPriceRange2=2', 'has_attribute'), ('WiFi=free', 'has_attribute'), ('open', 'status')]"
276,3165,4656,5,"[('BusinessAcceptsBitcoin=False', 'has_attribute'), ('BusinessAcceptsCreditCards=True', 'has_attribute'), ('Event Planning & Services', 'has_category'), ('RestaurantsGoodForGroups=True', 'has_attribute'), ('RestaurantsPriceRange2=2', 'has_attribute')]"
276,3165,880,3,"[('ByAppointmentOnly=False', 'has_attribute'), ('WiFi=free', 'has_attribute'), ('open', 'status')]"
276,3165,4088,3,"[('Arts & Entertainment', 'has_category'), ('ByAppointmentOnly=False', 'has_attribute'), ('open', 'status')]"
276,345,1442,3,"[('RestaurantsPriceRange2=2', 'has_attribute'), ('WiFi=free', 'has_attribute'), ('open', 'status')]"
276,345,4326,6,"[('BusinessAcceptsCreditCards=True', 'has_attribute'), ('Event Planning & Services', 'has_category'), ('Resorts', 'has_category'), ('Venues & Event Spaces', 'has_category'), ('WiFi=free', 'has_attribute'), ('open', 'status')]"
276,345,3143,6,"[('BusinessAcceptsCreditCards=True', 'has_attribute'), ('Event Planning & Services', 'has_category'), ('MO', 'in_state'), ('Venues & Event Spaces', 'has_category'), ('WiFi=free', 'has_attribute'), ('open', 'status')]"
276,345,104,4,"[('3.5 stars', 'has_rating'), ('BusinessAcceptsCreditCards=True', 'has_attribute'), ('RestaurantsPriceRange2=2', 'has_attribute'), ('open', 'status')]"
276,345,1356,2,"[('MO', 'in_state'), ('open', 'status')]"
276,345,3438,6,"[('BusinessAcceptsCreditCards=True', 'has_attribute'), ('Event Planning & Services', 'has_category'), ('MO', 'in_state'), ('RestaurantsPriceRange2=2', 'has_attribute'), ('Venues & Event Spaces', 'has_category'), ('open', 'status')]"
276,345,558,4,"[('BusinessAcceptsCreditCards=True', 'has_attribute'), ('Event Planning & Services', 'has_category'), ('MO', 'in_state'), ('RestaurantsPriceRange2=2', 'has_attribute')]"
276,345,5360,6,"[('BusinessAcceptsCreditCards=True', 'has_attribute'), ('Event Planning & Services', 'has_category'), ('MO', 'in_state'), ('RestaurantsPriceRange2=2', 'has_attribute'), ('Venues & Event Spaces', 'has_category'), ('open', 'status')]"
276,345,592,6,"[('BusinessAcceptsCreditCards=True', 'has_attribute'), ('Event Planning & Services', 'has_category'), ('MO', 'in_state'), ('RestaurantsPriceRange2=2', 'has_attribute'), ('WiFi=free', 'has_attribute'), ('open', 'status')]"
276,345,4656,5,"[('63105', 'has_postal_code'), ('BusinessAcceptsCreditCards=True', 'has_attribute'), ('Event Planning & Services', 'has_category'), ('MO', 'in_state'), ('RestaurantsPriceRange2=2', 'has_attribute')]"
276,345,880,3,"[('MO', 'in_state'), ('WiFi=free', 'has_attribute'), ('open', 'status')]"
276,345,4088,2,"[('MO', 'in_state'), ('open', 'status')]"
276,3620,1442,4,"[('3.0 stars', 'has_rating'), ('RestaurantsPriceRange2=2', 'has_attribute'), ('WiFi=free', 'has_attribute'), ('open', 'status')]"
276,3620,4326,6,"[('3.0 stars', 'has_rating'), ('BusinessAcceptsCreditCards=True', 'has_attribute'), ('Event Planning & Services', 'has_category'), ('WheelchairAccessible=True', 'has_attribute'), ('WiFi=free', 'has_attribute'), ('open', 'status')]"
276,3620,3143,7,"[('Arts & Entertainment', 'has_category'), ('BikeParking=True', 'has_attribute'), ('BusinessAcceptsCreditCards=True', 'has_attribute'), ('Event Planning & Services', 'has_category'), ('MO', 'in_state'), ('WiFi=free', 'has_attribute'), ('open', 'status')]"
276,3620,104,4,"[('BikeParking=True', 'has_attribute'), ('BusinessAcceptsCreditCards=True', 'has_attribute'), ('RestaurantsPriceRange2=2', 'has_attribute'), ('open', 'status')]"
276,3620,1356,4,"[('Arts & Entertainment', 'has_category'), ('MO', 'in_state'), ('St. Louis', 'located_in_city'), ('open', 'status')]"
276,3620,3438,6,"[('3.0 stars', 'has_rating'), ('BusinessAcceptsCreditCards=True', 'has_attribute'), ('Event Planning & Services', 'has_category'), ('MO', 'in_state'), ('RestaurantsPriceRange2=2', 'has_attribute'), ('open', 'status')]"
276,3620,558,4,"[('BusinessAcceptsCreditCards=True', 'has_attribute'), ('Event Planning & Services', 'has_category'), ('MO', 'in_state'), ('RestaurantsPriceRange2=2', 'has_attribute')]"
276,3620,5360,13,"[('Alcohol=full_bar', 'has_attribute'), ('Arts & Entertainment', 'has_category'), ('BikeParking=True', 'has_attribute'), ('BusinessAcceptsCreditCards=True', 'has_attribute'), ('Event Planning & Services', 'has_category'), ('HasTV=True', 'has_attribute'), ('MO', 'in_state'), ('Music={dj: False, background_music: False, no_music: False, jukebox: False, live: True, video: False, karaoke: False}', 'has_attribute'), ('Nightlife', 'has_category'), ('NoiseLevel=average', 'has_attribute'), ('RestaurantsGoodForGroups=True', 'has_attribute'), ('RestaurantsPriceRange2=2', 'has_attribute'), ('open', 'status')]"
276,3620,592,6,"[('BusinessAcceptsCreditCards=True', 'has_attribute'), ('Event Planning & Services', 'has_category'), ('MO', 'in_state'), ('RestaurantsPriceRange2=2', 'has_attribute'), ('WiFi=free', 'has_attribute'), ('open', 'status')]"
276,3620,4656,8,"[('Alcohol=full_bar', 'has_attribute'), ('BusinessAcceptsCreditCards=True', 'has_attribute'), ('Event Planning & Services', 'has_category'), ('HasTV=True', 'has_attribute'), ('MO', 'in_state'), ('Restaurants', 'has_category'), ('RestaurantsGoodForGroups=True', 'has_attribute'), ('RestaurantsPriceRange2=2', 'has_attribute')]"
276,3620,880,4,"[('3.0 stars', 'has_rating'), ('MO', 'in_state'), ('WiFi=free', 'has_attribute'), ('open', 'status')]"
276,3620,4088,3,"[('Arts & Entertainment', 'has_category'), ('MO', 'in_state'), ('open', 'status')]"
276,3705,1442,2,"[('RestaurantsPriceRange2=2', 'has_attribute'), ('open', 'status')]"
276,3705,4326,3,"[('BusinessAcceptsCreditCards=True', 'has_attribute'), ('Event Planning & Services', 'has_category'), ('open', 'status')]"
276,3705,3143,4,"[('BusinessAcceptsCreditCards=True', 'has_attribute'), ('Event Planning & Services', 'has_category'), ('MO', 'in_state'), ('open', 'status')]"
276,3705,104,3,"[('BusinessAcceptsCreditCards=True', 'has_attribute'), ('RestaurantsPriceRange2=2', 'has_attribute'), ('open', 'status')]"
276,3705,1356,2,"[('MO', 'in_state'), ('open', 'status')]"
276,3705,3438,7,"[('BusinessAcceptsCreditCards=True', 'has_attribute'), ('Event Planning & Services', 'has_category'), ('MO', 'in_state'), ('RestaurantsPriceRange2=2', 'has_attribute'), ('Saint Louis', 'located_in_city'), ('WiFi=paid', 'has_attribute'), ('open', 'status')]"
276,3705,558,7,"[('2.5 stars', 'has_rating'), ('BusinessAcceptsCreditCards=True', 'has_attribute'), ('Event Planning & Services', 'has_category'), ('MO', 'in_state'), ('RestaurantsPriceRange2=2', 'has_attribute'), ('Saint Louis', 'located_in_city'), ('WiFi=paid', 'has_attribute')]"
276,3705,5360,6,"[('BusinessAcceptsCreditCards=True', 'has_attribute'), ('Event Planning & Services', 'has_category'), ('MO', 'in_state'), ('RestaurantsPriceRange2=2', 'has_attribute'), ('Saint Louis', 'located_in_city'), ('open', 'status')]"
276,3705,592,5,"[('BusinessAcceptsCreditCards=True', 'has_attribute'), ('Event Planning & Services', 'has_category'), ('MO', 'in_state'), ('RestaurantsPriceRange2=2', 'has_attribute'), ('open', 'status')]"
276,3705,4656,7,"[('2.5 stars', 'has_rating'), ('BusinessAcceptsCreditCards=True', 'has_attribute'), ('Event Planning & Services', 'has_category'), ('MO', 'in_state'), ('RestaurantsPriceRange2=2', 'has_attribute'), ('Saint Louis', 'located_in_city'), ('WiFi=paid', 'has_attribute')]"
276,3705,880,3,"[('MO', 'in_state'), ('Saint Louis', 'located_in_city'), ('open', 'status')]"
276,3705,4088,4,"[('63102', 'has_postal_code'), ('MO', 'in_state'), ('Saint Louis', 'located_in_city'), ('open', 'status')]"
276,3732,1442,7,"[('Airports', 'has_category'), ('ByAppointmentOnly=False', 'has_attribute'), ('GoodForMeal={dessert: False, latenight: False, lunch: False, dinner: False, brunch: False, breakfast: False}', 'has_attribute'), ('RestaurantsDelivery=False', 'has_attribute'), ('RestaurantsPriceRange2=2', 'has_attribute'), ('WiFi=free', 'has_attribute'), ('open', 'status')]"
276,3732,4326,3,"[('BusinessAcceptsCreditCards=True', 'has_attribute'), ('WiFi=free', 'has_attribute'), ('open', 'status')]"
276,3732,3143,4,"[('BusinessAcceptsCreditCards=True', 'has_attribute'), ('ByAppointmentOnly=False', 'has_attribute'), ('WiFi=free', 'has_attribute'), ('open', 'status')]"
276,3732,104,6,"[('BusinessAcceptsCreditCards=True', 'has_attribute'), ('ByAppointmentOnly=False', 'has_attribute'), ('RestaurantsPriceRange2=2', 'has_attribute'), ('Shopping', 'has_category'), ('Shopping Centers', 'has_category'), ('open', 'status')]"
276,3732,1356,2,"[('ByAppointmentOnly=False', 'has_attribute'), ('open', 'status')]"
276,3732,3438,3,"[('BusinessAcceptsCreditCards=True', 'has_attribute'), ('RestaurantsPriceRange2=2', 'has_attribute'), ('open', 'status')]"
276,3732,558,2,"[('BusinessAcceptsCreditCards=True', 'has_attribute'), ('RestaurantsPriceRange2=2', 'has_attribute')]"
276,3732,5360,3,"[('BusinessAcceptsCreditCards=True', 'has_attribute'), ('RestaurantsPriceRange2=2', 'has_attribute'), ('open', 'status')]"
276,3732,592,4,"[('BusinessAcceptsCreditCards=True', 'has_attribute'), ('RestaurantsPriceRange2=2', 'has_attribute'), ('WiFi=free', 'has_attribute'), ('open', 'status')]"
276,3732,4656,3,"[('BusinessAcceptsCreditCards=True', 'has_attribute'), ('RestaurantsDelivery=False', 'has_attribute'), ('RestaurantsPriceRange2=2', 'has_attribute')]"
276,3732,880,4,"[('Airports', 'has_category'), ('ByAppointmentOnly=False', 'has_attribute'), ('WiFi=free', 'has_attribute'), ('open', 'status')]"
276,3732,4088,3,"[('4.0 stars', 'has_rating'), ('ByAppointmentOnly=False', 'has_attribute'), ('open', 'status')]"
276,4031,1442,3,"[('RestaurantsPriceRange2=2', 'has_attribute'), ('WiFi=free', 'has_attribute'), ('open', 'status')]"
276,4031,4326,4,"[('BusinessAcceptsCreditCards=True', 'has_attribute'), ('Event Planning & Services', 'has_category'), ('WiFi=free', 'has_attribute'), ('open', 'status')]"
276,4031,3143,6,"[('4.5 stars', 'has_rating'), ('BusinessAcceptsCreditCards=True', 'has_attribute'), ('Event Planning & Services', 'has_category'), ('MO', 'in_state'), ('WiFi=free', 'has_attribute'), ('open', 'status')]"
276,4031,104,3,"[('BusinessAcceptsCreditCards=True', 'has_attribute'), ('RestaurantsPriceRange2=2', 'has_attribute'), ('open', 'status')]"
276,4031,1356,3,"[('4.5 stars', 'has_rating'), ('MO', 'in_state'), ('open', 'status')]"
276,4031,3438,6,"[('BusinessAcceptsCreditCards=True', 'has_attribute'), ('Event Planning & Services', 'has_category'), ('MO', 'in_state'), ('RestaurantsPriceRange2=2', 'has_attribute'), ('Saint Louis', 'located_in_city'), ('open', 'status')]"
276,4031,558,5,"[('BusinessAcceptsCreditCards=True', 'has_attribute'), ('Event Planning & Services', 'has_category'), ('MO', 'in_state'), ('RestaurantsPriceRange2=2', 'has_attribute'), ('Saint Louis', 'located_in_city')]"
276,4031,5360,7,"[('4.5 stars', 'has_rating'), ('BusinessAcceptsCreditCards=True', 'has_attribute'), ('Event Planning & Services', 'has_category'), ('MO', 'in_state'), ('RestaurantsPriceRange2=2', 'has_attribute'), ('Saint Louis', 'located_in_city'), ('open', 'status')]"
276,4031,592,6,"[('BusinessAcceptsCreditCards=True', 'has_attribute'), ('Event Planning & Services', 'has_category'), ('MO', 'in_state'), ('RestaurantsPriceRange2=2', 'has_attribute'), ('WiFi=free', 'has_attribute'), ('open', 'status')]"
276,4031,4656,5,"[('BusinessAcceptsCreditCards=True', 'has_attribute'), ('Event Planning & Services', 'has_category'), ('MO', 'in_state'), ('RestaurantsPriceRange2=2', 'has_attribute'), ('Saint Louis', 'located_in_city')]"
276,4031,880,4,"[('MO', 'in_state'), ('Saint Louis', 'located_in_city'), ('WiFi=free', 'has_attribute'), ('open', 'status')]"
276,4031,4088,3,"[('MO', 'in_state'), ('Saint Louis', 'located_in_city'), ('open', 'status')]"
276,41,1442,2,"[('ByAppointmentOnly=False', 'has_attribute'), ('open', 'status')]"
276,41,4326,1,"[('open', 'status')]"
276,41,3143,7,"[('4.5 stars', 'has_rating'), ('Arts & Entertainment', 'has_category'), ('ByAppointmentOnly=False', 'has_attribute'), ('GoodForKids=True', 'has_attribute'), ('MO', 'in_state'), ('Tours', 'has_category'), ('open', 'status')]"
276,41,104,4,"[('ByAppointmentOnly=False', 'has_attribute'), ('GoodForKids=True', 'has_attribute'), ('Tours', 'has_category'), ('open', 'status')]"
276,41,1356,8,"[('4.5 stars', 'has_rating'), ('Arts & Entertainment', 'has_category'), ('ByAppointmentOnly=False', 'has_attribute'), ('GoodForKids=True', 'has_attribute'), ('MO', 'in_state'), ('Museums', 'has_category'), ('Tours', 'has_category'), ('open', 'status')]"
276,41,3438,3,"[('MO', 'in_state'), ('Saint Louis', 'located_in_city'), ('open', 'status')]"
276,41,558,3,"[('63103', 'has_postal_code'), ('MO', 'in_state'), ('Saint Louis', 'located_in_city')]"
276,41,5360,9,"[('4.5 stars', 'has_rating'), ('63103', 'has_postal_code'), ('Arts & Entertainment', 'has_category'), ('GoodForKids=True', 'has_attribute'), ('MO', 'in_state'), ('Saint Louis', 'located_in_city'), ('Tours', 'has_category'), ('WiFi=no', 'has_attribute'), ('open', 'status')]"
276,41,592,2,"[('MO', 'in_state'), ('open', 'status')]"
276,41,4656,3,"[('GoodForKids=True', 'has_attribute'), ('MO', 'in_state'), ('Saint Louis', 'located_in_city')]"
276,41,880,4,"[('ByAppointmentOnly=False', 'has_attribute'), ('MO', 'in_state'), ('Saint Louis', 'located_in_city'), ('open', 'status')]"
276,41,4088,10,"[('Arts & Entertainment', 'has_category'), ('ByAppointmentOnly=False', 'has_attribute'), ('GoodForKids=True', 'has_attribute'), ('Landmarks & Historical Buildings', 'has_category'), ('MO', 'in_state'), ('Museums', 'has_category'), ('Public Services & Government', 'has_category'), ('Saint Louis', 'located_in_city'), ('Tours', 'has_category'), ('open', 'status')]"
276,4143,1442,5,"[('Airports', 'has_category'), ('ByAppointmentOnly=False', 'has_attribute'), ('Transportation', 'has_category'), ('WiFi=free', 'has_attribute'), ('open', 'status')]"
276,4143,4326,2,"[('WiFi=free', 'has_attribute'), ('open', 'status')]"
276,4143,3143,3,"[('ByAppointmentOnly=False', 'has_attribute'), ('WiFi=free', 'has_attribute'), ('open', 'status')]"
276,4143,104,2,"[('ByAppointmentOnly=False', 'has_attribute'), ('open', 'status')]"
276,4143,1356,2,"[('ByAppointmentOnly=False', 'has_attribute'), ('open', 'status')]"
276,4143,3438,1,"[('open', 'status')]"
276,4143,5360,1,"[('open', 'status')]"
276,4143,592,2,"[('WiFi=free', 'has_attribute'), ('open', 'status')]"
276,4143,558,0,[]
276,4143,4656,0,[]
276,4143,880,4,"[('Airports', 'has_category'), ('ByAppointmentOnly=False', 'has_attribute'), ('WiFi=free', 'has_attribute'), ('open', 'status')]"
276,4143,4088,3,"[('4.0 stars', 'has_rating'), ('ByAppointmentOnly=False', 'has_attribute'), ('open', 'status')]"
276,4184,1442,3,"[('LA', 'in_state'), ('WiFi=free', 'has_attribute'), ('open', 'status')]"
276,4184,4326,5,"[('BusinessAcceptsCreditCards=True', 'has_attribute'), ('Event Planning & Services', 'has_category'), ('WheelchairAccessible=True', 'has_attribute'), ('WiFi=free', 'has_attribute'), ('open', 'status')]"
276,4184,3143,9,"[('Active Life', 'has_category'), ('BikeParking=True', 'has_attribute'), ('BusinessAcceptsCreditCards=True', 'has_attribute'), ('DogsAllowed=False', 'has_attribute'), ('Event Planning & Services', 'has_category'), ('GoodForKids=True', 'has_attribute'), ('Tours', 'has_category'), ('WiFi=free', 'has_attribute'), ('open', 'status')]"
276,4184,104,8,"[('3.5 stars', 'has_rating'), ('BikeParking=True', 'has_attribute'), ('BusinessAcceptsCreditCards=True', 'has_attribute'), ('GoodForKids=True', 'has_attribute'), ('LA', 'in_state'), ('New Orleans', 'located_in_city'), ('Tours', 'has_category'), ('open', 'status')]"
276,4184,1356,4,"[('DogsAllowed=False', 'has_attribute'), ('GoodForKids=True', 'has_attribute'), ('Tours', 'has_category'), ('open', 'status')]"
276,4184,3438,3,"[('BusinessAcceptsCreditCards=True', 'has_attribute'), ('Event Planning & Services', 'has_category'), ('open', 'status')]"
276,4184,558,2,"[('BusinessAcceptsCreditCards=True', 'has_attribute'), ('Event Planning & Services', 'has_category')]"
276,4184,5360,7,"[('BikeParking=True', 'has_attribute'), ('BusinessAcceptsCreditCards=True', 'has_attribute'), ('DogsAllowed=False', 'has_attribute'), ('Event Planning & Services', 'has_category'), ('GoodForKids=True', 'has_attribute'), ('Tours', 'has_category'), ('open', 'status')]"
276,4184,592,4,"[('BusinessAcceptsCreditCards=True', 'has_attribute'), ('Event Planning & Services', 'has_category'), ('WiFi=free', 'has_attribute'), ('open', 'status')]"
276,4184,4656,4,"[('BusinessAcceptsCreditCards=True', 'has_attribute'), ('Event Planning & Services', 'has_category'), ('GoodForKids=True', 'has_attribute'), ('Restaurants', 'has_category')]"
276,4184,880,2,"[('WiFi=free', 'has_attribute'), ('open', 'status')]"
276,4184,4088,4,"[('Active Life', 'has_category'), ('GoodForKids=True', 'has_attribute'), ('Tours', 'has_category'), ('open', 'status')]"
276,4254,1442,3,"[('RestaurantsPriceRange2=2', 'has_attribute'), ('RestaurantsTakeOut=True', 'has_attribute'), ('open', 'status')]"
276,4254,4326,2,"[('BusinessAcceptsCreditCards=True', 'has_attribute'), ('open', 'status')]"
276,4254,3143,7,"[('63110', 'has_postal_code'), ('BikeParking=True', 'has_attribute'), ('BusinessAcceptsCreditCards=True', 'has_attribute'), ('GoodForKids=True', 'has_attribute'), ('MO', 'in_state'), ('Tours', 'has_category'), ('open', 'status')]"
276,4254,104,9,"[('3.5 stars', 'has_rating'), ('BikeParking=True', 'has_attribute'), ('BusinessAcceptsCreditCards=True', 'has_attribute'), ('Food', 'has_category'), ('GoodForKids=True', 'has_attribute'), ('RestaurantsPriceRange2=2', 'has_attribute'), ('RestaurantsTakeOut=True', 'has_attribute'), ('Tours', 'has_category'), ('open', 'status')]"
276,4254,1356,4,"[('GoodForKids=True', 'has_attribute'), ('MO', 'in_state'), ('Tours', 'has_category'), ('open', 'status')]"
276,4254,3438,5,"[('BusinessAcceptsCreditCards=True', 'has_attribute'), ('MO', 'in_state'), ('RestaurantsPriceRange2=2', 'has_attribute'), ('Saint Louis', 'located_in_city'), ('open', 'status')]"
276,4254,558,4,"[('BusinessAcceptsCreditCards=True', 'has_attribute'), ('MO', 'in_state'), ('RestaurantsPriceRange2=2', 'has_attribute'), ('Saint Louis', 'located_in_city')]"
276,4254,5360,15,"[('Alcohol=full_bar', 'has_attribute'), ('BikeParking=True', 'has_attribute'), ('BusinessAcceptsCreditCards=True', 'has_attribute'), ('GoodForDancing=False', 'has_attribute'), ('GoodForKids=True', 'has_attribute'), ('HasTV=True', 'has_attribute'), ('MO', 'in_state'), ('Nightlife', 'has_category'), ('NoiseLevel=average', 'has_attribute'), ('RestaurantsGoodForGroups=True', 'has_attribute'), ('RestaurantsPriceRange2=2', 'has_attribute'), ('Saint Louis', 'located_in_city'), ('Tours', 'has_category'), ('WiFi=no', 'has_attribute'), ('open', 'status')]"
276,4254,592,5,"[('63110', 'has_postal_code'), ('BusinessAcceptsCreditCards=True', 'has_attribute'), ('MO', 'in_state'), ('RestaurantsPriceRange2=2', 'has_attribute'), ('open', 'status')]"
276,4254,4656,13,"[('Alcohol=full_bar', 'has_attribute'), ('BusinessAcceptsCreditCards=True', 'has_attribute'), ('Caters=True', 'has_attribute'), ('GoodForKids=True', 'has_attribute'), ('HasTV=True', 'has_attribute'), ('MO', 'in_state'), ('Restaurants', 'has_category'), ('RestaurantsAttire=casual', 'has_attribute'), ('RestaurantsGoodForGroups=True', 'has_attribute'), ('RestaurantsPriceRange2=2', 'has_attribute'), ('RestaurantsReservations=True', 'has_attribute'), ('RestaurantsTakeOut=True', 'has_attribute'), ('Saint Louis', 'located_in_city')]"
276,4254,880,3,"[('MO', 'in_state'), ('Saint Louis', 'located_in_city'), ('open', 'status')]"
276,4254,4088,5,"[('GoodForKids=True', 'has_attribute'), ('MO', 'in_state'), ('Saint Louis', 'located_in_city'), ('Tours', 'has_category'), ('open', 'status')]"
276,4294,1442,2,"[('WiFi=free', 'has_attribute'), ('open', 'status')]"
276,4294,4326,6,"[('BusinessAcceptsCreditCards=True', 'has_attribute'), ('Event Planning & Services', 'has_category'), ('RestaurantsPriceRange2=3', 'has_attribute'), ('Venues & Event Spaces', 'has_category'), ('WiFi=free', 'has_attribute'), ('open', 'status')]"
276,4294,104,3,"[('3.5 stars', 'has_rating'), ('BusinessAcceptsCreditCards=True', 'has_attribute'), ('open', 'status')]"
276,4294,3143,8,"[('Active Life', 'has_category'), ('Arts & Entertainment', 'has_category'), ('BusinessAcceptsCreditCards=True', 'has_attribute'), ('Event Planning & Services', 'has_category'), ('MO', 'in_state'), ('Venues & Event Spaces', 'has_category'), ('WiFi=free', 'has_attribute'), ('open', 'status')]"
276,4294,1356,4,"[('Arts & Entertainment', 'has_category'), ('MO', 'in_state'), ('St. Louis', 'located_in_city'), ('open', 'status')]"
276,4294,3438,5,"[('BusinessAcceptsCreditCards=True', 'has_attribute'), ('Event Planning & Services', 'has_category'), ('MO', 'in_state'), ('Venues & Event Spaces', 'has_category'), ('open', 'status')]"
276,4294,558,3,"[('BusinessAcceptsCreditCards=True', 'has_attribute'), ('Event Planning & Services', 'has_category'), ('MO', 'in_state')]"
276,4294,5360,9,"[('Alcohol=full_bar', 'has_attribute'), ('Arts & Entertainment', 'has_category'), ('BusinessAcceptsCreditCards=True', 'has_attribute'), ('Event Planning & Services', 'has_category'), ('MO', 'in_state'), ('Nightlife', 'has_category'), ('RestaurantsGoodForGroups=True', 'has_attribute'), ('Venues & Event Spaces', 'has_category'), ('open', 'status')]"
276,4294,592,5,"[('BusinessAcceptsCreditCards=True', 'has_attribute'), ('Event Planning & Services', 'has_category'), ('MO', 'in_state'), ('WiFi=free', 'has_attribute'), ('open', 'status')]"
276,4294,4656,6,"[('Alcohol=full_bar', 'has_attribute'), ('BikeParking=False', 'has_attribute'), ('BusinessAcceptsCreditCards=True', 'has_attribute'), ('Event Planning & Services', 'has_category'), ('MO', 'in_state'), ('RestaurantsGoodForGroups=True', 'has_attribute')]"
276,4294,880,3,"[('MO', 'in_state'), ('WiFi=free', 'has_attribute'), ('open', 'status')]"
276,4294,4088,5,"[('63102', 'has_postal_code'), ('Active Life', 'has_category'), ('Arts & Entertainment', 'has_category'), ('MO', 'in_state'), ('open', 'status')]"
276,4314,1442,2,"[('Transportation', 'has_category'), ('open', 'status')]"
276,4314,4326,1,"[('open', 'status')]"
276,4314,3143,2,"[('MO', 'in_state'), ('open', 'status')]"
276,4314,104,2,"[('3.5 stars', 'has_rating'), ('open', 'status')]"
276,4314,1356,2,"[('MO', 'in_state'), ('open', 'status')]"
276,4314,3438,3,"[('MO', 'in_state'), ('Saint Louis', 'located_in_city'), ('open', 'status')]"
276,4314,558,2,"[('MO', 'in_state'), ('Saint Louis', 'located_in_city')]"
276,4314,5360,3,"[('MO', 'in_state'), ('Saint Louis', 'located_in_city'), ('open', 'status')]"
276,4314,592,2,"[('MO', 'in_state'), ('open', 'status')]"
276,4314,4656,2,"[('MO', 'in_state'), ('Saint Louis', 'located_in_city')]"
276,4314,880,3,"[('MO', 'in_state'), ('Saint Louis', 'located_in_city'), ('open', 'status')]"
276,4314,4088,3,"[('MO', 'in_state'), ('Saint Louis', 'located_in_city'), ('open', 'status')]"
276,4427,1442,3,"[('3.0 stars', 'has_rating'), ('Transportation', 'has_category'), ('open', 'status')]"
276,4427,4326,2,"[('3.0 stars', 'has_rating'), ('open', 'status')]"
276,4427,3143,2,"[('MO', 'in_state'), ('open', 'status')]"
276,4427,104,1,"[('open', 'status')]"
276,4427,1356,2,"[('MO', 'in_state'), ('open', 'status')]"
276,4427,3438,4,"[('3.0 stars', 'has_rating'), ('MO', 'in_state'), ('Saint Louis', 'located_in_city'), ('open', 'status')]"
276,4427,558,3,"[('63103', 'has_postal_code'), ('MO', 'in_state'), ('Saint Louis', 'located_in_city')]"
276,4427,5360,4,"[('63103', 'has_postal_code'), ('MO', 'in_state'), ('Saint Louis', 'located_in_city'), ('open', 'status')]"
276,4427,592,2,"[('MO', 'in_state'), ('open', 'status')]"
276,4427,4656,2,"[('MO', 'in_state'), ('Saint Louis', 'located_in_city')]"
276,4427,880,4,"[('3.0 stars', 'has_rating'), ('MO', 'in_state'), ('Saint Louis', 'located_in_city'), ('open', 'status')]"
276,4427,4088,3,"[('MO', 'in_state'), ('Saint Louis', 'located_in_city'), ('open', 'status')]"
276,45,1442,4,"[('Airports', 'has_category'), ('ByAppointmentOnly=False', 'has_attribute'), ('WiFi=free', 'has_attribute'), ('open', 'status')]"
276,45,4326,3,"[('BusinessAcceptsCreditCards=True', 'has_attribute'), ('WiFi=free', 'has_attribute'), ('open', 'status')]"
276,45,3143,4,"[('BusinessAcceptsCreditCards=True', 'has_attribute'), ('ByAppointmentOnly=False', 'has_attribute'), ('WiFi=free', 'has_attribute'), ('open', 'status')]"
276,45,104,3,"[('BusinessAcceptsCreditCards=True', 'has_attribute'), ('ByAppointmentOnly=False', 'has_attribute'), ('open', 'status')]"
276,45,1356,2,"[('ByAppointmentOnly=False', 'has_attribute'), ('open', 'status')]"
276,45,3438,2,"[('BusinessAcceptsCreditCards=True', 'has_attribute'), ('open', 'status')]"
276,45,558,2,"[('2.5 stars', 'has_rating'), ('BusinessAcceptsCreditCards=True', 'has_attribute')]"
276,45,5360,2,"[('BusinessAcceptsCreditCards=True', 'has_attribute'), ('open', 'status')]"
276,45,592,3,"[('BusinessAcceptsCreditCards=True', 'has_attribute'), ('WiFi=free', 'has_attribute'), ('open', 'status')]"
276,45,4656,2,"[('2.5 stars', 'has_rating'), ('BusinessAcceptsCreditCards=True', 'has_attribute')]"
276,45,880,4,"[('Airports', 'has_category'), ('ByAppointmentOnly=False', 'has_attribute'), ('WiFi=free', 'has_attribute'), ('open', 'status')]"
276,45,4088,2,"[('ByAppointmentOnly=False', 'has_attribute'), ('open', 'status')]"
276,4525,1442,1,"[('open', 'status')]"
276,4525,4326,2,"[('BusinessAcceptsCreditCards=True', 'has_attribute'), ('open', 'status')]"
276,4525,3143,6,"[('Active Life', 'has_category'), ('Arts & Entertainment', 'has_category'), ('BusinessAcceptsCreditCards=True', 'has_attribute'), ('GoodForKids=True', 'has_attribute'), ('Tours', 'has_category'), ('open', 'status')]"
276,4525,104,5,"[('3.5 stars', 'has_rating'), ('BusinessAcceptsCreditCards=True', 'has_attribute'), ('GoodForKids=True', 'has_attribute'), ('Tours', 'has_category'), ('open', 'status')]"
276,4525,1356,4,"[('Arts & Entertainment', 'has_category'), ('GoodForKids=True', 'has_attribute'), ('Tours', 'has_category'), ('open', 'status')]"
276,4525,3438,2,"[('BusinessAcceptsCreditCards=True', 'has_attribute'), ('open', 'status')]"
276,4525,558,1,"[('BusinessAcceptsCreditCards=True', 'has_attribute')]"
276,4525,5360,11,"[('Alcohol=full_bar', 'has_attribute'), ('Arts & Entertainment', 'has_category'), ('BusinessAcceptsCreditCards=True', 'has_attribute'), ('GoodForKids=True', 'has_attribute'), ('HasTV=True', 'has_attribute'), ('Nightlife', 'has_category'), ('NoiseLevel=average', 'has_attribute'), ('RestaurantsGoodForGroups=True', 'has_attribute'), ('Tours', 'has_category'), ('WiFi=no', 'has_attribute'), ('open', 'status')]"
276,4525,592,2,"[('BusinessAcceptsCreditCards=True', 'has_attribute'), ('open', 'status')]"
276,4525,4656,6,"[('Alcohol=full_bar', 'has_attribute'), ('BikeParking=False', 'has_attribute'), ('BusinessAcceptsCreditCards=True', 'has_attribute'), ('GoodForKids=True', 'has_attribute'), ('HasTV=True', 'has_attribute'), ('RestaurantsGoodForGroups=True', 'has_attribute')]"
276,4525,880,1,"[('open', 'status')]"
276,4525,4088,6,"[('Active Life', 'has_category'), ('Arts & Entertainment', 'has_category'), ('GoodForKids=True', 'has_attribute'), ('Parks', 'has_category'), ('Tours', 'has_category'), ('open', 'status')]"
276,4673,1442,5,"[('RestaurantsDelivery=False', 'has_attribute'), ('RestaurantsPriceRange2=2', 'has_attribute'), ('RestaurantsTakeOut=True', 'has_attribute'), ('WiFi=free', 'has_attribute'), ('open', 'status')]"
276,4673,4326,5,"[('BusinessAcceptsCreditCards=True', 'has_attribute'), ('Event Planning & Services', 'has_category'), ('WheelchairAccessible=True', 'has_attribute'), ('WiFi=free', 'has_attribute'), ('open', 'status')]"
276,4673,3143,6,"[('Arts & Entertainment', 'has_category'), ('BusinessAcceptsCreditCards=True', 'has_attribute'), ('Event Planning & Services', 'has_category'), ('MO', 'in_state'), ('WiFi=free', 'has_attribute'), ('open', 'status')]"
276,4673,104,5,"[('BusinessAcceptsCreditCards=True', 'has_attribute'), ('Caters=False', 'has_attribute'), ('RestaurantsPriceRange2=2', 'has_attribute'), ('RestaurantsTakeOut=True', 'has_attribute'), ('open', 'status')]"
276,4673,1356,4,"[('Arts & Entertainment', 'has_category'), ('MO', 'in_state'), ('St. Louis', 'located_in_city'), ('open', 'status')]"
276,4673,3438,5,"[('BusinessAcceptsCreditCards=True', 'has_attribute'), ('Event Planning & Services', 'has_category'), ('MO', 'in_state'), ('RestaurantsPriceRange2=2', 'has_attribute'), ('open', 'status')]"
276,4673,558,5,"[('2.5 stars', 'has_rating'), ('BusinessAcceptsCreditCards=True', 'has_attribute'), ('Event Planning & Services', 'has_category'), ('MO', 'in_state'), ('RestaurantsPriceRange2=2', 'has_attribute')]"
276,4673,5360,10,"[('Alcohol=full_bar', 'has_attribute'), ('Arts & Entertainment', 'has_category'), ('BusinessAcceptsCreditCards=True', 'has_attribute'), ('Event Planning & Services', 'has_category'), ('HappyHour=False', 'has_attribute'), ('MO', 'in_state'), ('NoiseLevel=average', 'has_attribute'), ('RestaurantsGoodForGroups=True', 'has_attribute'), ('RestaurantsPriceRange2=2', 'has_attribute'), ('open', 'status')]"
276,4673,592,6,"[('BusinessAcceptsCreditCards=True', 'has_attribute'), ('Event Planning & Services', 'has_category'), ('MO', 'in_state'), ('RestaurantsPriceRange2=2', 'has_attribute'), ('WiFi=free', 'has_attribute'), ('open', 'status')]"
276,4673,4656,10,"[('2.5 stars', 'has_rating'), ('Alcohol=full_bar', 'has_attribute'), ('BusinessAcceptsCreditCards=True', 'has_attribute'), ('Event Planning & Services', 'has_category'), ('MO', 'in_state'), ('Restaurants', 'has_category'), ('RestaurantsDelivery=False', 'has_attribute'), ('RestaurantsGoodForGroups=True', 'has_attribute'), ('RestaurantsPriceRange2=2', 'has_attribute'), ('RestaurantsTakeOut=True', 'has_attribute')]"
276,4673,880,3,"[('MO', 'in_state'), ('WiFi=free', 'has_attribute'), ('open', 'status')]"
276,4673,4088,4,"[('63102', 'has_postal_code'), ('Arts & Entertainment', 'has_category'), ('MO', 'in_state'), ('open', 'status')]"
276,4749,1442,7,"[('3.0 stars', 'has_rating'), ('OutdoorSeating=False', 'has_attribute'), ('RestaurantsDelivery=False', 'has_attribute'), ('RestaurantsPriceRange2=2', 'has_attribute'), ('RestaurantsTakeOut=True', 'has_attribute'), ('WiFi=free', 'has_attribute'), ('open', 'status')]"
276,4749,4326,6,"[('3.0 stars', 'has_rating'), ('BusinessAcceptsCreditCards=True', 'has_attribute'), ('Event Planning & Services', 'has_category'), ('Resorts', 'has_category'), ('WiFi=free', 'has_attribute'), ('open', 'status')]"
276,4749,3143,7,"[('Arts & Entertainment', 'has_category'), ('BikeParking=True', 'has_attribute'), ('BusinessAcceptsCreditCards=True', 'has_attribute'), ('Event Planning & Services', 'has_category'), ('MO', 'in_state'), ('WiFi=free', 'has_attribute'), ('open', 'status')]"
276,4749,104,6,"[('BikeParking=True', 'has_attribute'), ('BusinessAcceptsCreditCards=True', 'has_attribute'), ('Caters=False', 'has_attribute'), ('RestaurantsPriceRange2=2', 'has_attribute'), ('RestaurantsTakeOut=True', 'has_attribute'), ('open', 'status')]"
276,4749,1356,3,"[('Arts & Entertainment', 'has_category'), ('MO', 'in_state'), ('open', 'status')]"
276,4749,3438,6,"[('3.0 stars', 'has_rating'), ('BusinessAcceptsCreditCards=True', 'has_attribute'), ('Event Planning & Services', 'has_category'), ('MO', 'in_state'), ('RestaurantsPriceRange2=2', 'has_attribute'), ('open', 'status')]"
276,4749,558,4,"[('BusinessAcceptsCreditCards=True', 'has_attribute'), ('Event Planning & Services', 'has_category'), ('MO', 'in_state'), ('RestaurantsPriceRange2=2', 'has_attribute')]"
276,4749,5360,13,"[('Alcohol=full_bar', 'has_attribute'), ('Arts & Entertainment', 'has_category'), ('BikeParking=True', 'has_attribute'), ('BusinessAcceptsCreditCards=True', 'has_attribute'), ('Event Planning & Services', 'has_category'), ('HasTV=True', 'has_attribute'), ('MO', 'in_state'), ('Music={dj: False, background_music: False, no_music: False, jukebox: False, live: True, video: False, karaoke: False}', 'has_attribute'), ('Nightlife', 'has_category'), ('OutdoorSeating=False', 'has_attribute'), ('RestaurantsGoodForGroups=True', 'has_attribute'), ('RestaurantsPriceRange2=2', 'has_attribute'), ('open', 'status')]"
276,4749,592,6,"[('BusinessAcceptsCreditCards=True', 'has_attribute'), ('Event Planning & Services', 'has_category'), ('MO', 'in_state'), ('RestaurantsPriceRange2=2', 'has_attribute'), ('WiFi=free', 'has_attribute'), ('open', 'status')]"
276,4749,4656,13,"[('Alcohol=full_bar', 'has_attribute'), ('BusinessAcceptsCreditCards=True', 'has_attribute'), ('Event Planning & Services', 'has_category'), ('HasTV=True', 'has_attribute'), ('MO', 'in_state'), ('NoiseLevel=loud', 'has_attribute'), ('OutdoorSeating=False', 'has_attribute'), ('Restaurants', 'has_category'), ('RestaurantsAttire=casual', 'has_attribute'), ('RestaurantsDelivery=False', 'has_attribute'), ('RestaurantsGoodForGroups=True', 'has_attribute'), ('RestaurantsPriceRange2=2', 'has_attribute'), ('RestaurantsTakeOut=True', 'has_attribute')]"
276,4749,880,4,"[('3.0 stars', 'has_rating'), ('MO', 'in_state'), ('WiFi=free', 'has_attribute'), ('open', 'status')]"
276,4749,4088,3,"[('Arts & Entertainment', 'has_category'), ('MO', 'in_state'), ('open', 'status')]"
276,4783,1442,2,"[('WiFi=free', 'has_attribute'), ('open', 'status')]"
276,4783,4326,9,"[('BusinessAcceptsBitcoin=False', 'has_attribute'), ('BusinessAcceptsCreditCards=True', 'has_attribute'), ('DogsAllowed=True', 'has_attribute'), ('Event Planning & Services', 'has_category'), ('RestaurantsPriceRange2=3', 'has_attribute'), ('Venues & Event Spaces', 'has_category'), ('WheelchairAccessible=True', 'has_attribute'), ('WiFi=free', 'has_attribute'), ('open', 'status')]"
276,4783,3143,7,"[('BusinessAcceptsCreditCards=True', 'has_attribute'), ('Event Planning & Services', 'has_category'), ('MO', 'in_state'), ('Party & Event Planning', 'has_category'), ('Venues & Event Spaces', 'has_category'), ('WiFi=free', 'has_attribute'), ('open', 'status')]"
276,4783,104,3,"[('BusinessAcceptsCreditCards=True', 'has_attribute'), ('DogsAllowed=True', 'has_attribute'), ('open', 'status')]"
276,4783,1356,3,"[('MO', 'in_state'), ('St. Louis', 'located_in_city'), ('open', 'status')]"
276,4783,3438,7,"[('BusinessAcceptsBitcoin=False', 'has_attribute'), ('BusinessAcceptsCreditCards=True', 'has_attribute'), ('DogsAllowed=True', 'has_attribute'), ('Event Planning & Services', 'has_category'), ('MO', 'in_state'), ('Venues & Event Spaces', 'has_category'), ('open', 'status')]"
276,4783,5360,5,"[('BusinessAcceptsCreditCards=True', 'has_attribute'), ('Event Planning & Services', 'has_category'), ('MO', 'in_state'), ('Venues & Event Spaces', 'has_category'), ('open', 'status')]"
276,4783,592,5,"[('BusinessAcceptsCreditCards=True', 'has_attribute'), ('Event Planning & Services', 'has_category'), ('MO', 'in_state'), ('WiFi=free', 'has_attribute'), ('open', 'status')]"
276,4783,558,3,"[('BusinessAcceptsCreditCards=True', 'has_attribute'), ('Event Planning & Services', 'has_category'), ('MO', 'in_state')]"
276,4783,4656,6,"[('63105', 'has_postal_code'), ('BusinessAcceptsBitcoin=False', 'has_attribute'), ('BusinessAcceptsCreditCards=True', 'has_attribute'), ('DogsAllowed=True', 'has_attribute'), ('Event Planning & Services', 'has_category'), ('MO', 'in_state')]"
276,4783,880,3,"[('MO', 'in_state'), ('WiFi=free', 'has_attribute'), ('open', 'status')]"
276,4783,4088,3,"[('4.0 stars', 'has_rating'), ('MO', 'in_state'), ('open', 'status')]"
276,5068,1442,1,"[('open', 'status')]"
276,5068,4326,1,"[('open', 'status')]"
276,5068,3143,7,"[('Active Life', 'has_category'), ('Arts & Entertainment', 'has_category'), ('DogsAllowed=False', 'has_attribute'), ('GoodForKids=True', 'has_attribute'), ('MO', 'in_state'), ('Tours', 'has_category'), ('open', 'status')]"
276,5068,104,3,"[('GoodForKids=True', 'has_attribute'), ('Tours', 'has_category'), ('open', 'status')]"
276,5068,1356,7,"[('Arts & Entertainment', 'has_category'), ('DogsAllowed=False', 'has_attribute'), ('GoodForKids=True', 'has_attribute'), ('MO', 'in_state'), ('Museums', 'has_category'), ('Tours', 'has_category'), ('open', 'status')]"
276,5068,3438,3,"[('MO', 'in_state'), ('Saint Louis', 'located_in_city'), ('open', 'status')]"
276,5068,558,2,"[('MO', 'in_state'), ('Saint Louis', 'located_in_city')]"
276,5068,5360,8,"[('Arts & Entertainment', 'has_category'), ('DogsAllowed=False', 'has_attribute'), ('GoodForKids=True', 'has_attribute'), ('MO', 'in_state'), ('Saint Louis', 'located_in_city'), ('Tours', 'has_category'), ('WiFi=no', 'has_attribute'), ('open', 'status')]"
276,5068,592,2,"[('MO', 'in_state'), ('open', 'status')]"
276,5068,4656,3,"[('GoodForKids=True', 'has_attribute'), ('MO', 'in_state'), ('Saint Louis', 'located_in_city')]"
276,5068,880,3,"[('MO', 'in_state'), ('Saint Louis', 'located_in_city'), ('open', 'status')]"
276,5068,4088,13,"[('4.0 stars', 'has_rating'), ('63102', 'has_postal_code'), ('Active Life', 'has_category'), ('Arts & Entertainment', 'has_category'), ('GoodForKids=True', 'has_attribute'), ('Landmarks & Historical Buildings', 'has_category'), ('MO', 'in_state'), ('Museums', 'has_category'), ('Parks', 'has_category'), ('Public Services & Government', 'has_category'), ('Saint Louis', 'located_in_city'), ('Tours', 'has_category'), ('open', 'status')]"
276,5111,1442,1,"[('open', 'status')]"
276,5111,4326,2,"[('BusinessAcceptsCreditCards=True', 'has_attribute'), ('open', 'status')]"
276,5111,3143,7,"[('4.5 stars', 'has_rating'), ('BikeParking=True', 'has_attribute'), ('BusinessAcceptsCreditCards=True', 'has_attribute'), ('BusinessParking={garage: False, street: True, validated: False, lot: True, valet: False}', 'has_attribute'), ('MO', 'in_state'), ('Tours', 'has_category'), ('open', 'status')]"
276,5111,104,6,"[('BikeParking=True', 'has_attribute'), ('BusinessAcceptsCreditCards=True', 'has_attribute'), ('BusinessParking={garage: False, street: True, validated: False, lot: True, valet: False}', 'has_attribute'), ('Food', 'has_category'), ('Tours', 'has_category'), ('open', 'status')]"
276,5111,1356,4,"[('4.5 stars', 'has_rating'), ('MO', 'in_state'), ('Tours', 'has_category'), ('open', 'status')]"
276,5111,3438,4,"[('BusinessAcceptsCreditCards=True', 'has_attribute'), ('MO', 'in_state'), ('Saint Louis', 'located_in_city'), ('open', 'status')]"
276,5111,558,3,"[('BusinessAcceptsCreditCards=True', 'has_attribute'), ('MO', 'in_state'), ('Saint Louis', 'located_in_city')]"
276,5111,5360,8,"[('4.5 stars', 'has_rating'), ('BikeParking=True', 'has_attribute'), ('BusinessAcceptsCreditCards=True', 'has_attribute'), ('MO', 'in_state'), ('Nightlife', 'has_category'), ('Saint Louis', 'located_in_city'), ('Tours', 'has_category'), ('open', 'status')]"
276,5111,592,3,"[('BusinessAcceptsCreditCards=True', 'has_attribute'), ('MO', 'in_state'), ('open', 'status')]"
276,5111,4656,3,"[('BusinessAcceptsCreditCards=True', 'has_attribute'), ('MO', 'in_state'), ('Saint Louis', 'located_in_city')]"
276,5111,880,3,"[('MO', 'in_state'), ('Saint Louis', 'located_in_city'), ('open', 'status')]"
276,5111,4088,4,"[('MO', 'in_state'), ('Saint Louis', 'located_in_city'), ('Tours', 'has_category'), ('open', 'status')]"
276,5176,1442,5,"[('ByAppointmentOnly=False', 'has_attribute'), ('RestaurantsDelivery=False', 'has_attribute'), ('RestaurantsPriceRange2=2', 'has_attribute'), ('RestaurantsTakeOut=True', 'has_attribute'), ('open', 'status')]"
276,5176,4326,4,"[('BusinessAcceptsCreditCards=True', 'has_attribute'), ('Event Planning & Services', 'has_category'), ('Venues & Event Spaces', 'has_category'), ('open', 'status')]"
276,5176,3143,9,"[('Arts & Entertainment', 'has_category'), ('BikeParking=True', 'has_attribute'), ('BusinessAcceptsCreditCards=True', 'has_attribute'), ('ByAppointmentOnly=False', 'has_attribute'), ('Event Planning & Services', 'has_category'), ('GoodForKids=True', 'has_attribute'), ('Tours', 'has_category'), ('Venues & Event Spaces', 'has_category'), ('open', 'status')]"
276,5176,104,9,"[('BikeParking=True', 'has_attribute'), ('BusinessAcceptsCreditCards=True', 'has_attribute'), ('ByAppointmentOnly=False', 'has_attribute'), ('Food', 'has_category'), ('GoodForKids=True', 'has_attribute'), ('RestaurantsPriceRange2=2', 'has_attribute'), ('RestaurantsTakeOut=True', 'has_attribute'), ('Tours', 'has_category'), ('open', 'status')]"
276,5176,1356,6,"[('Arts & Entertainment', 'has_category'), ('ByAppointmentOnly=False', 'has_attribute'), ('GoodForKids=True', 'has_attribute'), ('Museums', 'has_category'), ('Tours', 'has_category'), ('open', 'status')]"
276,5176,3438,5,"[('BusinessAcceptsCreditCards=True', 'has_attribute'), ('Event Planning & Services', 'has_category'), ('RestaurantsPriceRange2=2', 'has_attribute'), ('Venues & Event Spaces', 'has_category'), ('open', 'status')]"
276,5176,558,3,"[('BusinessAcceptsCreditCards=True', 'has_attribute'), ('Event Planning & Services', 'has_category'), ('RestaurantsPriceRange2=2', 'has_attribute')]"
276,5176,5360,10,"[('Arts & Entertainment', 'has_category'), ('BikeParking=True', 'has_attribute'), ('BusinessAcceptsCreditCards=True', 'has_attribute'), ('Event Planning & Services', 'has_category'), ('GoodForKids=True', 'has_attribute'), ('RestaurantsGoodForGroups=True', 'has_attribute'), ('RestaurantsPriceRange2=2', 'has_attribute'), ('Tours', 'has_category'), ('Venues & Event Spaces', 'has_category'), ('open', 'status')]"
276,5176,592,4,"[('BusinessAcceptsCreditCards=True', 'has_attribute'), ('Event Planning & Services', 'has_category'), ('RestaurantsPriceRange2=2', 'has_attribute'), ('open', 'status')]"
276,5176,4656,10,"[('Ambience={romantic: False, intimate: False, touristy: False, hipster: False, divey: False, classy: False, trendy: False, upscale: False, casual: False}', 'has_attribute'), ('BusinessAcceptsCreditCards=True', 'has_attribute'), ('Event Planning & Services', 'has_category'), ('GoodForKids=True', 'has_attribute'), ('Restaurants', 'has_category'), ('RestaurantsAttire=casual', 'has_attribute'), ('RestaurantsDelivery=False', 'has_attribute'), ('RestaurantsGoodForGroups=True', 'has_attribute'), ('RestaurantsPriceRange2=2', 'has_attribute'), ('RestaurantsTakeOut=True', 'has_attribute')]"
276,5176,880,2,"[('ByAppointmentOnly=False', 'has_attribute'), ('open', 'status')]"
276,5176,4088,9,"[('4.0 stars', 'has_rating'), ('Arts & Entertainment', 'has_category'), ('ByAppointmentOnly=False', 'has_attribute'), ('GoodForKids=True', 'has_attribute'), ('Landmarks & Historical Buildings', 'has_category'), ('Museums', 'has_category'), ('Public Services & Government', 'has_category'), ('Tours', 'has_category'), ('open', 'status')]"
276,5201,1442,1,"[('open', 'status')]"
276,5201,4326,3,"[('Event Planning & Services', 'has_category'), ('Venues & Event Spaces', 'has_category'), ('open', 'status')]"
276,5201,3143,11,"[('4.5 stars', 'has_rating'), ('Active Life', 'has_category'), ('Arts & Entertainment', 'has_category'), ('BikeParking=True', 'has_attribute'), ('BusinessParking={garage: False, street: True, validated: False, lot: True, valet: False}', 'has_attribute'), ('Event Planning & Services', 'has_category'), ('GoodForKids=True', 'has_attribute'), ('MO', 'in_state'), ('Tours', 'has_category'), ('Venues & Event Spaces', 'has_category'), ('open', 'status')]"
276,5201,104,5,"[('BikeParking=True', 'has_attribute'), ('BusinessParking={garage: False, street: True, validated: False, lot: True, valet: False}', 'has_attribute'), ('GoodForKids=True', 'has_attribute'), ('Tours', 'has_category'), ('open', 'status')]"
276,5201,1356,7,"[('4.5 stars', 'has_rating'), ('Arts & Entertainment', 'has_category'), ('GoodForKids=True', 'has_attribute'), ('MO', 'in_state'), ('Museums', 'has_category'), ('Tours', 'has_category'), ('open', 'status')]"
276,5201,3438,4,"[('Event Planning & Services', 'has_category'), ('MO', 'in_state'), ('Venues & Event Spaces', 'has_category'), ('open', 'status')]"
276,5201,558,2,"[('Event Planning & Services', 'has_category'), ('MO', 'in_state')]"
276,5201,5360,9,"[('4.5 stars', 'has_rating'), ('Arts & Entertainment', 'has_category'), ('BikeParking=True', 'has_attribute'), ('Event Planning & Services', 'has_category'), ('GoodForKids=True', 'has_attribute'), ('MO', 'in_state'), ('Tours', 'has_category'), ('Venues & Event Spaces', 'has_category'), ('open', 'status')]"
276,5201,592,3,"[('Event Planning & Services', 'has_category'), ('MO', 'in_state'), ('open', 'status')]"
276,5201,4656,3,"[('Event Planning & Services', 'has_category'), ('GoodForKids=True', 'has_attribute'), ('MO', 'in_state')]"
276,5201,880,2,"[('MO', 'in_state'), ('open', 'status')]"
276,5201,4088,8,"[('Active Life', 'has_category'), ('Arts & Entertainment', 'has_category'), ('GoodForKids=True', 'has_attribute'), ('MO', 'in_state'), ('Museums', 'has_category'), ('Parks', 'has_category'), ('Tours', 'has_category'), ('open', 'status')]"
276,522,1442,6,"[('Airports', 'has_category'), ('ByAppointmentOnly=False', 'has_attribute'), ('OutdoorSeating=False', 'has_attribute'), ('Transportation', 'has_category'), ('WiFi=free', 'has_attribute'), ('open', 'status')]"
276,522,4326,3,"[('BusinessAcceptsCreditCards=True', 'has_attribute'), ('WiFi=free', 'has_attribute'), ('open', 'status')]"
276,522,3143,4,"[('BusinessAcceptsCreditCards=True', 'has_attribute'), ('ByAppointmentOnly=False', 'has_attribute'), ('WiFi=free', 'has_attribute'), ('open', 'status')]"
276,522,104,4,"[('3.5 stars', 'has_rating'), ('BusinessAcceptsCreditCards=True', 'has_attribute'), ('ByAppointmentOnly=False', 'has_attribute'), ('open', 'status')]"
276,522,1356,2,"[('ByAppointmentOnly=False', 'has_attribute'), ('open', 'status')]"
276,522,3438,2,"[('BusinessAcceptsCreditCards=True', 'has_attribute'), ('open', 'status')]"
276,522,558,1,"[('BusinessAcceptsCreditCards=True', 'has_attribute')]"
276,522,5360,4,"[('BusinessAcceptsCreditCards=True', 'has_attribute'), ('OutdoorSeating=False', 'has_attribute'), ('RestaurantsGoodForGroups=True', 'has_attribute'), ('open', 'status')]"
276,522,592,3,"[('BusinessAcceptsCreditCards=True', 'has_attribute'), ('WiFi=free', 'has_attribute'), ('open', 'status')]"
276,522,4656,3,"[('BusinessAcceptsCreditCards=True', 'has_attribute'), ('OutdoorSeating=False', 'has_attribute'), ('RestaurantsGoodForGroups=True', 'has_attribute')]"
276,522,880,4,"[('Airports', 'has_category'), ('ByAppointmentOnly=False', 'has_attribute'), ('WiFi=free', 'has_attribute'), ('open', 'status')]"
276,522,4088,2,"[('ByAppointmentOnly=False', 'has_attribute'), ('open', 'status')]"
276,5241,1442,2,"[('Transportation', 'has_category'), ('open', 'status')]"
276,5241,4326,1,"[('open', 'status')]"
276,5241,3143,2,"[('MO', 'in_state'), ('open', 'status')]"
276,5241,104,2,"[('3.5 stars', 'has_rating'), ('open', 'status')]"
276,5241,1356,2,"[('MO', 'in_state'), ('open', 'status')]"
276,5241,3438,3,"[('MO', 'in_state'), ('Saint Louis', 'located_in_city'), ('open', 'status')]"
276,5241,558,2,"[('MO', 'in_state'), ('Saint Louis', 'located_in_city')]"
276,5241,5360,3,"[('MO', 'in_state'), ('Saint Louis', 'located_in_city'), ('open', 'status')]"
276,5241,592,2,"[('MO', 'in_state'), ('open', 'status')]"
276,5241,4656,2,"[('MO', 'in_state'), ('Saint Louis', 'located_in_city')]"
276,5241,880,3,"[('MO', 'in_state'), ('Saint Louis', 'located_in_city'), ('open', 'status')]"
276,5241,4088,4,"[('63102', 'has_postal_code'), ('MO', 'in_state'), ('Saint Louis', 'located_in_city'), ('open', 'status')]"
276,5341,1442,1,"[('open', 'status')]"
276,5341,4326,1,"[('open', 'status')]"
276,5341,3143,4,"[('GoodForKids=True', 'has_attribute'), ('MO', 'in_state'), ('Tours', 'has_category'), ('open', 'status')]"
276,5341,104,3,"[('GoodForKids=True', 'has_attribute'), ('Tours', 'has_category'), ('open', 'status')]"
276,5341,1356,4,"[('GoodForKids=True', 'has_attribute'), ('MO', 'in_state'), ('Tours', 'has_category'), ('open', 'status')]"
276,5341,3438,3,"[('MO', 'in_state'), ('Saint Louis', 'located_in_city'), ('open', 'status')]"
276,5341,558,2,"[('MO', 'in_state'), ('Saint Louis', 'located_in_city')]"
276,5341,5360,5,"[('GoodForKids=True', 'has_attribute'), ('MO', 'in_state'), ('Saint Louis', 'located_in_city'), ('Tours', 'has_category'), ('open', 'status')]"
276,5341,592,2,"[('MO', 'in_state'), ('open', 'status')]"
276,5341,4656,3,"[('GoodForKids=True', 'has_attribute'), ('MO', 'in_state'), ('Saint Louis', 'located_in_city')]"
276,5341,880,3,"[('MO', 'in_state'), ('Saint Louis', 'located_in_city'), ('open', 'status')]"
276,5341,4088,7,"[('4.0 stars', 'has_rating'), ('63102', 'has_postal_code'), ('GoodForKids=True', 'has_attribute'), ('MO', 'in_state'), ('Saint Louis', 'located_in_city'), ('Tours', 'has_category'), ('open', 'status')]"
276,5571,1442,4,"[('RestaurantsDelivery=False', 'has_attribute'), ('RestaurantsPriceRange2=2', 'has_attribute'), ('RestaurantsTakeOut=True', 'has_attribute'), ('Transportation', 'has_category')]"
276,5571,4326,1,"[('BusinessAcceptsCreditCards=True', 'has_attribute')]"
276,5571,3143,6,"[('Arts & Entertainment', 'has_category'), ('BikeParking=True', 'has_attribute'), ('BusinessAcceptsCreditCards=True', 'has_attribute'), ('GoodForKids=True', 'has_attribute'), ('MO', 'in_state'), ('Tours', 'has_category')]"
276,5571,104,8,"[('BikeParking=True', 'has_attribute'), ('BusinessAcceptsCreditCards=True', 'has_attribute'), ('GoodForKids=True', 'has_attribute'), ('RestaurantsPriceRange2=2', 'has_attribute'), ('RestaurantsTakeOut=True', 'has_attribute'), ('Shopping', 'has_category'), ('Shopping Centers', 'has_category'), ('Tours', 'has_category')]"
276,5571,1356,4,"[('Arts & Entertainment', 'has_category'), ('GoodForKids=True', 'has_attribute'), ('MO', 'in_state'), ('Tours', 'has_category')]"
276,5571,3438,4,"[('BusinessAcceptsCreditCards=True', 'has_attribute'), ('MO', 'in_state'), ('RestaurantsPriceRange2=2', 'has_attribute'), ('Saint Louis', 'located_in_city')]"
276,5571,558,7,"[('2.5 stars', 'has_rating'), ('63103', 'has_postal_code'), ('BusinessAcceptsCreditCards=True', 'has_attribute'), ('MO', 'in_state'), ('RestaurantsPriceRange2=2', 'has_attribute'), ('Saint Louis', 'located_in_city'), ('closed', 'status')]"
276,5571,5360,14,"[('63103', 'has_postal_code'), ('Alcohol=full_bar', 'has_attribute'), ('Arts & Entertainment', 'has_category'), ('BikeParking=True', 'has_attribute'), ('BusinessAcceptsCreditCards=True', 'has_attribute'), ('GoodForKids=True', 'has_attribute'), ('HasTV=True', 'has_attribute'), ('MO', 'in_state'), ('NoiseLevel=average', 'has_attribute'), ('RestaurantsGoodForGroups=True', 'has_attribute'), ('RestaurantsPriceRange2=2', 'has_attribute'), ('Saint Louis', 'located_in_city'), ('Tours', 'has_category'), ('WiFi=no', 'has_attribute')]"
276,5571,592,3,"[('BusinessAcceptsCreditCards=True', 'has_attribute'), ('MO', 'in_state'), ('RestaurantsPriceRange2=2', 'has_attribute')]"
276,5571,4656,15,"[('2.5 stars', 'has_rating'), ('Alcohol=full_bar', 'has_attribute'), ('Ambience={romantic: False, intimate: False, touristy: False, hipster: False, divey: False, classy: False, trendy: False, upscale: False, casual: False}', 'has_attribute'), ('BusinessAcceptsCreditCards=True', 'has_attribute'), ('GoodForKids=True', 'has_attribute'), ('HasTV=True', 'has_attribute'), ('MO', 'in_state'), ('Restaurants', 'has_category'), ('RestaurantsAttire=casual', 'has_attribute'), ('RestaurantsDelivery=False', 'has_attribute'), ('RestaurantsGoodForGroups=True', 'has_attribute'), ('RestaurantsPriceRange2=2', 'has_attribute'), ('RestaurantsTakeOut=True', 'has_attribute'), ('Saint Louis', 'located_in_city'), ('closed', 'status')]"
276,5571,880,2,"[('MO', 'in_state'), ('Saint Louis', 'located_in_city')]"
276,5571,4088,5,"[('Arts & Entertainment', 'has_category'), ('GoodForKids=True', 'has_attribute'), ('MO', 'in_state'), ('Saint Louis', 'located_in_city'), ('Tours', 'has_category')]"
276,5605,1442,3,"[('ByAppointmentOnly=False', 'has_attribute'), ('LA', 'in_state'), ('open', 'status')]"
276,5605,4326,4,"[('BusinessAcceptsCreditCards=True', 'has_attribute'), ('Caterers', 'has_category'), ('Event Planning & Services', 'has_category'), ('open', 'status')]"
276,5605,3143,10,"[('Active Life', 'has_category'), ('Arts & Entertainment', 'has_category'), ('BikeParking=True', 'has_attribute'), ('BusinessAcceptsCreditCards=True', 'has_attribute'), ('ByAppointmentOnly=False', 'has_attribute'), ('Event Planning & Services', 'has_category'), ('GoodForKids=True', 'has_attribute'), ('Tours', 'has_category'), ('Zoos', 'has_category'), ('open', 'status')]"
276,5605,104,9,"[('3.5 stars', 'has_rating'), ('BikeParking=True', 'has_attribute'), ('BusinessAcceptsCreditCards=True', 'has_attribute'), ('ByAppointmentOnly=False', 'has_attribute'), ('GoodForKids=True', 'has_attribute'), ('LA', 'in_state'), ('New Orleans', 'located_in_city'), ('Tours', 'has_category'), ('open', 'status')]"
276,5605,1356,5,"[('Arts & Entertainment', 'has_category'), ('ByAppointmentOnly=False', 'has_attribute'), ('GoodForKids=True', 'has_attribute'), ('Tours', 'has_category'), ('open', 'status')]"
276,5605,3438,4,"[('BusinessAcceptsCreditCards=True', 'has_attribute'), ('Caterers', 'has_category'), ('Event Planning & Services', 'has_category'), ('open', 'status')]"
276,5605,558,2,"[('BusinessAcceptsCreditCards=True', 'has_attribute'), ('Event Planning & Services', 'has_category')]"
276,5605,5360,7,"[('Arts & Entertainment', 'has_category'), ('BikeParking=True', 'has_attribute'), ('BusinessAcceptsCreditCards=True', 'has_attribute'), ('Event Planning & Services', 'has_category'), ('GoodForKids=True', 'has_attribute'), ('Tours', 'has_category'), ('open', 'status')]"
276,5605,592,3,"[('BusinessAcceptsCreditCards=True', 'has_attribute'), ('Event Planning & Services', 'has_category'), ('open', 'status')]"
276,5605,4656,3,"[('BusinessAcceptsCreditCards=True', 'has_attribute'), ('Event Planning & Services', 'has_category'), ('GoodForKids=True', 'has_attribute')]"
276,5605,880,2,"[('ByAppointmentOnly=False', 'has_attribute'), ('open', 'status')]"
276,5605,4088,6,"[('Active Life', 'has_category'), ('Arts & Entertainment', 'has_category'), ('ByAppointmentOnly=False', 'has_attribute'), ('GoodForKids=True', 'has_attribute'), ('Tours', 'has_category'), ('open', 'status')]"
276,566,1442,3,"[('RestaurantsPriceRange2=2', 'has_attribute'), ('WiFi=free', 'has_attribute'), ('open', 'status')]"
276,566,4326,5,"[('BusinessAcceptsCreditCards=True', 'has_attribute'), ('DogsAllowed=True', 'has_attribute'), ('Event Planning & Services', 'has_category'), ('WiFi=free', 'has_attribute'), ('open', 'status')]"
276,566,3143,5,"[('BusinessAcceptsCreditCards=True', 'has_attribute'), ('Event Planning & Services', 'has_category'), ('MO', 'in_state'), ('WiFi=free', 'has_attribute'), ('open', 'status')]"
276,566,104,4,"[('BusinessAcceptsCreditCards=True', 'has_attribute'), ('DogsAllowed=True', 'has_attribute'), ('RestaurantsPriceRange2=2', 'has_attribute'), ('open', 'status')]"
276,566,1356,2,"[('MO', 'in_state'), ('open', 'status')]"
276,566,3438,7,"[('BusinessAcceptsCreditCards=True', 'has_attribute'), ('DogsAllowed=True', 'has_attribute'), ('Event Planning & Services', 'has_category'), ('MO', 'in_state'), ('RestaurantsPriceRange2=2', 'has_attribute'), ('Saint Louis', 'located_in_city'), ('open', 'status')]"
276,566,558,5,"[('BusinessAcceptsCreditCards=True', 'has_attribute'), ('Event Planning & Services', 'has_category'), ('MO', 'in_state'), ('RestaurantsPriceRange2=2', 'has_attribute'), ('Saint Louis', 'located_in_city')]"
276,566,5360,6,"[('BusinessAcceptsCreditCards=True', 'has_attribute'), ('Event Planning & Services', 'has_category'), ('MO', 'in_state'), ('RestaurantsPriceRange2=2', 'has_attribute'), ('Saint Louis', 'located_in_city'), ('open', 'status')]"
276,566,592,6,"[('BusinessAcceptsCreditCards=True', 'has_attribute'), ('Event Planning & Services', 'has_category'), ('MO', 'in_state'), ('RestaurantsPriceRange2=2', 'has_attribute'), ('WiFi=free', 'has_attribute'), ('open', 'status')]"
276,566,4656,6,"[('BusinessAcceptsCreditCards=True', 'has_attribute'), ('DogsAllowed=True', 'has_attribute'), ('Event Planning & Services', 'has_category'), ('MO', 'in_state'), ('RestaurantsPriceRange2=2', 'has_attribute'), ('Saint Louis', 'located_in_city')]"
276,566,880,4,"[('MO', 'in_state'), ('Saint Louis', 'located_in_city'), ('WiFi=free', 'has_attribute'), ('open', 'status')]"
276,566,4088,4,"[('4.0 stars', 'has_rating'), ('MO', 'in_state'), ('Saint Louis', 'located_in_city'), ('open', 'status')]"
276,5746,1442,3,"[('ByAppointmentOnly=False', 'has_attribute'), ('LA', 'in_state'), ('open', 'status')]"
276,5746,4326,7,"[('BusinessAcceptsCreditCards=True', 'has_attribute'), ('Caterers', 'has_category'), ('DogsAllowed=True', 'has_attribute'), ('Event Planning & Services', 'has_category'), ('RestaurantsPriceRange2=3', 'has_attribute'), ('WheelchairAccessible=True', 'has_attribute'), ('open', 'status')]"
276,5746,3143,5,"[('BikeParking=True', 'has_attribute'), ('BusinessAcceptsCreditCards=True', 'has_attribute'), ('ByAppointmentOnly=False', 'has_attribute'), ('Event Planning & Services', 'has_category'), ('open', 'status')]"
276,5746,104,11,"[('3.5 stars', 'has_rating'), ('BikeParking=True', 'has_attribute'), ('BusinessAcceptsCreditCards=True', 'has_attribute'), ('ByAppointmentOnly=False', 'has_attribute'), ('DogsAllowed=True', 'has_attribute'), ('Fashion', 'has_category'), ('LA', 'in_state'), ('New Orleans', 'located_in_city'), ('Shopping', 'has_category'), ('Shopping Centers', 'has_category'), ('open', 'status')]"
276,5746,1356,2,"[('ByAppointmentOnly=False', 'has_attribute'), ('open', 'status')]"
276,5746,3438,5,"[('BusinessAcceptsCreditCards=True', 'has_attribute'), ('Caterers', 'has_category'), ('DogsAllowed=True', 'has_attribute'), ('Event Planning & Services', 'has_category'), ('open', 'status')]"
276,5746,558,2,"[('BusinessAcceptsCreditCards=True', 'has_attribute'), ('Event Planning & Services', 'has_category')]"
276,5746,5360,5,"[('BikeParking=True', 'has_attribute'), ('BusinessAcceptsCreditCards=True', 'has_attribute'), ('Event Planning & Services', 'has_category'), ('WiFi=no', 'has_attribute'), ('open', 'status')]"
276,5746,592,3,"[('BusinessAcceptsCreditCards=True', 'has_attribute'), ('Event Planning & Services', 'has_category'), ('open', 'status')]"
276,5746,4656,3,"[('BusinessAcceptsCreditCards=True', 'has_attribute'), ('DogsAllowed=True', 'has_attribute'), ('Event Planning & Services', 'has_category')]"
276,5746,880,2,"[('ByAppointmentOnly=False', 'has_attribute'), ('open', 'status')]"
276,5746,4088,2,"[('ByAppointmentOnly=False', 'has_attribute'), ('open', 'status')]"
276,581,1442,3,"[('ByAppointmentOnly=False', 'has_attribute'), ('WiFi=free', 'has_attribute'), ('open', 'status')]"
276,581,4326,4,"[('BusinessAcceptsCreditCards=True', 'has_attribute'), ('WheelchairAccessible=True', 'has_attribute'), ('WiFi=free', 'has_attribute'), ('open', 'status')]"
276,581,3143,9,"[('4.5 stars', 'has_rating'), ('Arts & Entertainment', 'has_category'), ('BikeParking=True', 'has_attribute'), ('BusinessAcceptsCreditCards=True', 'has_attribute'), ('ByAppointmentOnly=False', 'has_attribute'), ('MO', 'in_state'), ('Tours', 'has_category'), ('WiFi=free', 'has_attribute'), ('open', 'status')]"
276,581,104,6,"[('BikeParking=True', 'has_attribute'), ('BusinessAcceptsCreditCards=True', 'has_attribute'), ('ByAppointmentOnly=False', 'has_attribute'), ('Shopping', 'has_category'), ('Tours', 'has_category'), ('open', 'status')]"
276,581,1356,7,"[('4.5 stars', 'has_rating'), ('Arts & Entertainment', 'has_category'), ('ByAppointmentOnly=False', 'has_attribute'), ('MO', 'in_state'), ('Museums', 'has_category'), ('Tours', 'has_category'), ('open', 'status')]"
276,581,3438,4,"[('BusinessAcceptsCreditCards=True', 'has_attribute'), ('MO', 'in_state'), ('Saint Louis', 'located_in_city'), ('open', 'status')]"
276,581,558,3,"[('BusinessAcceptsCreditCards=True', 'has_attribute'), ('MO', 'in_state'), ('Saint Louis', 'located_in_city')]"
276,581,5360,8,"[('4.5 stars', 'has_rating'), ('Arts & Entertainment', 'has_category'), ('BikeParking=True', 'has_attribute'), ('BusinessAcceptsCreditCards=True', 'has_attribute'), ('MO', 'in_state'), ('Saint Louis', 'located_in_city'), ('Tours', 'has_category'), ('open', 'status')]"
276,581,592,4,"[('BusinessAcceptsCreditCards=True', 'has_attribute'), ('MO', 'in_state'), ('WiFi=free', 'has_attribute'), ('open', 'status')]"
276,581,4656,3,"[('BusinessAcceptsCreditCards=True', 'has_attribute'), ('MO', 'in_state'), ('Saint Louis', 'located_in_city')]"
276,581,880,5,"[('ByAppointmentOnly=False', 'has_attribute'), ('MO', 'in_state'), ('Saint Louis', 'located_in_city'), ('WiFi=free', 'has_attribute'), ('open', 'status')]"
276,581,4088,7,"[('Arts & Entertainment', 'has_category'), ('ByAppointmentOnly=False', 'has_attribute'), ('MO', 'in_state'), ('Museums', 'has_category'), ('Saint Louis', 'located_in_city'), ('Tours', 'has_category'), ('open', 'status')]"
276,686,1442,2,"[('WiFi=free', 'has_attribute'), ('open', 'status')]"
276,686,4326,5,"[('BusinessAcceptsCreditCards=True', 'has_attribute'), ('Event Planning & Services', 'has_category'), ('Venues & Event Spaces', 'has_category'), ('WiFi=free', 'has_attribute'), ('open', 'status')]"
276,686,3143,8,"[('4.5 stars', 'has_rating'), ('BusinessAcceptsCreditCards=True', 'has_attribute'), ('DogsAllowed=False', 'has_attribute'), ('Event Planning & Services', 'has_category'), ('MO', 'in_state'), ('Venues & Event Spaces', 'has_category'), ('WiFi=free', 'has_attribute'), ('open', 'status')]"
276,686,104,2,"[('BusinessAcceptsCreditCards=True', 'has_attribute'), ('open', 'status')]"
276,686,1356,4,"[('4.5 stars', 'has_rating'), ('DogsAllowed=False', 'has_attribute'), ('MO', 'in_state'), ('open', 'status')]"
276,686,3438,6,"[('BusinessAcceptsCreditCards=True', 'has_attribute'), ('Event Planning & Services', 'has_category'), ('MO', 'in_state'), ('Saint Louis', 'located_in_city'), ('Venues & Event Spaces', 'has_category'), ('open', 'status')]"
276,686,5360,8,"[('4.5 stars', 'has_rating'), ('BusinessAcceptsCreditCards=True', 'has_attribute'), ('DogsAllowed=False', 'has_attribute'), ('Event Planning & Services', 'has_category'), ('MO', 'in_state'), ('Saint Louis', 'located_in_city'), ('Venues & Event Spaces', 'has_category'), ('open', 'status')]"
276,686,592,5,"[('BusinessAcceptsCreditCards=True', 'has_attribute'), ('Event Planning & Services', 'has_category'), ('MO', 'in_state'), ('WiFi=free', 'has_attribute'), ('open', 'status')]"
276,686,558,4,"[('BusinessAcceptsCreditCards=True', 'has_attribute'), ('Event Planning & Services', 'has_category'), ('MO', 'in_state'), ('Saint Louis', 'located_in_city')]"
276,686,4656,4,"[('BusinessAcceptsCreditCards=True', 'has_attribute'), ('Event Planning & Services', 'has_category'), ('MO', 'in_state'), ('Saint Louis', 'located_in_city')]"
276,686,880,4,"[('MO', 'in_state'), ('Saint Louis', 'located_in_city'), ('WiFi=free', 'has_attribute'), ('open', 'status')]"
276,686,4088,4,"[('63102', 'has_postal_code'), ('MO', 'in_state'), ('Saint Louis', 'located_in_city'), ('open', 'status')]"
276,725,1442,3,"[('3.0 stars', 'has_rating'), ('WiFi=free', 'has_attribute'), ('open', 'status')]"
276,725,4326,8,"[('3.0 stars', 'has_rating'), ('BusinessAcceptsCreditCards=True', 'has_attribute'), ('Event Planning & Services', 'has_category'), ('RestaurantsPriceRange2=3', 'has_attribute'), ('Venues & Event Spaces', 'has_category'), ('WheelchairAccessible=True', 'has_attribute'), ('WiFi=free', 'has_attribute'), ('open', 'status')]"
276,725,3143,8,"[('Arts & Entertainment', 'has_category'), ('BusinessAcceptsCreditCards=True', 'has_attribute'), ('Event Planning & Services', 'has_category'), ('GoodForKids=True', 'has_attribute'), ('MO', 'in_state'), ('Venues & Event Spaces', 'has_category'), ('WiFi=free', 'has_attribute'), ('open', 'status')]"
276,725,104,3,"[('BusinessAcceptsCreditCards=True', 'has_attribute'), ('GoodForKids=True', 'has_attribute'), ('open', 'status')]"
276,725,1356,5,"[('Arts & Entertainment', 'has_category'), ('GoodForKids=True', 'has_attribute'), ('MO', 'in_state'), ('St. Louis', 'located_in_city'), ('open', 'status')]"
276,725,3438,6,"[('3.0 stars', 'has_rating'), ('BusinessAcceptsCreditCards=True', 'has_attribute'), ('Event Planning & Services', 'has_category'), ('MO', 'in_state'), ('Venues & Event Spaces', 'has_category'), ('open', 'status')]"
276,725,558,3,"[('BusinessAcceptsCreditCards=True', 'has_attribute'), ('Event Planning & Services', 'has_category'), ('MO', 'in_state')]"
276,725,5360,7,"[('Arts & Entertainment', 'has_category'), ('BusinessAcceptsCreditCards=True', 'has_attribute'), ('Event Planning & Services', 'has_category'), ('GoodForKids=True', 'has_attribute'), ('MO', 'in_state'), ('Venues & Event Spaces', 'has_category'), ('open', 'status')]"
276,725,592,5,"[('BusinessAcceptsCreditCards=True', 'has_attribute'), ('Event Planning & Services', 'has_category'), ('MO', 'in_state'), ('WiFi=free', 'has_attribute'), ('open', 'status')]"
276,725,4656,4,"[('BusinessAcceptsCreditCards=True', 'has_attribute'), ('Event Planning & Services', 'has_category'), ('GoodForKids=True', 'has_attribute'), ('MO', 'in_state')]"
276,725,880,4,"[('3.0 stars', 'has_rating'), ('MO', 'in_state'), ('WiFi=free', 'has_attribute'), ('open', 'status')]"
276,725,4088,4,"[('Arts & Entertainment', 'has_category'), ('GoodForKids=True', 'has_attribute'), ('MO', 'in_state'), ('open', 'status')]"
276,774,1442,3,"[('ByAppointmentOnly=False', 'has_attribute'), ('LA', 'in_state'), ('open', 'status')]"
276,774,4326,1,"[('open', 'status')]"
276,774,104,6,"[('ByAppointmentOnly=False', 'has_attribute'), ('GoodForKids=True', 'has_attribute'), ('LA', 'in_state'), ('New Orleans', 'located_in_city'), ('Tours', 'has_category'), ('open', 'status')]"
276,774,3143,7,"[('4.5 stars', 'has_rating'), ('Arts & Entertainment', 'has_category'), ('ByAppointmentOnly=False', 'has_attribute'), ('DogsAllowed=False', 'has_attribute'), ('GoodForKids=True', 'has_attribute'), ('Tours', 'has_category'), ('open', 'status')]"
276,774,1356,8,"[('4.5 stars', 'has_rating'), ('Arts & Entertainment', 'has_category'), ('ByAppointmentOnly=False', 'has_attribute'), ('DogsAllowed=False', 'has_attribute'), ('GoodForKids=True', 'has_attribute'), ('Museums', 'has_category'), ('Tours', 'has_category'), ('open', 'status')]"
276,774,3438,1,"[('open', 'status')]"
276,774,558,0,[]
276,774,5360,6,"[('4.5 stars', 'has_rating'), ('Arts & Entertainment', 'has_category'), ('DogsAllowed=False', 'has_attribute'), ('GoodForKids=True', 'has_attribute'), ('Tours', 'has_category'), ('open', 'status')]"
276,774,592,1,"[('open', 'status')]"
276,774,4656,2,"[('GoodForKids=True', 'has_attribute'), ('RestaurantsAttire=casual', 'has_attribute')]"
276,774,880,2,"[('ByAppointmentOnly=False', 'has_attribute'), ('open', 'status')]"
276,774,4088,8,"[('Arts & Entertainment', 'has_category'), ('ByAppointmentOnly=False', 'has_attribute'), ('GoodForKids=True', 'has_attribute'), ('Landmarks & Historical Buildings', 'has_category'), ('Museums', 'has_category'), ('Public Services & Government', 'has_category'), ('Tours', 'has_category'), ('open', 'status')]"
276,9,1442,1,"[('open', 'status')]"
276,9,4326,1,"[('open', 'status')]"
276,9,3143,5,"[('4.5 stars', 'has_rating'), ('GoodForKids=True', 'has_attribute'), ('MO', 'in_state'), ('Tours', 'has_category'), ('open', 'status')]"
276,9,104,3,"[('GoodForKids=True', 'has_attribute'), ('Tours', 'has_category'), ('open', 'status')]"
276,9,1356,5,"[('4.5 stars', 'has_rating'), ('GoodForKids=True', 'has_attribute'), ('MO', 'in_state'), ('Tours', 'has_category'), ('open', 'status')]"
276,9,3438,3,"[('MO', 'in_state'), ('Saint Louis', 'located_in_city'), ('open', 'status')]"
276,9,558,2,"[('MO', 'in_state'), ('Saint Louis', 'located_in_city')]"
276,9,5360,6,"[('4.5 stars', 'has_rating'), ('GoodForKids=True', 'has_attribute'), ('MO', 'in_state'), ('Saint Louis', 'located_in_city'), ('Tours', 'has_category'), ('open', 'status')]"
276,9,592,2,"[('MO', 'in_state'), ('open', 'status')]"
276,9,4656,3,"[('GoodForKids=True', 'has_attribute'), ('MO', 'in_state'), ('Saint Louis', 'located_in_city')]"
276,9,880,3,"[('MO', 'in_state'), ('Saint Louis', 'located_in_city'), ('open', 'status')]"
276,9,4088,8,"[('63102', 'has_postal_code'), ('GoodForKids=True', 'has_attribute'), ('Landmarks & Historical Buildings', 'has_category'), ('MO', 'in_state'), ('Public Services & Government', 'has_category'), ('Saint Louis', 'located_in_city'), ('Tours', 'has_category'), ('open', 'status')]"
276,904,1442,2,"[('ByAppointmentOnly=False', 'has_attribute'), ('open', 'status')]"
276,904,4326,5,"[('BusinessAcceptsCreditCards=True', 'has_attribute'), ('Event Planning & Services', 'has_category'), ('Venues & Event Spaces', 'has_category'), ('WheelchairAccessible=True', 'has_attribute'), ('open', 'status')]"
276,904,3143,13,"[('4.5 stars', 'has_rating'), ('Active Life', 'has_category'), ('Arts & Entertainment', 'has_category'), ('BusinessAcceptsCreditCards=True', 'has_attribute'), ('BusinessParking={garage: False, street: True, validated: False, lot: True, valet: False}', 'has_attribute'), ('ByAppointmentOnly=False', 'has_attribute'), ('DogsAllowed=False', 'has_attribute'), ('Event Planning & Services', 'has_category'), ('GoodForKids=True', 'has_attribute'), ('MO', 'in_state'), ('Tours', 'has_category'), ('Venues & Event Spaces', 'has_category'), ('open', 'status')]"
276,904,104,6,"[('BusinessAcceptsCreditCards=True', 'has_attribute'), ('BusinessParking={garage: False, street: True, validated: False, lot: True, valet: False}', 'has_attribute'), ('ByAppointmentOnly=False', 'has_attribute'), ('GoodForKids=True', 'has_attribute'), ('Tours', 'has_category'), ('open', 'status')]"
276,904,1356,9,"[('4.5 stars', 'has_rating'), ('Arts & Entertainment', 'has_category'), ('ByAppointmentOnly=False', 'has_attribute'), ('DogsAllowed=False', 'has_attribute'), ('GoodForKids=True', 'has_attribute'), ('MO', 'in_state'), ('Museums', 'has_category'), ('Tours', 'has_category'), ('open', 'status')]"
276,904,3438,6,"[('BusinessAcceptsCreditCards=True', 'has_attribute'), ('Event Planning & Services', 'has_category'), ('MO', 'in_state'), ('Saint Louis', 'located_in_city'), ('Venues & Event Spaces', 'has_category'), ('open', 'status')]"
276,904,558,5,"[('63103', 'has_postal_code'), ('BusinessAcceptsCreditCards=True', 'has_attribute'), ('Event Planning & Services', 'has_category'), ('MO', 'in_state'), ('Saint Louis', 'located_in_city')]"
276,904,5360,13,"[('4.5 stars', 'has_rating'), ('63103', 'has_postal_code'), ('Arts & Entertainment', 'has_category'), ('BusinessAcceptsCreditCards=True', 'has_attribute'), ('DogsAllowed=False', 'has_attribute'), ('Event Planning & Services', 'has_category'), ('GoodForKids=True', 'has_attribute'), ('MO', 'in_state'), ('Saint Louis', 'located_in_city'), ('Tours', 'has_category'), ('Venues & Event Spaces', 'has_category'), ('WiFi=no', 'has_attribute'), ('open', 'status')]"
276,904,592,4,"[('BusinessAcceptsCreditCards=True', 'has_attribute'), ('Event Planning & Services', 'has_category'), ('MO', 'in_state'), ('open', 'status')]"
276,904,4656,6,"[('BusinessAcceptsCreditCards=True', 'has_attribute'), ('Event Planning & Services', 'has_category'), ('GoodForKids=True', 'has_attribute'), ('MO', 'in_state'), ('RestaurantsAttire=casual', 'has_attribute'), ('Saint Louis', 'located_in_city')]"
276,904,880,4,"[('ByAppointmentOnly=False', 'has_attribute'), ('MO', 'in_state'), ('Saint Louis', 'located_in_city'), ('open', 'status')]"
276,904,4088,9,"[('Active Life', 'has_category'), ('Arts & Entertainment', 'has_category'), ('ByAppointmentOnly=False', 'has_attribute'), ('GoodForKids=True', 'has_attribute'), ('MO', 'in_state'), ('Museums', 'has_category'), ('Saint Louis', 'located_in_city'), ('Tours', 'has_category'), ('open', 'status')]"
